[DC-DB-INIT] Database module loading...
[DC-DB-INIT] DATABASE_URL found: postgresql://postgres:***@myntreal-database.c5gywaicq6zu.ap-south-2.rds.amazonaws.com:5432/postgres
[DC-DB-INIT] Using config DATABASE_URL: postgresql://postgres:***@myntreal-database.c5gywaicq6zu.ap-south-2.rds.amazonaws.com:5432/postgres
[DC-DB-INIT] Creating PostgreSQL engine (Bounded Pool mode - Max 12 conns/worker)...
[DC-DB-INIT] Engine created successfully
C:\Users\Lenovo\AppData\Local\Programs\Python\Python313\Lib\site-packages\requests\__init__.py:113: RequestsDependencyWarning: urllib3 (2.6.2) or chardet (7.5.1)/charset_normalizer (3.4.3) doesn't match a supported version!
  warnings.warn(
[DC-STATIC] ✅ Public assets mounted: /public -> C:\Users\Lenovo\Desktop\SAAS\MyntReal_Latest\frontend\public
[DC-STATIC] ✅ Marketplace images mounted: /marketplace/product-images -> C:\Users\Lenovo\Desktop\SAAS\MyntReal_Latest\frontend\public\marketplace\product-images
[DC-STATIC] ✅ Mobile Web SPA mounted: /mobile -> C:\Users\Lenovo\Desktop\SAAS\MyntReal_Latest\frontend\public\mobile
[DC-STATIC] ✅ Mobile Assets mounted: /assets -> C:\Users\Lenovo\Desktop\SAAS\MyntReal_Latest\frontend\public\mobile\assets
INFO:     Started server process [7820]
INFO:     Waiting for application startup.
[DC-STARTUP] Background startup worker started
[DC-STARTUP] ✅ Server ready — background startup in progress
INFO:     Application startup complete.
INFO:     Uvicorn running on http://0.0.0.0:8000 (Press CTRL+C to quit)
WARNING:app.api.v1.endpoints.staff_ai_calling:[AI-CALLING] Failed to initialize Gemini Client: cannot import name 'genai' from 'google' (unknown location)
[DC-STARTUP] ✅ DB connected (attempt 1)
[DC-STARTUP] ✅ APScheduler background service initialized
[DC-STARTUP] ⏩ Runtime startup complete: Database connectivity ready. Schema mutations strictly decoupled to migration runner.
WARNING:app.api.v1.endpoints.staff_ai_calling:[AI-CALLING] Gemini TTS generation error on project Default Project: Unknown error: No module named 'google.genai'
WARNING:app.api.v1.endpoints.staff_ai_calling:[AI-CALLING] Failed to initialize Gemini Client: cannot import name 'genai' from 'google' (unknown location)
WARNING:app.api.v1.endpoints.staff_ai_calling:[AI-CALLING] Gemini TTS generation error on project Default Project: Unknown error: No module named 'google.genai'
WARNING:app.api.v1.endpoints.staff_ai_calling:[AI-CALLING] Failed to initialize Gemini Client: cannot import name 'genai' from 'google' (unknown location)
WARNING:app.api.v1.endpoints.staff_ai_calling:[AI-CALLING] Gemini TTS generation error on project Default Project: Unknown error: No module named 'google.genai'
WARNING:app.api.v1.endpoints.staff_ai_calling:[AI-CALLING] Failed to initialize Gemini Client: cannot import name 'genai' from 'google' (unknown location)
WARNING:app.api.v1.endpoints.staff_ai_calling:[AI-CALLING] Gemini TTS generation error on project Default Project: Unknown error: No module named 'google.genai'
WARNING:app.api.v1.endpoints.staff_ai_calling:[AI-CALLING] Failed to initialize Gemini Client: cannot import name 'genai' from 'google' (unknown location)
WARNING:app.api.v1.endpoints.staff_ai_calling:[AI-CALLING] Gemini TTS generation error on project Default Project: Unknown error: No module named 'google.genai'
WARNING:app.api.v1.endpoints.staff_ai_calling:[AI-CALLING] Failed to initialize Gemini Client: cannot import name 'genai' from 'google' (unknown location)
WARNING:app.api.v1.endpoints.staff_ai_calling:[AI-CALLING] Gemini TTS generation error on project Default Project: Unknown error: No module named 'google.genai'
INFO:     127.0.0.1:55896 - "GET /api/v1/tenant/ved-members HTTP/1.1" 401 Unauthorized
INFO:     127.0.0.1:55897 - "GET /api/v1/tenant/ved-members/dashboard HTTP/1.1" 401 Unauthorized
WARNING:app.services.facebook_leads_service:Meta Graph API error [VALIDATION] status=400: (#10) User has insufficient privileges on the page.
WARNING:app.services.facebook_leads_service:Meta Graph API error [AUTHENTICATION] status=400: Unsupported get request. Object with ID '1005465332641372' does not exist, cannot be loaded due to missing permissions, or does not support this operation. Please read the Graph API documentation at https://developers.facebook.com/docs/graph-api
WARNING:app.services.facebook_leads_service:Meta Graph API error [AUTHENTICATION] status=400: Unsupported get request. Object with ID '1019684831223211' does not exist, cannot be loaded due to missing permissions, or does not support this operation. Please read the Graph API documentation at https://developers.facebook.com/docs/graph-api
WARNING:app.services.facebook_leads_service:Error checking lead existence for 2310513233122266: (psycopg2.OperationalError) SSL connection has been closed unexpectedly

[SQL: SELECT meta_leads_attribution.id AS meta_leads_attribution_id 
FROM meta_leads_attribution 
WHERE meta_leads_attribution.meta_lead_id IN (%(meta_lead_id_1_1)s, %(meta_lead_id_1_2)s, %(meta_lead_id_1_3)s) 
 LIMIT %(param_1)s]
[parameters: {'param_1': 1, 'meta_lead_id_1_1': '2310513233122266', 'meta_lead_id_1_2': 'l:2310513233122266', 'meta_lead_id_1_3': '2310513233122266'}]
(Background on this error at: https://sqlalche.me/e/20/e3q8)
WARNING:app.services.facebook_leads_service:Error checking lead existence for 3137038916500345: (psycopg2.OperationalError) SSL connection has been closed unexpectedly

[SQL: SELECT meta_leads_attribution.id AS meta_leads_attribution_id 
FROM meta_leads_attribution 
WHERE meta_leads_attribution.meta_lead_id IN (%(meta_lead_id_1_1)s, %(meta_lead_id_1_2)s, %(meta_lead_id_1_3)s) 
 LIMIT %(param_1)s]
[parameters: {'param_1': 1, 'meta_lead_id_1_1': '3137038916500345', 'meta_lead_id_1_2': 'l:3137038916500345', 'meta_lead_id_1_3': '3137038916500345'}]
(Background on this error at: https://sqlalche.me/e/20/e3q8)
WARNING:app.services.facebook_leads_service:Error checking lead existence for 1803537774118484: (psycopg2.OperationalError) SSL connection has been closed unexpectedly

[SQL: SELECT meta_leads_attribution.id AS meta_leads_attribution_id 
FROM meta_leads_attribution 
WHERE meta_leads_attribution.meta_lead_id IN (%(meta_lead_id_1_1)s, %(meta_lead_id_1_2)s, %(meta_lead_id_1_3)s) 
 LIMIT %(param_1)s]
[parameters: {'param_1': 1, 'meta_lead_id_1_1': '1803537774118484', 'meta_lead_id_1_2': 'l:1803537774118484', 'meta_lead_id_1_3': '1803537774118484'}]
(Background on this error at: https://sqlalche.me/e/20/e3q8)
WARNING:app.services.facebook_leads_service:Error checking lead existence for 1803537774118484: (psycopg2.OperationalError) connection to server at "myntreal-database.c5gywaicq6zu.ap-south-2.rds.amazonaws.com" (16.112.74.247), port 5432 failed: timeout expired

(Background on this error at: https://sqlalche.me/e/20/e3q8)
ERROR:app.core.scheduler_retry_dispatcher:[RETRY-DISPATCHER] Fatal error in retry dispatcher: (psycopg2.OperationalError) connection to server at "myntreal-database.c5gywaicq6zu.ap-south-2.rds.amazonaws.com" (16.112.74.247), port 5432 failed: timeout expired

(Background on this error at: https://sqlalche.me/e/20/e3q8)
WARNING:app.services.facebook_leads_service:Error querying meta_form_mappings for form 940528145175748: (psycopg2.OperationalError) connection to server at "myntreal-database.c5gywaicq6zu.ap-south-2.rds.amazonaws.com" (16.112.74.247), port 5432 failed: timeout expired

(Background on this error at: https://sqlalche.me/e/20/e3q8)
ERROR:app.services.facebook_leads_service:[DB-INTEGRITY-ERROR] Integrity error ingesting lead 1803537774118484: (psycopg2.errors.UniqueViolation) duplicate key value violates unique constraint "ux_crm_leads_phone"
DETAIL:  Key (phone)=(+919000609354) already exists.

[SQL: INSERT INTO crm_leads (tenant_id, company_id, name, gender, email, phone, phone_primary_whatsapp, alternate_phone, phone_secondary_whatsapp, category_id, source, source_details, status, priority, handler_type, handler_id, description, requirements, looking_for, recent_comments, budget_min, budget_max, address, area, city, state, pincode, expected_close_date, actual_close_date, deal_value, deal_value_total, deal_value_excl_tax, deal_tax_rate, deal_value_received, deal_value_balance, points_evaluated_dvr, confirmed_final_value, solar_value, lost_reason, tags, last_contact_date, next_followup_date, depends_on_staff_id, telecaller_id, field_staff_id, associated_partner_id, direct_team_lead_points_awarded, direct_team_lead_points_awarded_at, direct_team_lead_sponsor_id, vendor_id, mnr_handler_id, is_vgk_program, vgk_field_support_id, solar_brand_id, community_id, aadhaar_number, pan_number, electricity_bill_number, google_maps_link, bank_account_number, ifsc_code, subsidy_status, application_no, accepted_date, loan_bank, bank_branch, documents_folder_link, material_reach_date, installation_date, existing_association, bank_entry_updated, bank_statement_available, regular_income_available, monthly_income, co_applicant_name, co_applicant_phone, co_applicant_aadhaar, co_applicant_pan, co_applicant_bank_account, co_applicant_ifsc, solar_pipeline_status, solar_pipeline_status_updated_at, submit_date, complete_date, first_dvr_confirmed_at, first_payment_received_date, remaining_stage1_advance, remaining_stage1_advance_l1, remaining_stage1_advance_l2, cibil_confirmed, cibil_score, cibil_score_updated_at, ev_b2b_stage, kw_size, discom, sc_number, consumer_no, sanction_date, mnre_app_ref, discom_reg_no, latitude, longitude, grid_phase, investment_capacity, planning_to_start, full_time_business, guru_id, z_guru_id, adi_guru_id, core_id, guru_name, z_guru_name, core_name, team_senior_partner_id, team_extended_partner_id, team_core_partner_id, source_ref_type, source_ref_id, source_ref_name, field_support_ref_type, field_support_ref_id, field_support_ref_name, technical_id, support_staff_id, technical_staff1_id, guru_supported, z_guru_supported, adi_guru_supported, core_supported, telecaller_supported, showroom_supported, technical_supported, field_support_supported, support_staff_supported, technical_staff1_supported, showroom_vgk_id, primary_owner_type, primary_owner_id, property_id, lost_at, created_at, updated_at, created_by_type, created_by_id) VALUES (%(tenant_id)s, %(company_id)s, %(name)s, %(gender)s, %(email)s, %(phone)s, %(phone_primary_whatsapp)s, %(alternate_phone)s, %(phone_secondary_whatsapp)s, %(category_id)s, %(source)s, %(source_details)s, %(status)s, %(priority)s, %(handler_type)s, %(handler_id)s, %(description)s, %(requirements)s, %(looking_for)s, %(recent_comments)s, %(budget_min)s, %(budget_max)s, %(address)s, %(area)s, %(city)s, %(state)s, %(pincode)s, %(expected_close_date)s, %(actual_close_date)s, %(deal_value)s, %(deal_value_total)s, %(deal_value_excl_tax)s, %(deal_tax_rate)s, %(deal_value_received)s, %(deal_value_balance)s, %(points_evaluated_dvr)s, %(confirmed_final_value)s, %(solar_value)s, %(lost_reason)s, %(tags)s, %(last_contact_date)s, %(next_followup_date)s, %(depends_on_staff_id)s, %(telecaller_id)s, %(field_staff_id)s, %(associated_partner_id)s, %(direct_team_lead_points_awarded)s, %(direct_team_lead_points_awarded_at)s, %(direct_team_lead_sponsor_id)s, %(vendor_id)s, %(mnr_handler_id)s, %(is_vgk_program)s, %(vgk_field_support_id)s, %(solar_brand_id)s, %(community_id)s, %(aadhaar_number)s, %(pan_number)s, %(electricity_bill_number)s, %(google_maps_link)s, %(bank_account_number)s, %(ifsc_code)s, %(subsidy_status)s, %(application_no)s, %(accepted_date)s, %(loan_bank)s, %(bank_branch)s, %(documents_folder_link)s, %(material_reach_date)s, %(installation_date)s, %(existing_association)s, %(bank_entry_updated)s, %(bank_statement_available)s, %(regular_income_available)s, %(monthly_income)s, %(co_applicant_name)s, %(co_applicant_phone)s, %(co_applicant_aadhaar)s, %(co_applicant_pan)s, %(co_applicant_bank_account)s, %(co_applicant_ifsc)s, %(solar_pipeline_status)s, %(solar_pipeline_status_updated_at)s, %(submit_date)s, %(complete_date)s, %(first_dvr_confirmed_at)s, %(first_payment_received_date)s, %(remaining_stage1_advance)s, %(remaining_stage1_advance_l1)s, %(remaining_stage1_advance_l2)s, %(cibil_confirmed)s, %(cibil_score)s, %(cibil_score_updated_at)s, %(ev_b2b_stage)s, %(kw_size)s, %(discom)s, %(sc_number)s, %(consumer_no)s, %(sanction_date)s, %(mnre_app_ref)s, %(discom_reg_no)s, %(latitude)s, %(longitude)s, %(grid_phase)s, %(investment_capacity)s, %(planning_to_start)s, %(full_time_business)s, %(guru_id)s, %(z_guru_id)s, %(adi_guru_id)s, %(core_id)s, %(guru_name)s, %(z_guru_name)s, %(core_name)s, %(team_senior_partner_id)s, %(team_extended_partner_id)s, %(team_core_partner_id)s, %(source_ref_type)s, %(source_ref_id)s, %(source_ref_name)s, %(field_support_ref_type)s, %(field_support_ref_id)s, %(field_support_ref_name)s, %(technical_id)s, %(support_staff_id)s, %(technical_staff1_id)s, %(guru_supported)s, %(z_guru_supported)s, %(adi_guru_supported)s, %(core_supported)s, %(telecaller_supported)s, %(showroom_supported)s, %(technical_supported)s, %(field_support_supported)s, %(support_staff_supported)s, %(technical_staff1_supported)s, %(showroom_vgk_id)s, %(primary_owner_type)s, %(primary_owner_id)s, %(property_id)s, %(lost_at)s, %(created_at)s, %(updated_at)s, %(created_by_type)s, %(created_by_id)s) RETURNING crm_leads.id]
[parameters: {'tenant_id': 1, 'company_id': 1, 'name': 'JOSYULA  ANANTHA LAXMI', 'gender': None, 'email': 'viswanadhamjosyula@gmail.com', 'phone': '+919000609354', 'phone_primary_whatsapp': False, 'alternate_phone': None, 'phone_secondary_whatsapp': False, 'category_id': None, 'source': 'Online - M', 'source_details': '{"lead_id": "1803537774118484", "form_id": "940528145175748", "page_id": "894208310452980", "page_name": "Myntreal - Har Ghar Solar", "page_segment": ... (259 characters truncated) ... y": "home", "what_is_your_monthly_electricity_bill?": "below_\\u20b91000", "email": "viswanadhamjosyula@gmail.com", "phone_number_verified": "true"}}', 'status': 'new', 'priority': 'high', 'handler_type': 'unassigned', 'handler_id': None, 'description': 'Facebook Lead — Myntreal - Har Ghar Solar\nMonthly Electricity Bill: below_₹1000\nProperty Type: home', 'requirements': None, 'looking_for': None, 'recent_comments': None, 'budget_min': None, 'budget_max': None, 'address': None, 'area': None, 'city': 'Visakhapatnam', 'state': 'Andhra Pradesh', 'pincode': '531173', 'expected_close_date': None, 'actual_close_date': None, 'deal_value': None, 'deal_value_total': 0, 'deal_value_excl_tax': 0, 'deal_tax_rate': 0, 'deal_value_received': 0, 'deal_value_balance': 0, 'points_evaluated_dvr': 0.0, 'confirmed_final_value': None, 'solar_value': None, 'lost_reason': None, 'tags': 'facebook_lead', 'last_contact_date': None, 'next_followup_date': None, 'depends_on_staff_id': None, 'telecaller_id': None, 'field_staff_id': None, 'associated_partner_id': None, 'direct_team_lead_points_awarded': False, 'direct_team_lead_points_awarded_at': None, 'direct_team_lead_sponsor_id': None, 'vendor_id': None ... 44 parameters truncated ... 'discom': None, 'sc_number': None, 'consumer_no': None, 'sanction_date': None, 'mnre_app_ref': None, 'discom_reg_no': None, 'latitude': None, 'longitude': None, 'grid_phase': None, 'investment_capacity': None, 'planning_to_start': None, 'full_time_business': None, 'guru_id': None, 'z_guru_id': None, 'adi_guru_id': None, 'core_id': None, 'guru_name': None, 'z_guru_name': None, 'core_name': None, 'team_senior_partner_id': None, 'team_extended_partner_id': None, 'team_core_partner_id': None, 'source_ref_type': None, 'source_ref_id': None, 'source_ref_name': None, 'field_support_ref_type': None, 'field_support_ref_id': None, 'field_support_ref_name': None, 'technical_id': None, 'support_staff_id': None, 'technical_staff1_id': None, 'guru_supported': None, 'z_guru_supported': None, 'adi_guru_supported': None, 'core_supported': None, 'telecaller_supported': None, 'showroom_supported': None, 'technical_supported': None, 'field_support_supported': None, 'support_staff_supported': None, 'technical_staff1_supported': None, 'showroom_vgk_id': None, 'primary_owner_type': None, 'primary_owner_id': None, 'property_id': None, 'lost_at': None, 'created_at': datetime.datetime(2026, 9, 17, 20, 41, 2), 'updated_at': datetime.datetime(2026, 9, 17, 20, 41, 2), 'created_by_type': 'system', 'created_by_id': 'facebook_webhook'}]
(Background on this error at: https://sqlalche.me/e/20/gkpj)
WARNING:app.services.facebook_leads_service:Error checking lead existence for 1301689661911488: (psycopg2.OperationalError) SSL connection has been closed unexpectedly

[SQL: SELECT meta_leads_attribution.id AS meta_leads_attribution_id 
FROM meta_leads_attribution 
WHERE meta_leads_attribution.meta_lead_id IN (%(meta_lead_id_1_1)s, %(meta_lead_id_1_2)s, %(meta_lead_id_1_3)s) 
 LIMIT %(param_1)s]
[parameters: {'param_1': 1, 'meta_lead_id_1_1': '1301689661911488', 'meta_lead_id_1_2': 'l:1301689661911488', 'meta_lead_id_1_3': '1301689661911488'}]
(Background on this error at: https://sqlalche.me/e/20/e3q8)
WARNING:app.services.facebook_leads_service:Error checking lead existence for 1301689661911488: (psycopg2.OperationalError) connection to server at "myntreal-database.c5gywaicq6zu.ap-south-2.rds.amazonaws.com" (16.112.74.247), port 5432 failed: timeout expired

(Background on this error at: https://sqlalche.me/e/20/e3q8)
WARNING:app.services.facebook_leads_service:Error querying meta_form_mappings for form 940528145175748: (psycopg2.OperationalError) connection to server at "myntreal-database.c5gywaicq6zu.ap-south-2.rds.amazonaws.com" (16.112.74.247), port 5432 failed: timeout expired

(Background on this error at: https://sqlalche.me/e/20/e3q8)
WARNING:app.services.facebook_leads_service:Error querying facebook_pages for page 894208310452980: (psycopg2.OperationalError) connection to server at "myntreal-database.c5gywaicq6zu.ap-south-2.rds.amazonaws.com" (16.112.74.247), port 5432 failed: timeout expired

(Background on this error at: https://sqlalche.me/e/20/e3q8)
WARNING:app.services.facebook_leads_service:Error checking lead existence for 1016478648102966: (psycopg2.OperationalError) SSL connection has been closed unexpectedly

[SQL: SELECT meta_leads_attribution.id AS meta_leads_attribution_id 
FROM meta_leads_attribution 
WHERE meta_leads_attribution.meta_lead_id IN (%(meta_lead_id_1_1)s, %(meta_lead_id_1_2)s, %(meta_lead_id_1_3)s) 
 LIMIT %(param_1)s]
[parameters: {'param_1': 1, 'meta_lead_id_1_1': '1016478648102966', 'meta_lead_id_1_2': 'l:1016478648102966', 'meta_lead_id_1_3': '1016478648102966'}]
(Background on this error at: https://sqlalche.me/e/20/e3q8)
WARNING:app.services.facebook_leads_service:Error checking lead existence for 1016478648102966: (psycopg2.OperationalError) connection to server at "myntreal-database.c5gywaicq6zu.ap-south-2.rds.amazonaws.com" (16.112.74.247), port 5432 failed: timeout expired

(Background on this error at: https://sqlalche.me/e/20/e3q8)
WARNING:app.services.facebook_leads_service:Error checking lead existence for 1380216640222392: (psycopg2.OperationalError) SSL connection has been closed unexpectedly

[SQL: SELECT id FROM crm_leads WHERE source IN ('Online - M', 'Facebook Lead Ads', 'Social Media') AND (source_details LIKE %(p1)s OR source_details LIKE %(p2)s) LIMIT 1]
[parameters: {'p1': "%'lead_id': '1380216640222392'%", 'p2': "%'lead_id': 'l:1380216640222392'%"}]
(Background on this error at: https://sqlalche.me/e/20/e3q8)
WARNING:app.services.facebook_leads_service:Error checking lead existence for 1380216640222392: (psycopg2.OperationalError) connection to server at "myntreal-database.c5gywaicq6zu.ap-south-2.rds.amazonaws.com" (16.112.74.247), port 5432 failed: timeout expired

(Background on this error at: https://sqlalche.me/e/20/e3q8)
WARNING:app.services.facebook_leads_service:Meta Graph API error [AUTHENTICATION] status=400: Unsupported get request. Object with ID '921784744346805' does not exist, cannot be loaded due to missing permissions, or does not support this operation. Please read the Graph API documentation at https://developers.facebook.com/docs/graph-api
WARNING:app.services.facebook_leads_service:Error checking lead existence for 2356721351739033: (psycopg2.OperationalError) SSL connection has been closed unexpectedly

[SQL: SELECT meta_leads_attribution.id AS meta_leads_attribution_id 
FROM meta_leads_attribution 
WHERE meta_leads_attribution.meta_lead_id IN (%(meta_lead_id_1_1)s, %(meta_lead_id_1_2)s, %(meta_lead_id_1_3)s) 
 LIMIT %(param_1)s]
[parameters: {'param_1': 1, 'meta_lead_id_1_1': '2356721351739033', 'meta_lead_id_1_2': 'l:2356721351739033', 'meta_lead_id_1_3': '2356721351739033'}]
(Background on this error at: https://sqlalche.me/e/20/e3q8)
WARNING:app.services.facebook_leads_service:Error checking lead existence for 28853233404282625: (psycopg2.OperationalError) SSL connection has been closed unexpectedly

[SQL: SELECT meta_leads_attribution.id AS meta_leads_attribution_id 
FROM meta_leads_attribution 
WHERE meta_leads_attribution.meta_lead_id IN (%(meta_lead_id_1_1)s, %(meta_lead_id_1_2)s, %(meta_lead_id_1_3)s) 
 LIMIT %(param_1)s]
[parameters: {'param_1': 1, 'meta_lead_id_1_1': '28853233404282625', 'meta_lead_id_1_2': 'l:28853233404282625', 'meta_lead_id_1_3': '28853233404282625'}]
(Background on this error at: https://sqlalche.me/e/20/e3q8)
WARNING:app.services.facebook_leads_service:Error checking lead existence for 28853233404282625: (psycopg2.OperationalError) connection to server at "myntreal-database.c5gywaicq6zu.ap-south-2.rds.amazonaws.com" (16.112.74.247), port 5432 failed: timeout expired

(Background on this error at: https://sqlalche.me/e/20/e3q8)
ERROR:app.services.facebook_leads_service:[DB-INTEGRITY-ERROR] Integrity error ingesting lead 2584191212042184: (psycopg2.errors.UniqueViolation) duplicate key value violates unique constraint "ux_crm_leads_phone"
DETAIL:  Key (phone)=(+916300209352) already exists.

[SQL: INSERT INTO crm_leads (tenant_id, company_id, name, gender, email, phone, phone_primary_whatsapp, alternate_phone, phone_secondary_whatsapp, category_id, source, source_details, status, priority, handler_type, handler_id, description, requirements, looking_for, recent_comments, budget_min, budget_max, address, area, city, state, pincode, expected_close_date, actual_close_date, deal_value, deal_value_total, deal_value_excl_tax, deal_tax_rate, deal_value_received, deal_value_balance, points_evaluated_dvr, confirmed_final_value, solar_value, lost_reason, tags, last_contact_date, next_followup_date, depends_on_staff_id, telecaller_id, field_staff_id, associated_partner_id, direct_team_lead_points_awarded, direct_team_lead_points_awarded_at, direct_team_lead_sponsor_id, vendor_id, mnr_handler_id, is_vgk_program, vgk_field_support_id, solar_brand_id, community_id, aadhaar_number, pan_number, electricity_bill_number, google_maps_link, bank_account_number, ifsc_code, subsidy_status, application_no, accepted_date, loan_bank, bank_branch, documents_folder_link, material_reach_date, installation_date, existing_association, bank_entry_updated, bank_statement_available, regular_income_available, monthly_income, co_applicant_name, co_applicant_phone, co_applicant_aadhaar, co_applicant_pan, co_applicant_bank_account, co_applicant_ifsc, solar_pipeline_status, solar_pipeline_status_updated_at, submit_date, complete_date, first_dvr_confirmed_at, first_payment_received_date, remaining_stage1_advance, remaining_stage1_advance_l1, remaining_stage1_advance_l2, cibil_confirmed, cibil_score, cibil_score_updated_at, ev_b2b_stage, kw_size, discom, sc_number, consumer_no, sanction_date, mnre_app_ref, discom_reg_no, latitude, longitude, grid_phase, investment_capacity, planning_to_start, full_time_business, guru_id, z_guru_id, adi_guru_id, core_id, guru_name, z_guru_name, core_name, team_senior_partner_id, team_extended_partner_id, team_core_partner_id, source_ref_type, source_ref_id, source_ref_name, field_support_ref_type, field_support_ref_id, field_support_ref_name, technical_id, support_staff_id, technical_staff1_id, guru_supported, z_guru_supported, adi_guru_supported, core_supported, telecaller_supported, showroom_supported, technical_supported, field_support_supported, support_staff_supported, technical_staff1_supported, showroom_vgk_id, primary_owner_type, primary_owner_id, property_id, lost_at, created_at, updated_at, created_by_type, created_by_id) VALUES (%(tenant_id)s, %(company_id)s, %(name)s, %(gender)s, %(email)s, %(phone)s, %(phone_primary_whatsapp)s, %(alternate_phone)s, %(phone_secondary_whatsapp)s, %(category_id)s, %(source)s, %(source_details)s, %(status)s, %(priority)s, %(handler_type)s, %(handler_id)s, %(description)s, %(requirements)s, %(looking_for)s, %(recent_comments)s, %(budget_min)s, %(budget_max)s, %(address)s, %(area)s, %(city)s, %(state)s, %(pincode)s, %(expected_close_date)s, %(actual_close_date)s, %(deal_value)s, %(deal_value_total)s, %(deal_value_excl_tax)s, %(deal_tax_rate)s, %(deal_value_received)s, %(deal_value_balance)s, %(points_evaluated_dvr)s, %(confirmed_final_value)s, %(solar_value)s, %(lost_reason)s, %(tags)s, %(last_contact_date)s, %(next_followup_date)s, %(depends_on_staff_id)s, %(telecaller_id)s, %(field_staff_id)s, %(associated_partner_id)s, %(direct_team_lead_points_awarded)s, %(direct_team_lead_points_awarded_at)s, %(direct_team_lead_sponsor_id)s, %(vendor_id)s, %(mnr_handler_id)s, %(is_vgk_program)s, %(vgk_field_support_id)s, %(solar_brand_id)s, %(community_id)s, %(aadhaar_number)s, %(pan_number)s, %(electricity_bill_number)s, %(google_maps_link)s, %(bank_account_number)s, %(ifsc_code)s, %(subsidy_status)s, %(application_no)s, %(accepted_date)s, %(loan_bank)s, %(bank_branch)s, %(documents_folder_link)s, %(material_reach_date)s, %(installation_date)s, %(existing_association)s, %(bank_entry_updated)s, %(bank_statement_available)s, %(regular_income_available)s, %(monthly_income)s, %(co_applicant_name)s, %(co_applicant_phone)s, %(co_applicant_aadhaar)s, %(co_applicant_pan)s, %(co_applicant_bank_account)s, %(co_applicant_ifsc)s, %(solar_pipeline_status)s, %(solar_pipeline_status_updated_at)s, %(submit_date)s, %(complete_date)s, %(first_dvr_confirmed_at)s, %(first_payment_received_date)s, %(remaining_stage1_advance)s, %(remaining_stage1_advance_l1)s, %(remaining_stage1_advance_l2)s, %(cibil_confirmed)s, %(cibil_score)s, %(cibil_score_updated_at)s, %(ev_b2b_stage)s, %(kw_size)s, %(discom)s, %(sc_number)s, %(consumer_no)s, %(sanction_date)s, %(mnre_app_ref)s, %(discom_reg_no)s, %(latitude)s, %(longitude)s, %(grid_phase)s, %(investment_capacity)s, %(planning_to_start)s, %(full_time_business)s, %(guru_id)s, %(z_guru_id)s, %(adi_guru_id)s, %(core_id)s, %(guru_name)s, %(z_guru_name)s, %(core_name)s, %(team_senior_partner_id)s, %(team_extended_partner_id)s, %(team_core_partner_id)s, %(source_ref_type)s, %(source_ref_id)s, %(source_ref_name)s, %(field_support_ref_type)s, %(field_support_ref_id)s, %(field_support_ref_name)s, %(technical_id)s, %(support_staff_id)s, %(technical_staff1_id)s, %(guru_supported)s, %(z_guru_supported)s, %(adi_guru_supported)s, %(core_supported)s, %(telecaller_supported)s, %(showroom_supported)s, %(technical_supported)s, %(field_support_supported)s, %(support_staff_supported)s, %(technical_staff1_supported)s, %(showroom_vgk_id)s, %(primary_owner_type)s, %(primary_owner_id)s, %(property_id)s, %(lost_at)s, %(created_at)s, %(updated_at)s, %(created_by_type)s, %(created_by_id)s) RETURNING crm_leads.id]
[parameters: {'tenant_id': 1, 'company_id': 2, 'name': 'Rajakumar', 'gender': None, 'email': 'rajak67742@gmail.com', 'phone': '+916300209352', 'phone_primary_whatsapp': False, 'alternate_phone': None, 'phone_secondary_whatsapp': False, 'category_id': 42, 'source': 'Online - M', 'source_details': '{"lead_id": "2584191212042184", "form_id": "1596737462160734", "page_id": "442395068958730", "page_name": "EV Craze4u", "page_segment": "EV_SPARES",  ... (166 characters truncated) ... , "email": "rajak67742@gmail.com", "full_name": "Rajakumar", "phone_number": "+916300209352", "zip_code": "504204", "phone_number_verified": "true"}}', 'status': 'new', 'priority': 'high', 'handler_type': 'unassigned', 'handler_id': None, 'description': 'Facebook Lead — EV Craze4u\nWhat Are You Interested In?: ev_technician_career', 'requirements': None, 'looking_for': 'ETC Training', 'recent_comments': None, 'budget_min': None, 'budget_max': None, 'address': None, 'area': None, 'city': 'Adilabad', 'state': 'Telangana', 'pincode': '504204', 'expected_close_date': None, 'actual_close_date': None, 'deal_value': None, 'deal_value_total': 0, 'deal_value_excl_tax': 0, 'deal_tax_rate': 0, 'deal_value_received': 0, 'deal_value_balance': 0, 'points_evaluated_dvr': 0.0, 'confirmed_final_value': None, 'solar_value': None, 'lost_reason': None, 'tags': 'etc_training', 'last_contact_date': None, 'next_followup_date': None, 'depends_on_staff_id': None, 'telecaller_id': None, 'field_staff_id': None, 'associated_partner_id': None, 'direct_team_lead_points_awarded': False, 'direct_team_lead_points_awarded_at': None, 'direct_team_lead_sponsor_id': None, 'vendor_id': None ... 44 parameters truncated ... 'discom': None, 'sc_number': None, 'consumer_no': None, 'sanction_date': None, 'mnre_app_ref': None, 'discom_reg_no': None, 'latitude': None, 'longitude': None, 'grid_phase': None, 'investment_capacity': None, 'planning_to_start': None, 'full_time_business': None, 'guru_id': None, 'z_guru_id': None, 'adi_guru_id': None, 'core_id': None, 'guru_name': None, 'z_guru_name': None, 'core_name': None, 'team_senior_partner_id': None, 'team_extended_partner_id': None, 'team_core_partner_id': None, 'source_ref_type': None, 'source_ref_id': None, 'source_ref_name': None, 'field_support_ref_type': None, 'field_support_ref_id': None, 'field_support_ref_name': None, 'technical_id': None, 'support_staff_id': None, 'technical_staff1_id': None, 'guru_supported': None, 'z_guru_supported': None, 'adi_guru_supported': None, 'core_supported': None, 'telecaller_supported': None, 'showroom_supported': None, 'technical_supported': None, 'field_support_supported': None, 'support_staff_supported': None, 'technical_staff1_supported': None, 'showroom_vgk_id': None, 'primary_owner_type': None, 'primary_owner_id': None, 'property_id': None, 'lost_at': None, 'created_at': datetime.datetime(2026, 9, 7, 7, 10, 54), 'updated_at': datetime.datetime(2026, 9, 7, 7, 10, 54), 'created_by_type': 'system', 'created_by_id': 'facebook_webhook'}]
(Background on this error at: https://sqlalche.me/e/20/gkpj)
ERROR:app.core.scheduler_retry_dispatcher:[RETRY-DISPATCHER] Fatal error in retry dispatcher: (psycopg2.OperationalError) SSL connection has been closed unexpectedly

[SQL: SELECT background_jobs.id AS background_jobs_id, background_jobs.job_type AS background_jobs_job_type, background_jobs.job_key AS background_jobs_job_key, background_jobs.job_data AS background_jobs_job_data, background_jobs.status AS background_jobs_status, background_jobs.attempts AS background_jobs_attempts, background_jobs.max_attempts AS background_jobs_max_attempts, background_jobs.result AS background_jobs_result, background_jobs.error_message AS background_jobs_error_message, background_jobs.error_traceback AS background_jobs_error_traceback, background_jobs.created_at AS background_jobs_created_at, background_jobs.started_at AS background_jobs_started_at, background_jobs.completed_at AS background_jobs_completed_at, background_jobs.processing_duration_ms AS background_jobs_processing_duration_ms, background_jobs.created_by AS background_jobs_created_by, background_jobs.created_ip AS background_jobs_created_ip, background_jobs.scheduled_for AS background_jobs_scheduled_for, background_jobs.priority AS background_jobs_priority, background_jobs.scheduler_status AS background_jobs_scheduler_status, background_jobs.job_handler_module AS background_jobs_job_handler_module, background_jobs.job_handler_function AS background_jobs_job_handler_function, background_jobs.scheduler_job_id AS background_jobs_scheduler_job_id, background_jobs.last_scheduler_attempt AS background_jobs_last_scheduler_attempt, background_jobs.updated_at AS background_jobs_updated_at 
FROM background_jobs 
WHERE background_jobs.scheduler_status = %(scheduler_status_1)s AND background_jobs.created_at >= %(created_at_1)s AND background_jobs.status IN (%(status_1_1)s, %(status_1_2)s) ORDER BY background_jobs.created_at ASC 
 LIMIT %(param_1)s]
[parameters: {'scheduler_status_1': 'failed', 'created_at_1': datetime.datetime(2026, 9, 29, 16, 56, 44, 815146), 'param_1': 50, 'status_1_1': 'pending', 'status_1_2': 'retrying'}]
(Background on this error at: https://sqlalche.me/e/20/e3q8)
ERROR:app.services.operator_call_sync:[OPERATOR_SYNC] Request failed: HTTPSConnectionPool(host='developers.myoperator.co', port=443): Max retries exceeded with url: /search (Caused by NameResolutionError("HTTPSConnection(host='developers.myoperator.co', port=443): Failed to resolve 'developers.myoperator.co' ([Errno 11001] getaddrinfo failed)"))
WARNING:app.core.scheduler:⚠️ [META-AUTO-SYNC] Error during scheduled Meta lead sync: (psycopg2.OperationalError) could not translate host name "myntreal-database.c5gywaicq6zu.ap-south-2.rds.amazonaws.com" to address: Name or service not known

(Background on this error at: https://sqlalche.me/e/20/e3q8)
WARNING:app.services.operator_call_sync:[OPERATOR_SYNC] Staff propagation error: (psycopg2.OperationalError) connection to server at "myntreal-database.c5gywaicq6zu.ap-south-2.rds.amazonaws.com" (16.112.74.247), port 5432 failed: timeout expired

(Background on this error at: https://sqlalche.me/e/20/e3q8)
ERROR:app.core.scheduler_retry_dispatcher:[RETRY-DISPATCHER] Fatal error in retry dispatcher: (psycopg2.OperationalError) connection to server at "myntreal-database.c5gywaicq6zu.ap-south-2.rds.amazonaws.com" (16.112.74.247), port 5432 failed: timeout expired

(Background on this error at: https://sqlalche.me/e/20/e3q8)
ERROR:app.core.scheduler_retry_dispatcher:[RETRY-DISPATCHER] Fatal error in retry dispatcher: (psycopg2.OperationalError) connection to server at "myntreal-database.c5gywaicq6zu.ap-south-2.rds.amazonaws.com" (16.112.74.247), port 5432 failed: timeout expired

(Background on this error at: https://sqlalche.me/e/20/e3q8)
ERROR:app.core.scheduler_retry_dispatcher:[RETRY-DISPATCHER] Fatal error in retry dispatcher: (psycopg2.OperationalError) connection to server at "myntreal-database.c5gywaicq6zu.ap-south-2.rds.amazonaws.com" (16.112.74.247), port 5432 failed: timeout expired

(Background on this error at: https://sqlalche.me/e/20/e3q8)
WARNING:app.services.facebook_leads_service:Meta Graph API error [VALIDATION] status=400: (#10) User has insufficient privileges on the page.
WARNING:app.services.facebook_leads_service:Meta Graph API error [AUTHENTICATION] status=400: Unsupported get request. Object with ID '1005465332641372' does not exist, cannot be loaded due to missing permissions, or does not support this operation. Please read the Graph API documentation at https://developers.facebook.com/docs/graph-api
WARNING:app.services.facebook_leads_service:Meta Graph API error [AUTHENTICATION] status=400: Unsupported get request. Object with ID '1019684831223211' does not exist, cannot be loaded due to missing permissions, or does not support this operation. Please read the Graph API documentation at https://developers.facebook.com/docs/graph-api
WARNING:app.services.facebook_leads_service:Error checking lead existence for 2310513233122266: (psycopg2.OperationalError) SSL connection has been closed unexpectedly

[SQL: SELECT meta_leads_attribution.id AS meta_leads_attribution_id 
FROM meta_leads_attribution 
WHERE meta_leads_attribution.meta_lead_id IN (%(meta_lead_id_1_1)s, %(meta_lead_id_1_2)s, %(meta_lead_id_1_3)s) 
 LIMIT %(param_1)s]
[parameters: {'param_1': 1, 'meta_lead_id_1_1': '2310513233122266', 'meta_lead_id_1_2': 'l:2310513233122266', 'meta_lead_id_1_3': '2310513233122266'}]
(Background on this error at: https://sqlalche.me/e/20/e3q8)
WARNING:app.services.facebook_leads_service:Meta Graph API error [AUTHENTICATION] status=400: Unsupported get request. Object with ID '921784744346805' does not exist, cannot be loaded due to missing permissions, or does not support this operation. Please read the Graph API documentation at https://developers.facebook.com/docs/graph-api
WARNING:app.services.facebook_leads_service:Error checking lead existence for 2356721351739033: (psycopg2.OperationalError) SSL connection has been closed unexpectedly

[SQL: SELECT meta_leads_attribution.id AS meta_leads_attribution_id 
FROM meta_leads_attribution 
WHERE meta_leads_attribution.meta_lead_id IN (%(meta_lead_id_1_1)s, %(meta_lead_id_1_2)s, %(meta_lead_id_1_3)s) 
 LIMIT %(param_1)s]
[parameters: {'param_1': 1, 'meta_lead_id_1_1': '2356721351739033', 'meta_lead_id_1_2': 'l:2356721351739033', 'meta_lead_id_1_3': '2356721351739033'}]
(Background on this error at: https://sqlalche.me/e/20/e3q8)
ERROR:app.services.facebook_leads_service:[DB-INTEGRITY-ERROR] Integrity error ingesting lead 2584191212042184: (psycopg2.errors.UniqueViolation) duplicate key value violates unique constraint "ux_crm_leads_phone"
DETAIL:  Key (phone)=(+916300209352) already exists.

[SQL: INSERT INTO crm_leads (tenant_id, company_id, name, gender, email, phone, phone_primary_whatsapp, alternate_phone, phone_secondary_whatsapp, category_id, source, source_details, status, priority, handler_type, handler_id, description, requirements, looking_for, recent_comments, budget_min, budget_max, address, area, city, state, pincode, expected_close_date, actual_close_date, deal_value, deal_value_total, deal_value_excl_tax, deal_tax_rate, deal_value_received, deal_value_balance, points_evaluated_dvr, confirmed_final_value, solar_value, lost_reason, tags, last_contact_date, next_followup_date, depends_on_staff_id, telecaller_id, field_staff_id, associated_partner_id, direct_team_lead_points_awarded, direct_team_lead_points_awarded_at, direct_team_lead_sponsor_id, vendor_id, mnr_handler_id, is_vgk_program, vgk_field_support_id, solar_brand_id, community_id, aadhaar_number, pan_number, electricity_bill_number, google_maps_link, bank_account_number, ifsc_code, subsidy_status, application_no, accepted_date, loan_bank, bank_branch, documents_folder_link, material_reach_date, installation_date, existing_association, bank_entry_updated, bank_statement_available, regular_income_available, monthly_income, co_applicant_name, co_applicant_phone, co_applicant_aadhaar, co_applicant_pan, co_applicant_bank_account, co_applicant_ifsc, solar_pipeline_status, solar_pipeline_status_updated_at, submit_date, complete_date, first_dvr_confirmed_at, first_payment_received_date, remaining_stage1_advance, remaining_stage1_advance_l1, remaining_stage1_advance_l2, cibil_confirmed, cibil_score, cibil_score_updated_at, ev_b2b_stage, kw_size, discom, sc_number, consumer_no, sanction_date, mnre_app_ref, discom_reg_no, latitude, longitude, grid_phase, investment_capacity, planning_to_start, full_time_business, guru_id, z_guru_id, adi_guru_id, core_id, guru_name, z_guru_name, core_name, team_senior_partner_id, team_extended_partner_id, team_core_partner_id, source_ref_type, source_ref_id, source_ref_name, field_support_ref_type, field_support_ref_id, field_support_ref_name, technical_id, support_staff_id, technical_staff1_id, guru_supported, z_guru_supported, adi_guru_supported, core_supported, telecaller_supported, showroom_supported, technical_supported, field_support_supported, support_staff_supported, technical_staff1_supported, showroom_vgk_id, primary_owner_type, primary_owner_id, property_id, lost_at, created_at, updated_at, created_by_type, created_by_id) VALUES (%(tenant_id)s, %(company_id)s, %(name)s, %(gender)s, %(email)s, %(phone)s, %(phone_primary_whatsapp)s, %(alternate_phone)s, %(phone_secondary_whatsapp)s, %(category_id)s, %(source)s, %(source_details)s, %(status)s, %(priority)s, %(handler_type)s, %(handler_id)s, %(description)s, %(requirements)s, %(looking_for)s, %(recent_comments)s, %(budget_min)s, %(budget_max)s, %(address)s, %(area)s, %(city)s, %(state)s, %(pincode)s, %(expected_close_date)s, %(actual_close_date)s, %(deal_value)s, %(deal_value_total)s, %(deal_value_excl_tax)s, %(deal_tax_rate)s, %(deal_value_received)s, %(deal_value_balance)s, %(points_evaluated_dvr)s, %(confirmed_final_value)s, %(solar_value)s, %(lost_reason)s, %(tags)s, %(last_contact_date)s, %(next_followup_date)s, %(depends_on_staff_id)s, %(telecaller_id)s, %(field_staff_id)s, %(associated_partner_id)s, %(direct_team_lead_points_awarded)s, %(direct_team_lead_points_awarded_at)s, %(direct_team_lead_sponsor_id)s, %(vendor_id)s, %(mnr_handler_id)s, %(is_vgk_program)s, %(vgk_field_support_id)s, %(solar_brand_id)s, %(community_id)s, %(aadhaar_number)s, %(pan_number)s, %(electricity_bill_number)s, %(google_maps_link)s, %(bank_account_number)s, %(ifsc_code)s, %(subsidy_status)s, %(application_no)s, %(accepted_date)s, %(loan_bank)s, %(bank_branch)s, %(documents_folder_link)s, %(material_reach_date)s, %(installation_date)s, %(existing_association)s, %(bank_entry_updated)s, %(bank_statement_available)s, %(regular_income_available)s, %(monthly_income)s, %(co_applicant_name)s, %(co_applicant_phone)s, %(co_applicant_aadhaar)s, %(co_applicant_pan)s, %(co_applicant_bank_account)s, %(co_applicant_ifsc)s, %(solar_pipeline_status)s, %(solar_pipeline_status_updated_at)s, %(submit_date)s, %(complete_date)s, %(first_dvr_confirmed_at)s, %(first_payment_received_date)s, %(remaining_stage1_advance)s, %(remaining_stage1_advance_l1)s, %(remaining_stage1_advance_l2)s, %(cibil_confirmed)s, %(cibil_score)s, %(cibil_score_updated_at)s, %(ev_b2b_stage)s, %(kw_size)s, %(discom)s, %(sc_number)s, %(consumer_no)s, %(sanction_date)s, %(mnre_app_ref)s, %(discom_reg_no)s, %(latitude)s, %(longitude)s, %(grid_phase)s, %(investment_capacity)s, %(planning_to_start)s, %(full_time_business)s, %(guru_id)s, %(z_guru_id)s, %(adi_guru_id)s, %(core_id)s, %(guru_name)s, %(z_guru_name)s, %(core_name)s, %(team_senior_partner_id)s, %(team_extended_partner_id)s, %(team_core_partner_id)s, %(source_ref_type)s, %(source_ref_id)s, %(source_ref_name)s, %(field_support_ref_type)s, %(field_support_ref_id)s, %(field_support_ref_name)s, %(technical_id)s, %(support_staff_id)s, %(technical_staff1_id)s, %(guru_supported)s, %(z_guru_supported)s, %(adi_guru_supported)s, %(core_supported)s, %(telecaller_supported)s, %(showroom_supported)s, %(technical_supported)s, %(field_support_supported)s, %(support_staff_supported)s, %(technical_staff1_supported)s, %(showroom_vgk_id)s, %(primary_owner_type)s, %(primary_owner_id)s, %(property_id)s, %(lost_at)s, %(created_at)s, %(updated_at)s, %(created_by_type)s, %(created_by_id)s) RETURNING crm_leads.id]
[parameters: {'tenant_id': 1, 'company_id': 2, 'name': 'Rajakumar', 'gender': None, 'email': 'rajak67742@gmail.com', 'phone': '+916300209352', 'phone_primary_whatsapp': False, 'alternate_phone': None, 'phone_secondary_whatsapp': False, 'category_id': 42, 'source': 'Online - M', 'source_details': '{"lead_id": "2584191212042184", "form_id": "1596737462160734", "page_id": "442395068958730", "page_name": "EV Craze4u", "page_segment": "EV_SPARES",  ... (166 characters truncated) ... , "email": "rajak67742@gmail.com", "full_name": "Rajakumar", "phone_number": "+916300209352", "zip_code": "504204", "phone_number_verified": "true"}}', 'status': 'new', 'priority': 'high', 'handler_type': 'unassigned', 'handler_id': None, 'description': 'Facebook Lead — EV Craze4u\nWhat Are You Interested In?: ev_technician_career', 'requirements': None, 'looking_for': 'ETC Training', 'recent_comments': None, 'budget_min': None, 'budget_max': None, 'address': None, 'area': None, 'city': 'Adilabad', 'state': 'Telangana', 'pincode': '504204', 'expected_close_date': None, 'actual_close_date': None, 'deal_value': None, 'deal_value_total': 0, 'deal_value_excl_tax': 0, 'deal_tax_rate': 0, 'deal_value_received': 0, 'deal_value_balance': 0, 'points_evaluated_dvr': 0.0, 'confirmed_final_value': None, 'solar_value': None, 'lost_reason': None, 'tags': 'etc_training', 'last_contact_date': None, 'next_followup_date': None, 'depends_on_staff_id': None, 'telecaller_id': None, 'field_staff_id': None, 'associated_partner_id': None, 'direct_team_lead_points_awarded': False, 'direct_team_lead_points_awarded_at': None, 'direct_team_lead_sponsor_id': None, 'vendor_id': None ... 44 parameters truncated ... 'discom': None, 'sc_number': None, 'consumer_no': None, 'sanction_date': None, 'mnre_app_ref': None, 'discom_reg_no': None, 'latitude': None, 'longitude': None, 'grid_phase': None, 'investment_capacity': None, 'planning_to_start': None, 'full_time_business': None, 'guru_id': None, 'z_guru_id': None, 'adi_guru_id': None, 'core_id': None, 'guru_name': None, 'z_guru_name': None, 'core_name': None, 'team_senior_partner_id': None, 'team_extended_partner_id': None, 'team_core_partner_id': None, 'source_ref_type': None, 'source_ref_id': None, 'source_ref_name': None, 'field_support_ref_type': None, 'field_support_ref_id': None, 'field_support_ref_name': None, 'technical_id': None, 'support_staff_id': None, 'technical_staff1_id': None, 'guru_supported': None, 'z_guru_supported': None, 'adi_guru_supported': None, 'core_supported': None, 'telecaller_supported': None, 'showroom_supported': None, 'technical_supported': None, 'field_support_supported': None, 'support_staff_supported': None, 'technical_staff1_supported': None, 'showroom_vgk_id': None, 'primary_owner_type': None, 'primary_owner_id': None, 'property_id': None, 'lost_at': None, 'created_at': datetime.datetime(2026, 9, 7, 7, 10, 54), 'updated_at': datetime.datetime(2026, 9, 7, 7, 10, 54), 'created_by_type': 'system', 'created_by_id': 'facebook_webhook'}]
(Background on this error at: https://sqlalche.me/e/20/gkpj)
INFO:     127.0.0.1:57998 - "GET /api/v1/tenant/ved-members HTTP/1.1" 401 Unauthorized
WARNING:app.services.facebook_leads_service:Meta Graph API error [VALIDATION] status=400: (#10) User has insufficient privileges on the page.
WARNING:app.services.facebook_leads_service:Meta Graph API error [AUTHENTICATION] status=400: Unsupported get request. Object with ID '1005465332641372' does not exist, cannot be loaded due to missing permissions, or does not support this operation. Please read the Graph API documentation at https://developers.facebook.com/docs/graph-api
WARNING:app.services.facebook_leads_service:Meta Graph API error [AUTHENTICATION] status=400: Unsupported get request. Object with ID '1019684831223211' does not exist, cannot be loaded due to missing permissions, or does not support this operation. Please read the Graph API documentation at https://developers.facebook.com/docs/graph-api
WARNING:app.services.facebook_leads_service:Error checking lead existence for 2310513233122266: (psycopg2.OperationalError) SSL connection has been closed unexpectedly

[SQL: SELECT meta_leads_attribution.id AS meta_leads_attribution_id 
FROM meta_leads_attribution 
WHERE meta_leads_attribution.meta_lead_id IN (%(meta_lead_id_1_1)s, %(meta_lead_id_1_2)s, %(meta_lead_id_1_3)s) 
 LIMIT %(param_1)s]
[parameters: {'param_1': 1, 'meta_lead_id_1_1': '2310513233122266', 'meta_lead_id_1_2': 'l:2310513233122266', 'meta_lead_id_1_3': '2310513233122266'}]
(Background on this error at: https://sqlalche.me/e/20/e3q8)
WARNING:app.services.facebook_leads_service:Meta Graph API error [AUTHENTICATION] status=400: Unsupported get request. Object with ID '921784744346805' does not exist, cannot be loaded due to missing permissions, or does not support this operation. Please read the Graph API documentation at https://developers.facebook.com/docs/graph-api
WARNING:app.services.facebook_leads_service:Error checking lead existence for 2356721351739033: (psycopg2.OperationalError) SSL connection has been closed unexpectedly

[SQL: SELECT meta_leads_attribution.id AS meta_leads_attribution_id 
FROM meta_leads_attribution 
WHERE meta_leads_attribution.meta_lead_id IN (%(meta_lead_id_1_1)s, %(meta_lead_id_1_2)s, %(meta_lead_id_1_3)s) 
 LIMIT %(param_1)s]
[parameters: {'param_1': 1, 'meta_lead_id_1_1': '2356721351739033', 'meta_lead_id_1_2': 'l:2356721351739033', 'meta_lead_id_1_3': '2356721351739033'}]
(Background on this error at: https://sqlalche.me/e/20/e3q8)
ERROR:app.services.facebook_leads_service:[DB-INTEGRITY-ERROR] Integrity error ingesting lead 2584191212042184: (psycopg2.errors.UniqueViolation) duplicate key value violates unique constraint "ux_crm_leads_phone"
DETAIL:  Key (phone)=(+916300209352) already exists.

[SQL: INSERT INTO crm_leads (tenant_id, company_id, name, gender, email, phone, phone_primary_whatsapp, alternate_phone, phone_secondary_whatsapp, category_id, source, source_details, status, priority, handler_type, handler_id, description, requirements, looking_for, recent_comments, budget_min, budget_max, address, area, city, state, pincode, expected_close_date, actual_close_date, deal_value, deal_value_total, deal_value_excl_tax, deal_tax_rate, deal_value_received, deal_value_balance, points_evaluated_dvr, confirmed_final_value, solar_value, lost_reason, tags, last_contact_date, next_followup_date, depends_on_staff_id, telecaller_id, field_staff_id, associated_partner_id, direct_team_lead_points_awarded, direct_team_lead_points_awarded_at, direct_team_lead_sponsor_id, vendor_id, mnr_handler_id, is_vgk_program, vgk_field_support_id, solar_brand_id, community_id, aadhaar_number, pan_number, electricity_bill_number, google_maps_link, bank_account_number, ifsc_code, subsidy_status, application_no, accepted_date, loan_bank, bank_branch, documents_folder_link, material_reach_date, installation_date, existing_association, bank_entry_updated, bank_statement_available, regular_income_available, monthly_income, co_applicant_name, co_applicant_phone, co_applicant_aadhaar, co_applicant_pan, co_applicant_bank_account, co_applicant_ifsc, solar_pipeline_status, solar_pipeline_status_updated_at, submit_date, complete_date, first_dvr_confirmed_at, first_payment_received_date, remaining_stage1_advance, remaining_stage1_advance_l1, remaining_stage1_advance_l2, cibil_confirmed, cibil_score, cibil_score_updated_at, ev_b2b_stage, kw_size, discom, sc_number, consumer_no, sanction_date, mnre_app_ref, discom_reg_no, latitude, longitude, grid_phase, investment_capacity, planning_to_start, full_time_business, guru_id, z_guru_id, adi_guru_id, core_id, guru_name, z_guru_name, core_name, team_senior_partner_id, team_extended_partner_id, team_core_partner_id, source_ref_type, source_ref_id, source_ref_name, field_support_ref_type, field_support_ref_id, field_support_ref_name, technical_id, support_staff_id, technical_staff1_id, guru_supported, z_guru_supported, adi_guru_supported, core_supported, telecaller_supported, showroom_supported, technical_supported, field_support_supported, support_staff_supported, technical_staff1_supported, showroom_vgk_id, primary_owner_type, primary_owner_id, property_id, lost_at, created_at, updated_at, created_by_type, created_by_id) VALUES (%(tenant_id)s, %(company_id)s, %(name)s, %(gender)s, %(email)s, %(phone)s, %(phone_primary_whatsapp)s, %(alternate_phone)s, %(phone_secondary_whatsapp)s, %(category_id)s, %(source)s, %(source_details)s, %(status)s, %(priority)s, %(handler_type)s, %(handler_id)s, %(description)s, %(requirements)s, %(looking_for)s, %(recent_comments)s, %(budget_min)s, %(budget_max)s, %(address)s, %(area)s, %(city)s, %(state)s, %(pincode)s, %(expected_close_date)s, %(actual_close_date)s, %(deal_value)s, %(deal_value_total)s, %(deal_value_excl_tax)s, %(deal_tax_rate)s, %(deal_value_received)s, %(deal_value_balance)s, %(points_evaluated_dvr)s, %(confirmed_final_value)s, %(solar_value)s, %(lost_reason)s, %(tags)s, %(last_contact_date)s, %(next_followup_date)s, %(depends_on_staff_id)s, %(telecaller_id)s, %(field_staff_id)s, %(associated_partner_id)s, %(direct_team_lead_points_awarded)s, %(direct_team_lead_points_awarded_at)s, %(direct_team_lead_sponsor_id)s, %(vendor_id)s, %(mnr_handler_id)s, %(is_vgk_program)s, %(vgk_field_support_id)s, %(solar_brand_id)s, %(community_id)s, %(aadhaar_number)s, %(pan_number)s, %(electricity_bill_number)s, %(google_maps_link)s, %(bank_account_number)s, %(ifsc_code)s, %(subsidy_status)s, %(application_no)s, %(accepted_date)s, %(loan_bank)s, %(bank_branch)s, %(documents_folder_link)s, %(material_reach_date)s, %(installation_date)s, %(existing_association)s, %(bank_entry_updated)s, %(bank_statement_available)s, %(regular_income_available)s, %(monthly_income)s, %(co_applicant_name)s, %(co_applicant_phone)s, %(co_applicant_aadhaar)s, %(co_applicant_pan)s, %(co_applicant_bank_account)s, %(co_applicant_ifsc)s, %(solar_pipeline_status)s, %(solar_pipeline_status_updated_at)s, %(submit_date)s, %(complete_date)s, %(first_dvr_confirmed_at)s, %(first_payment_received_date)s, %(remaining_stage1_advance)s, %(remaining_stage1_advance_l1)s, %(remaining_stage1_advance_l2)s, %(cibil_confirmed)s, %(cibil_score)s, %(cibil_score_updated_at)s, %(ev_b2b_stage)s, %(kw_size)s, %(discom)s, %(sc_number)s, %(consumer_no)s, %(sanction_date)s, %(mnre_app_ref)s, %(discom_reg_no)s, %(latitude)s, %(longitude)s, %(grid_phase)s, %(investment_capacity)s, %(planning_to_start)s, %(full_time_business)s, %(guru_id)s, %(z_guru_id)s, %(adi_guru_id)s, %(core_id)s, %(guru_name)s, %(z_guru_name)s, %(core_name)s, %(team_senior_partner_id)s, %(team_extended_partner_id)s, %(team_core_partner_id)s, %(source_ref_type)s, %(source_ref_id)s, %(source_ref_name)s, %(field_support_ref_type)s, %(field_support_ref_id)s, %(field_support_ref_name)s, %(technical_id)s, %(support_staff_id)s, %(technical_staff1_id)s, %(guru_supported)s, %(z_guru_supported)s, %(adi_guru_supported)s, %(core_supported)s, %(telecaller_supported)s, %(showroom_supported)s, %(technical_supported)s, %(field_support_supported)s, %(support_staff_supported)s, %(technical_staff1_supported)s, %(showroom_vgk_id)s, %(primary_owner_type)s, %(primary_owner_id)s, %(property_id)s, %(lost_at)s, %(created_at)s, %(updated_at)s, %(created_by_type)s, %(created_by_id)s) RETURNING crm_leads.id]
[parameters: {'tenant_id': 1, 'company_id': 2, 'name': 'Rajakumar', 'gender': None, 'email': 'rajak67742@gmail.com', 'phone': '+916300209352', 'phone_primary_whatsapp': False, 'alternate_phone': None, 'phone_secondary_whatsapp': False, 'category_id': 42, 'source': 'Online - M', 'source_details': '{"lead_id": "2584191212042184", "form_id": "1596737462160734", "page_id": "442395068958730", "page_name": "EV Craze4u", "page_segment": "EV_SPARES",  ... (166 characters truncated) ... , "email": "rajak67742@gmail.com", "full_name": "Rajakumar", "phone_number": "+916300209352", "zip_code": "504204", "phone_number_verified": "true"}}', 'status': 'new', 'priority': 'high', 'handler_type': 'unassigned', 'handler_id': None, 'description': 'Facebook Lead — EV Craze4u\nWhat Are You Interested In?: ev_technician_career', 'requirements': None, 'looking_for': 'ETC Training', 'recent_comments': None, 'budget_min': None, 'budget_max': None, 'address': None, 'area': None, 'city': 'Adilabad', 'state': 'Telangana', 'pincode': '504204', 'expected_close_date': None, 'actual_close_date': None, 'deal_value': None, 'deal_value_total': 0, 'deal_value_excl_tax': 0, 'deal_tax_rate': 0, 'deal_value_received': 0, 'deal_value_balance': 0, 'points_evaluated_dvr': 0.0, 'confirmed_final_value': None, 'solar_value': None, 'lost_reason': None, 'tags': 'etc_training', 'last_contact_date': None, 'next_followup_date': None, 'depends_on_staff_id': None, 'telecaller_id': None, 'field_staff_id': None, 'associated_partner_id': None, 'direct_team_lead_points_awarded': False, 'direct_team_lead_points_awarded_at': None, 'direct_team_lead_sponsor_id': None, 'vendor_id': None ... 44 parameters truncated ... 'discom': None, 'sc_number': None, 'consumer_no': None, 'sanction_date': None, 'mnre_app_ref': None, 'discom_reg_no': None, 'latitude': None, 'longitude': None, 'grid_phase': None, 'investment_capacity': None, 'planning_to_start': None, 'full_time_business': None, 'guru_id': None, 'z_guru_id': None, 'adi_guru_id': None, 'core_id': None, 'guru_name': None, 'z_guru_name': None, 'core_name': None, 'team_senior_partner_id': None, 'team_extended_partner_id': None, 'team_core_partner_id': None, 'source_ref_type': None, 'source_ref_id': None, 'source_ref_name': None, 'field_support_ref_type': None, 'field_support_ref_id': None, 'field_support_ref_name': None, 'technical_id': None, 'support_staff_id': None, 'technical_staff1_id': None, 'guru_supported': None, 'z_guru_supported': None, 'adi_guru_supported': None, 'core_supported': None, 'telecaller_supported': None, 'showroom_supported': None, 'technical_supported': None, 'field_support_supported': None, 'support_staff_supported': None, 'technical_staff1_supported': None, 'showroom_vgk_id': None, 'primary_owner_type': None, 'primary_owner_id': None, 'property_id': None, 'lost_at': None, 'created_at': datetime.datetime(2026, 9, 7, 7, 10, 54), 'updated_at': datetime.datetime(2026, 9, 7, 7, 10, 54), 'created_by_type': 'system', 'created_by_id': 'facebook_webhook'}]
(Background on this error at: https://sqlalche.me/e/20/gkpj)
ERROR:apscheduler.executors.default:Job "Meta Ads: 15-Minute Automated Lead Ingestion & Graph API Sync (trigger: cron[minute='*/15'], next run at: 2026-09-30 23:15:00 IST)" raised an exception
Traceback (most recent call last):
  File "C:\Users\Lenovo\AppData\Local\Programs\Python\Python313\Lib\site-packages\sqlalchemy\engine\base.py", line 1128, in _rollback_impl
    self.engine.dialect.do_rollback(self.connection)
    ~~~~~~~~~~~~~~~~~~~~~~~~~~~~~~~^^^^^^^^^^^^^^^^^
  File "C:\Users\Lenovo\AppData\Local\Programs\Python\Python313\Lib\site-packages\sqlalchemy\engine\default.py", line 712, in do_rollback
    dbapi_connection.rollback()
    ~~~~~~~~~~~~~~~~~~~~~~~~~^^
psycopg2.OperationalError: SSL connection has been closed unexpectedly


The above exception was the direct cause of the following exception:

Traceback (most recent call last):
  File "C:\Users\Lenovo\AppData\Local\Programs\Python\Python313\Lib\site-packages\apscheduler\executors\base.py", line 131, in run_job
    retval = job.func(*job.args, **job.kwargs)
  File "C:\Users\Lenovo\Desktop\SAAS\MyntReal_Latest\backend\app\core\scheduler.py", line 5036, in run_meta_leads_periodic_sync_job
    db.close()
    ~~~~~~~~^^
  File "C:\Users\Lenovo\AppData\Local\Programs\Python\Python313\Lib\site-packages\sqlalchemy\orm\session.py", line 2507, in close
    self._close_impl(invalidate=False)
    ~~~~~~~~~~~~~~~~^^^^^^^^^^^^^^^^^^
  File "C:\Users\Lenovo\AppData\Local\Programs\Python\Python313\Lib\site-packages\sqlalchemy\orm\session.py", line 2576, in _close_impl
    transaction.close(invalidate)
    ~~~~~~~~~~~~~~~~~^^^^^^^^^^^^
  File "<string>", line 2, in close
  File "C:\Users\Lenovo\AppData\Local\Programs\Python\Python313\Lib\site-packages\sqlalchemy\orm\state_changes.py", line 137, in _go
    ret_value = fn(self, *arg, **kw)
  File "C:\Users\Lenovo\AppData\Local\Programs\Python\Python313\Lib\site-packages\sqlalchemy\orm\session.py", line 1417, in close
    transaction.close()
    ~~~~~~~~~~~~~~~~~^^
  File "C:\Users\Lenovo\AppData\Local\Programs\Python\Python313\Lib\site-packages\sqlalchemy\engine\base.py", line 2597, in close
    self._do_close()
    ~~~~~~~~~~~~~~^^
  File "C:\Users\Lenovo\AppData\Local\Programs\Python\Python313\Lib\site-packages\sqlalchemy\engine\base.py", line 2735, in _do_close
    self._close_impl()
    ~~~~~~~~~~~~~~~~^^
  File "C:\Users\Lenovo\AppData\Local\Programs\Python\Python313\Lib\site-packages\sqlalchemy\engine\base.py", line 2721, in _close_impl
    self._connection_rollback_impl()
    ~~~~~~~~~~~~~~~~~~~~~~~~~~~~~~^^
  File "C:\Users\Lenovo\AppData\Local\Programs\Python\Python313\Lib\site-packages\sqlalchemy\engine\base.py", line 2713, in _connection_rollback_impl
    self.connection._rollback_impl()
    ~~~~~~~~~~~~~~~~~~~~~~~~~~~~~~^^
  File "C:\Users\Lenovo\AppData\Local\Programs\Python\Python313\Lib\site-packages\sqlalchemy\engine\base.py", line 1130, in _rollback_impl
    self._handle_dbapi_exception(e, None, None, None, None)
    ~~~~~~~~~~~~~~~~~~~~~~~~~~~~^^^^^^^^^^^^^^^^^^^^^^^^^^^
  File "C:\Users\Lenovo\AppData\Local\Programs\Python\Python313\Lib\site-packages\sqlalchemy\engine\base.py", line 2363, in _handle_dbapi_exception
    raise sqlalchemy_exception.with_traceback(exc_info[2]) from e
  File "C:\Users\Lenovo\AppData\Local\Programs\Python\Python313\Lib\site-packages\sqlalchemy\engine\base.py", line 1128, in _rollback_impl
    self.engine.dialect.do_rollback(self.connection)
    ~~~~~~~~~~~~~~~~~~~~~~~~~~~~~~~^^^^^^^^^^^^^^^^^
  File "C:\Users\Lenovo\AppData\Local\Programs\Python\Python313\Lib\site-packages\sqlalchemy\engine\default.py", line 712, in do_rollback
    dbapi_connection.rollback()
    ~~~~~~~~~~~~~~~~~~~~~~~~~^^
sqlalchemy.exc.OperationalError: (psycopg2.OperationalError) SSL connection has been closed unexpectedly

(Background on this error at: https://sqlalche.me/e/20/e3q8)
WARNING:app.services.facebook_leads_service:Meta Graph API error [VALIDATION] status=400: (#10) User has insufficient privileges on the page.
WARNING:app.services.facebook_leads_service:Meta Graph API error [AUTHENTICATION] status=400: Unsupported get request. Object with ID '1005465332641372' does not exist, cannot be loaded due to missing permissions, or does not support this operation. Please read the Graph API documentation at https://developers.facebook.com/docs/graph-api
WARNING:app.services.facebook_leads_service:Meta Graph API error [AUTHENTICATION] status=400: Unsupported get request. Object with ID '1019684831223211' does not exist, cannot be loaded due to missing permissions, or does not support this operation. Please read the Graph API documentation at https://developers.facebook.com/docs/graph-api
WARNING:app.services.facebook_leads_service:Error checking lead existence for 2310513233122266: (psycopg2.OperationalError) SSL connection has been closed unexpectedly

[SQL: SELECT meta_leads_attribution.id AS meta_leads_attribution_id 
FROM meta_leads_attribution 
WHERE meta_leads_attribution.meta_lead_id IN (%(meta_lead_id_1_1)s, %(meta_lead_id_1_2)s, %(meta_lead_id_1_3)s) 
 LIMIT %(param_1)s]
[parameters: {'param_1': 1, 'meta_lead_id_1_1': '2310513233122266', 'meta_lead_id_1_2': 'l:2310513233122266', 'meta_lead_id_1_3': '2310513233122266'}]
(Background on this error at: https://sqlalche.me/e/20/e3q8)
WARNING:app.services.facebook_leads_service:Error checking lead existence for 4418865481708732: (psycopg2.OperationalError) SSL connection has been closed unexpectedly

[SQL: SELECT meta_leads_attribution.id AS meta_leads_attribution_id 
FROM meta_leads_attribution 
WHERE meta_leads_attribution.meta_lead_id IN (%(meta_lead_id_1_1)s, %(meta_lead_id_1_2)s, %(meta_lead_id_1_3)s) 
 LIMIT %(param_1)s]
[parameters: {'param_1': 1, 'meta_lead_id_1_1': '4418865481708732', 'meta_lead_id_1_2': 'l:4418865481708732', 'meta_lead_id_1_3': '4418865481708732'}]
(Background on this error at: https://sqlalche.me/e/20/e3q8)
WARNING:app.services.facebook_leads_service:Meta Graph API error [AUTHENTICATION] status=400: Unsupported get request. Object with ID '921784744346805' does not exist, cannot be loaded due to missing permissions, or does not support this operation. Please read the Graph API documentation at https://developers.facebook.com/docs/graph-api
WARNING:app.services.facebook_leads_service:Error checking lead existence for 2356721351739033: (psycopg2.OperationalError) SSL connection has been closed unexpectedly

[SQL: SELECT meta_leads_attribution.id AS meta_leads_attribution_id 
FROM meta_leads_attribution 
WHERE meta_leads_attribution.meta_lead_id IN (%(meta_lead_id_1_1)s, %(meta_lead_id_1_2)s, %(meta_lead_id_1_3)s) 
 LIMIT %(param_1)s]
[parameters: {'param_1': 1, 'meta_lead_id_1_1': '2356721351739033', 'meta_lead_id_1_2': 'l:2356721351739033', 'meta_lead_id_1_3': '2356721351739033'}]
(Background on this error at: https://sqlalche.me/e/20/e3q8)
WARNING:app.services.facebook_leads_service:Error checking lead existence for 1061321600093358: (psycopg2.OperationalError) SSL connection has been closed unexpectedly

[SQL: SELECT meta_leads_attribution.id AS meta_leads_attribution_id 
FROM meta_leads_attribution 
WHERE meta_leads_attribution.meta_lead_id IN (%(meta_lead_id_1_1)s, %(meta_lead_id_1_2)s, %(meta_lead_id_1_3)s) 
 LIMIT %(param_1)s]
[parameters: {'param_1': 1, 'meta_lead_id_1_1': '1061321600093358', 'meta_lead_id_1_2': 'l:1061321600093358', 'meta_lead_id_1_3': '1061321600093358'}]
(Background on this error at: https://sqlalche.me/e/20/e3q8)
ERROR:app.services.facebook_leads_service:[DB-INTEGRITY-ERROR] Integrity error ingesting lead 2584191212042184: (psycopg2.errors.UniqueViolation) duplicate key value violates unique constraint "ux_crm_leads_phone"
DETAIL:  Key (phone)=(+916300209352) already exists.

[SQL: INSERT INTO crm_leads (tenant_id, company_id, name, gender, email, phone, phone_primary_whatsapp, alternate_phone, phone_secondary_whatsapp, category_id, source, source_details, status, priority, handler_type, handler_id, description, requirements, looking_for, recent_comments, budget_min, budget_max, address, area, city, state, pincode, expected_close_date, actual_close_date, deal_value, deal_value_total, deal_value_excl_tax, deal_tax_rate, deal_value_received, deal_value_balance, points_evaluated_dvr, confirmed_final_value, solar_value, lost_reason, tags, last_contact_date, next_followup_date, depends_on_staff_id, telecaller_id, field_staff_id, associated_partner_id, direct_team_lead_points_awarded, direct_team_lead_points_awarded_at, direct_team_lead_sponsor_id, vendor_id, mnr_handler_id, is_vgk_program, vgk_field_support_id, solar_brand_id, community_id, aadhaar_number, pan_number, electricity_bill_number, google_maps_link, bank_account_number, ifsc_code, subsidy_status, application_no, accepted_date, loan_bank, bank_branch, documents_folder_link, material_reach_date, installation_date, existing_association, bank_entry_updated, bank_statement_available, regular_income_available, monthly_income, co_applicant_name, co_applicant_phone, co_applicant_aadhaar, co_applicant_pan, co_applicant_bank_account, co_applicant_ifsc, solar_pipeline_status, solar_pipeline_status_updated_at, submit_date, complete_date, first_dvr_confirmed_at, first_payment_received_date, remaining_stage1_advance, remaining_stage1_advance_l1, remaining_stage1_advance_l2, cibil_confirmed, cibil_score, cibil_score_updated_at, ev_b2b_stage, kw_size, discom, sc_number, consumer_no, sanction_date, mnre_app_ref, discom_reg_no, latitude, longitude, grid_phase, investment_capacity, planning_to_start, full_time_business, guru_id, z_guru_id, adi_guru_id, core_id, guru_name, z_guru_name, core_name, team_senior_partner_id, team_extended_partner_id, team_core_partner_id, source_ref_type, source_ref_id, source_ref_name, field_support_ref_type, field_support_ref_id, field_support_ref_name, technical_id, support_staff_id, technical_staff1_id, guru_supported, z_guru_supported, adi_guru_supported, core_supported, telecaller_supported, showroom_supported, technical_supported, field_support_supported, support_staff_supported, technical_staff1_supported, showroom_vgk_id, primary_owner_type, primary_owner_id, property_id, lost_at, created_at, updated_at, created_by_type, created_by_id) VALUES (%(tenant_id)s, %(company_id)s, %(name)s, %(gender)s, %(email)s, %(phone)s, %(phone_primary_whatsapp)s, %(alternate_phone)s, %(phone_secondary_whatsapp)s, %(category_id)s, %(source)s, %(source_details)s, %(status)s, %(priority)s, %(handler_type)s, %(handler_id)s, %(description)s, %(requirements)s, %(looking_for)s, %(recent_comments)s, %(budget_min)s, %(budget_max)s, %(address)s, %(area)s, %(city)s, %(state)s, %(pincode)s, %(expected_close_date)s, %(actual_close_date)s, %(deal_value)s, %(deal_value_total)s, %(deal_value_excl_tax)s, %(deal_tax_rate)s, %(deal_value_received)s, %(deal_value_balance)s, %(points_evaluated_dvr)s, %(confirmed_final_value)s, %(solar_value)s, %(lost_reason)s, %(tags)s, %(last_contact_date)s, %(next_followup_date)s, %(depends_on_staff_id)s, %(telecaller_id)s, %(field_staff_id)s, %(associated_partner_id)s, %(direct_team_lead_points_awarded)s, %(direct_team_lead_points_awarded_at)s, %(direct_team_lead_sponsor_id)s, %(vendor_id)s, %(mnr_handler_id)s, %(is_vgk_program)s, %(vgk_field_support_id)s, %(solar_brand_id)s, %(community_id)s, %(aadhaar_number)s, %(pan_number)s, %(electricity_bill_number)s, %(google_maps_link)s, %(bank_account_number)s, %(ifsc_code)s, %(subsidy_status)s, %(application_no)s, %(accepted_date)s, %(loan_bank)s, %(bank_branch)s, %(documents_folder_link)s, %(material_reach_date)s, %(installation_date)s, %(existing_association)s, %(bank_entry_updated)s, %(bank_statement_available)s, %(regular_income_available)s, %(monthly_income)s, %(co_applicant_name)s, %(co_applicant_phone)s, %(co_applicant_aadhaar)s, %(co_applicant_pan)s, %(co_applicant_bank_account)s, %(co_applicant_ifsc)s, %(solar_pipeline_status)s, %(solar_pipeline_status_updated_at)s, %(submit_date)s, %(complete_date)s, %(first_dvr_confirmed_at)s, %(first_payment_received_date)s, %(remaining_stage1_advance)s, %(remaining_stage1_advance_l1)s, %(remaining_stage1_advance_l2)s, %(cibil_confirmed)s, %(cibil_score)s, %(cibil_score_updated_at)s, %(ev_b2b_stage)s, %(kw_size)s, %(discom)s, %(sc_number)s, %(consumer_no)s, %(sanction_date)s, %(mnre_app_ref)s, %(discom_reg_no)s, %(latitude)s, %(longitude)s, %(grid_phase)s, %(investment_capacity)s, %(planning_to_start)s, %(full_time_business)s, %(guru_id)s, %(z_guru_id)s, %(adi_guru_id)s, %(core_id)s, %(guru_name)s, %(z_guru_name)s, %(core_name)s, %(team_senior_partner_id)s, %(team_extended_partner_id)s, %(team_core_partner_id)s, %(source_ref_type)s, %(source_ref_id)s, %(source_ref_name)s, %(field_support_ref_type)s, %(field_support_ref_id)s, %(field_support_ref_name)s, %(technical_id)s, %(support_staff_id)s, %(technical_staff1_id)s, %(guru_supported)s, %(z_guru_supported)s, %(adi_guru_supported)s, %(core_supported)s, %(telecaller_supported)s, %(showroom_supported)s, %(technical_supported)s, %(field_support_supported)s, %(support_staff_supported)s, %(technical_staff1_supported)s, %(showroom_vgk_id)s, %(primary_owner_type)s, %(primary_owner_id)s, %(property_id)s, %(lost_at)s, %(created_at)s, %(updated_at)s, %(created_by_type)s, %(created_by_id)s) RETURNING crm_leads.id]
[parameters: {'tenant_id': 1, 'company_id': 2, 'name': 'Rajakumar', 'gender': None, 'email': 'rajak67742@gmail.com', 'phone': '+916300209352', 'phone_primary_whatsapp': False, 'alternate_phone': None, 'phone_secondary_whatsapp': False, 'category_id': 42, 'source': 'Online - M', 'source_details': '{"lead_id": "2584191212042184", "form_id": "1596737462160734", "page_id": "442395068958730", "page_name": "EV Craze4u", "page_segment": "EV_SPARES",  ... (166 characters truncated) ... , "email": "rajak67742@gmail.com", "full_name": "Rajakumar", "phone_number": "+916300209352", "zip_code": "504204", "phone_number_verified": "true"}}', 'status': 'new', 'priority': 'high', 'handler_type': 'unassigned', 'handler_id': None, 'description': 'Facebook Lead — EV Craze4u\nWhat Are You Interested In?: ev_technician_career', 'requirements': None, 'looking_for': 'ETC Training', 'recent_comments': None, 'budget_min': None, 'budget_max': None, 'address': None, 'area': None, 'city': 'Adilabad', 'state': 'Telangana', 'pincode': '504204', 'expected_close_date': None, 'actual_close_date': None, 'deal_value': None, 'deal_value_total': 0, 'deal_value_excl_tax': 0, 'deal_tax_rate': 0, 'deal_value_received': 0, 'deal_value_balance': 0, 'points_evaluated_dvr': 0.0, 'confirmed_final_value': None, 'solar_value': None, 'lost_reason': None, 'tags': 'etc_training', 'last_contact_date': None, 'next_followup_date': None, 'depends_on_staff_id': None, 'telecaller_id': None, 'field_staff_id': None, 'associated_partner_id': None, 'direct_team_lead_points_awarded': False, 'direct_team_lead_points_awarded_at': None, 'direct_team_lead_sponsor_id': None, 'vendor_id': None ... 44 parameters truncated ... 'discom': None, 'sc_number': None, 'consumer_no': None, 'sanction_date': None, 'mnre_app_ref': None, 'discom_reg_no': None, 'latitude': None, 'longitude': None, 'grid_phase': None, 'investment_capacity': None, 'planning_to_start': None, 'full_time_business': None, 'guru_id': None, 'z_guru_id': None, 'adi_guru_id': None, 'core_id': None, 'guru_name': None, 'z_guru_name': None, 'core_name': None, 'team_senior_partner_id': None, 'team_extended_partner_id': None, 'team_core_partner_id': None, 'source_ref_type': None, 'source_ref_id': None, 'source_ref_name': None, 'field_support_ref_type': None, 'field_support_ref_id': None, 'field_support_ref_name': None, 'technical_id': None, 'support_staff_id': None, 'technical_staff1_id': None, 'guru_supported': None, 'z_guru_supported': None, 'adi_guru_supported': None, 'core_supported': None, 'telecaller_supported': None, 'showroom_supported': None, 'technical_supported': None, 'field_support_supported': None, 'support_staff_supported': None, 'technical_staff1_supported': None, 'showroom_vgk_id': None, 'primary_owner_type': None, 'primary_owner_id': None, 'property_id': None, 'lost_at': None, 'created_at': datetime.datetime(2026, 9, 7, 7, 10, 54), 'updated_at': datetime.datetime(2026, 9, 7, 7, 10, 54), 'created_by_type': 'system', 'created_by_id': 'facebook_webhook'}]
(Background on this error at: https://sqlalche.me/e/20/gkpj)
WARNING:app.services.facebook_leads_service:Error checking lead existence for 1072250585661429: (psycopg2.OperationalError) SSL connection has been closed unexpectedly

[SQL: SELECT meta_leads_attribution.id AS meta_leads_attribution_id 
FROM meta_leads_attribution 
WHERE meta_leads_attribution.meta_lead_id IN (%(meta_lead_id_1_1)s, %(meta_lead_id_1_2)s, %(meta_lead_id_1_3)s) 
 LIMIT %(param_1)s]
[parameters: {'param_1': 1, 'meta_lead_id_1_1': '1072250585661429', 'meta_lead_id_1_2': 'l:1072250585661429', 'meta_lead_id_1_3': '1072250585661429'}]
(Background on this error at: https://sqlalche.me/e/20/e3q8)
WARNING:app.services.facebook_leads_service:Meta Graph API error [VALIDATION] status=400: (#10) User has insufficient privileges on the page.
WARNING:app.services.facebook_leads_service:Meta Graph API error [AUTHENTICATION] status=400: Unsupported get request. Object with ID '1005465332641372' does not exist, cannot be loaded due to missing permissions, or does not support this operation. Please read the Graph API documentation at https://developers.facebook.com/docs/graph-api
WARNING:app.services.facebook_leads_service:Meta Graph API error [AUTHENTICATION] status=400: Unsupported get request. Object with ID '1019684831223211' does not exist, cannot be loaded due to missing permissions, or does not support this operation. Please read the Graph API documentation at https://developers.facebook.com/docs/graph-api
WARNING:app.services.facebook_leads_service:Error checking lead existence for 2310513233122266: (psycopg2.OperationalError) SSL connection has been closed unexpectedly

[SQL: SELECT meta_leads_attribution.id AS meta_leads_attribution_id 
FROM meta_leads_attribution 
WHERE meta_leads_attribution.meta_lead_id IN (%(meta_lead_id_1_1)s, %(meta_lead_id_1_2)s, %(meta_lead_id_1_3)s) 
 LIMIT %(param_1)s]
[parameters: {'param_1': 1, 'meta_lead_id_1_1': '2310513233122266', 'meta_lead_id_1_2': 'l:2310513233122266', 'meta_lead_id_1_3': '2310513233122266'}]
(Background on this error at: https://sqlalche.me/e/20/e3q8)
WARNING:app.services.facebook_leads_service:Meta Graph API error [AUTHENTICATION] status=400: Unsupported get request. Object with ID '921784744346805' does not exist, cannot be loaded due to missing permissions, or does not support this operation. Please read the Graph API documentation at https://developers.facebook.com/docs/graph-api
WARNING:app.services.facebook_leads_service:Error checking lead existence for 2356721351739033: (psycopg2.OperationalError) SSL connection has been closed unexpectedly

[SQL: SELECT meta_leads_attribution.id AS meta_leads_attribution_id 
FROM meta_leads_attribution 
WHERE meta_leads_attribution.meta_lead_id IN (%(meta_lead_id_1_1)s, %(meta_lead_id_1_2)s, %(meta_lead_id_1_3)s) 
 LIMIT %(param_1)s]
[parameters: {'param_1': 1, 'meta_lead_id_1_1': '2356721351739033', 'meta_lead_id_1_2': 'l:2356721351739033', 'meta_lead_id_1_3': '2356721351739033'}]
(Background on this error at: https://sqlalche.me/e/20/e3q8)
ERROR:app.services.facebook_leads_service:[DB-INTEGRITY-ERROR] Integrity error ingesting lead 2584191212042184: (psycopg2.errors.UniqueViolation) duplicate key value violates unique constraint "ux_crm_leads_phone"
DETAIL:  Key (phone)=(+916300209352) already exists.

[SQL: INSERT INTO crm_leads (tenant_id, company_id, name, gender, email, phone, phone_primary_whatsapp, alternate_phone, phone_secondary_whatsapp, category_id, source, source_details, status, priority, handler_type, handler_id, description, requirements, looking_for, recent_comments, budget_min, budget_max, address, area, city, state, pincode, expected_close_date, actual_close_date, deal_value, deal_value_total, deal_value_excl_tax, deal_tax_rate, deal_value_received, deal_value_balance, points_evaluated_dvr, confirmed_final_value, solar_value, lost_reason, tags, last_contact_date, next_followup_date, depends_on_staff_id, telecaller_id, field_staff_id, associated_partner_id, direct_team_lead_points_awarded, direct_team_lead_points_awarded_at, direct_team_lead_sponsor_id, vendor_id, mnr_handler_id, is_vgk_program, vgk_field_support_id, solar_brand_id, community_id, aadhaar_number, pan_number, electricity_bill_number, google_maps_link, bank_account_number, ifsc_code, subsidy_status, application_no, accepted_date, loan_bank, bank_branch, documents_folder_link, material_reach_date, installation_date, existing_association, bank_entry_updated, bank_statement_available, regular_income_available, monthly_income, co_applicant_name, co_applicant_phone, co_applicant_aadhaar, co_applicant_pan, co_applicant_bank_account, co_applicant_ifsc, solar_pipeline_status, solar_pipeline_status_updated_at, submit_date, complete_date, first_dvr_confirmed_at, first_payment_received_date, remaining_stage1_advance, remaining_stage1_advance_l1, remaining_stage1_advance_l2, cibil_confirmed, cibil_score, cibil_score_updated_at, ev_b2b_stage, kw_size, discom, sc_number, consumer_no, sanction_date, mnre_app_ref, discom_reg_no, latitude, longitude, grid_phase, investment_capacity, planning_to_start, full_time_business, guru_id, z_guru_id, adi_guru_id, core_id, guru_name, z_guru_name, core_name, team_senior_partner_id, team_extended_partner_id, team_core_partner_id, source_ref_type, source_ref_id, source_ref_name, field_support_ref_type, field_support_ref_id, field_support_ref_name, technical_id, support_staff_id, technical_staff1_id, guru_supported, z_guru_supported, adi_guru_supported, core_supported, telecaller_supported, showroom_supported, technical_supported, field_support_supported, support_staff_supported, technical_staff1_supported, showroom_vgk_id, primary_owner_type, primary_owner_id, property_id, lost_at, created_at, updated_at, created_by_type, created_by_id) VALUES (%(tenant_id)s, %(company_id)s, %(name)s, %(gender)s, %(email)s, %(phone)s, %(phone_primary_whatsapp)s, %(alternate_phone)s, %(phone_secondary_whatsapp)s, %(category_id)s, %(source)s, %(source_details)s, %(status)s, %(priority)s, %(handler_type)s, %(handler_id)s, %(description)s, %(requirements)s, %(looking_for)s, %(recent_comments)s, %(budget_min)s, %(budget_max)s, %(address)s, %(area)s, %(city)s, %(state)s, %(pincode)s, %(expected_close_date)s, %(actual_close_date)s, %(deal_value)s, %(deal_value_total)s, %(deal_value_excl_tax)s, %(deal_tax_rate)s, %(deal_value_received)s, %(deal_value_balance)s, %(points_evaluated_dvr)s, %(confirmed_final_value)s, %(solar_value)s, %(lost_reason)s, %(tags)s, %(last_contact_date)s, %(next_followup_date)s, %(depends_on_staff_id)s, %(telecaller_id)s, %(field_staff_id)s, %(associated_partner_id)s, %(direct_team_lead_points_awarded)s, %(direct_team_lead_points_awarded_at)s, %(direct_team_lead_sponsor_id)s, %(vendor_id)s, %(mnr_handler_id)s, %(is_vgk_program)s, %(vgk_field_support_id)s, %(solar_brand_id)s, %(community_id)s, %(aadhaar_number)s, %(pan_number)s, %(electricity_bill_number)s, %(google_maps_link)s, %(bank_account_number)s, %(ifsc_code)s, %(subsidy_status)s, %(application_no)s, %(accepted_date)s, %(loan_bank)s, %(bank_branch)s, %(documents_folder_link)s, %(material_reach_date)s, %(installation_date)s, %(existing_association)s, %(bank_entry_updated)s, %(bank_statement_available)s, %(regular_income_available)s, %(monthly_income)s, %(co_applicant_name)s, %(co_applicant_phone)s, %(co_applicant_aadhaar)s, %(co_applicant_pan)s, %(co_applicant_bank_account)s, %(co_applicant_ifsc)s, %(solar_pipeline_status)s, %(solar_pipeline_status_updated_at)s, %(submit_date)s, %(complete_date)s, %(first_dvr_confirmed_at)s, %(first_payment_received_date)s, %(remaining_stage1_advance)s, %(remaining_stage1_advance_l1)s, %(remaining_stage1_advance_l2)s, %(cibil_confirmed)s, %(cibil_score)s, %(cibil_score_updated_at)s, %(ev_b2b_stage)s, %(kw_size)s, %(discom)s, %(sc_number)s, %(consumer_no)s, %(sanction_date)s, %(mnre_app_ref)s, %(discom_reg_no)s, %(latitude)s, %(longitude)s, %(grid_phase)s, %(investment_capacity)s, %(planning_to_start)s, %(full_time_business)s, %(guru_id)s, %(z_guru_id)s, %(adi_guru_id)s, %(core_id)s, %(guru_name)s, %(z_guru_name)s, %(core_name)s, %(team_senior_partner_id)s, %(team_extended_partner_id)s, %(team_core_partner_id)s, %(source_ref_type)s, %(source_ref_id)s, %(source_ref_name)s, %(field_support_ref_type)s, %(field_support_ref_id)s, %(field_support_ref_name)s, %(technical_id)s, %(support_staff_id)s, %(technical_staff1_id)s, %(guru_supported)s, %(z_guru_supported)s, %(adi_guru_supported)s, %(core_supported)s, %(telecaller_supported)s, %(showroom_supported)s, %(technical_supported)s, %(field_support_supported)s, %(support_staff_supported)s, %(technical_staff1_supported)s, %(showroom_vgk_id)s, %(primary_owner_type)s, %(primary_owner_id)s, %(property_id)s, %(lost_at)s, %(created_at)s, %(updated_at)s, %(created_by_type)s, %(created_by_id)s) RETURNING crm_leads.id]
[parameters: {'tenant_id': 1, 'company_id': 2, 'name': 'Rajakumar', 'gender': None, 'email': 'rajak67742@gmail.com', 'phone': '+916300209352', 'phone_primary_whatsapp': False, 'alternate_phone': None, 'phone_secondary_whatsapp': False, 'category_id': 42, 'source': 'Online - M', 'source_details': '{"lead_id": "2584191212042184", "form_id": "1596737462160734", "page_id": "442395068958730", "page_name": "EV Craze4u", "page_segment": "EV_SPARES",  ... (166 characters truncated) ... , "email": "rajak67742@gmail.com", "full_name": "Rajakumar", "phone_number": "+916300209352", "zip_code": "504204", "phone_number_verified": "true"}}', 'status': 'new', 'priority': 'high', 'handler_type': 'unassigned', 'handler_id': None, 'description': 'Facebook Lead — EV Craze4u\nWhat Are You Interested In?: ev_technician_career', 'requirements': None, 'looking_for': 'ETC Training', 'recent_comments': None, 'budget_min': None, 'budget_max': None, 'address': None, 'area': None, 'city': 'Adilabad', 'state': 'Telangana', 'pincode': '504204', 'expected_close_date': None, 'actual_close_date': None, 'deal_value': None, 'deal_value_total': 0, 'deal_value_excl_tax': 0, 'deal_tax_rate': 0, 'deal_value_received': 0, 'deal_value_balance': 0, 'points_evaluated_dvr': 0.0, 'confirmed_final_value': None, 'solar_value': None, 'lost_reason': None, 'tags': 'etc_training', 'last_contact_date': None, 'next_followup_date': None, 'depends_on_staff_id': None, 'telecaller_id': None, 'field_staff_id': None, 'associated_partner_id': None, 'direct_team_lead_points_awarded': False, 'direct_team_lead_points_awarded_at': None, 'direct_team_lead_sponsor_id': None, 'vendor_id': None ... 44 parameters truncated ... 'discom': None, 'sc_number': None, 'consumer_no': None, 'sanction_date': None, 'mnre_app_ref': None, 'discom_reg_no': None, 'latitude': None, 'longitude': None, 'grid_phase': None, 'investment_capacity': None, 'planning_to_start': None, 'full_time_business': None, 'guru_id': None, 'z_guru_id': None, 'adi_guru_id': None, 'core_id': None, 'guru_name': None, 'z_guru_name': None, 'core_name': None, 'team_senior_partner_id': None, 'team_extended_partner_id': None, 'team_core_partner_id': None, 'source_ref_type': None, 'source_ref_id': None, 'source_ref_name': None, 'field_support_ref_type': None, 'field_support_ref_id': None, 'field_support_ref_name': None, 'technical_id': None, 'support_staff_id': None, 'technical_staff1_id': None, 'guru_supported': None, 'z_guru_supported': None, 'adi_guru_supported': None, 'core_supported': None, 'telecaller_supported': None, 'showroom_supported': None, 'technical_supported': None, 'field_support_supported': None, 'support_staff_supported': None, 'technical_staff1_supported': None, 'showroom_vgk_id': None, 'primary_owner_type': None, 'primary_owner_id': None, 'property_id': None, 'lost_at': None, 'created_at': datetime.datetime(2026, 9, 7, 7, 10, 54), 'updated_at': datetime.datetime(2026, 9, 7, 7, 10, 54), 'created_by_type': 'system', 'created_by_id': 'facebook_webhook'}]
(Background on this error at: https://sqlalche.me/e/20/gkpj)
WARNING:app.services.facebook_leads_service:Meta Graph API error [VALIDATION] status=400: (#10) User has insufficient privileges on the page.
WARNING:app.services.facebook_leads_service:Meta Graph API error [AUTHENTICATION] status=400: Unsupported get request. Object with ID '1005465332641372' does not exist, cannot be loaded due to missing permissions, or does not support this operation. Please read the Graph API documentation at https://developers.facebook.com/docs/graph-api
WARNING:app.services.facebook_leads_service:Meta Graph API error [AUTHENTICATION] status=400: Unsupported get request. Object with ID '1019684831223211' does not exist, cannot be loaded due to missing permissions, or does not support this operation. Please read the Graph API documentation at https://developers.facebook.com/docs/graph-api
WARNING:app.services.facebook_leads_service:Error checking lead existence for 2310513233122266: (psycopg2.OperationalError) SSL connection has been closed unexpectedly

[SQL: SELECT meta_leads_attribution.id AS meta_leads_attribution_id 
FROM meta_leads_attribution 
WHERE meta_leads_attribution.meta_lead_id IN (%(meta_lead_id_1_1)s, %(meta_lead_id_1_2)s, %(meta_lead_id_1_3)s) 
 LIMIT %(param_1)s]
[parameters: {'param_1': 1, 'meta_lead_id_1_1': '2310513233122266', 'meta_lead_id_1_2': 'l:2310513233122266', 'meta_lead_id_1_3': '2310513233122266'}]
(Background on this error at: https://sqlalche.me/e/20/e3q8)
WARNING:app.services.facebook_leads_service:Meta Graph API error [AUTHENTICATION] status=400: Unsupported get request. Object with ID '921784744346805' does not exist, cannot be loaded due to missing permissions, or does not support this operation. Please read the Graph API documentation at https://developers.facebook.com/docs/graph-api
WARNING:app.services.facebook_leads_service:Error checking lead existence for 2356721351739033: (psycopg2.OperationalError) SSL connection has been closed unexpectedly

[SQL: SELECT meta_leads_attribution.id AS meta_leads_attribution_id 
FROM meta_leads_attribution 
WHERE meta_leads_attribution.meta_lead_id IN (%(meta_lead_id_1_1)s, %(meta_lead_id_1_2)s, %(meta_lead_id_1_3)s) 
 LIMIT %(param_1)s]
[parameters: {'param_1': 1, 'meta_lead_id_1_1': '2356721351739033', 'meta_lead_id_1_2': 'l:2356721351739033', 'meta_lead_id_1_3': '2356721351739033'}]
(Background on this error at: https://sqlalche.me/e/20/e3q8)
ERROR:app.services.facebook_leads_service:[DB-INTEGRITY-ERROR] Integrity error ingesting lead 2584191212042184: (psycopg2.errors.UniqueViolation) duplicate key value violates unique constraint "ux_crm_leads_phone"
DETAIL:  Key (phone)=(+916300209352) already exists.

[SQL: INSERT INTO crm_leads (tenant_id, company_id, name, gender, email, phone, phone_primary_whatsapp, alternate_phone, phone_secondary_whatsapp, category_id, source, source_details, status, priority, handler_type, handler_id, description, requirements, looking_for, recent_comments, budget_min, budget_max, address, area, city, state, pincode, expected_close_date, actual_close_date, deal_value, deal_value_total, deal_value_excl_tax, deal_tax_rate, deal_value_received, deal_value_balance, points_evaluated_dvr, confirmed_final_value, solar_value, lost_reason, tags, last_contact_date, next_followup_date, depends_on_staff_id, telecaller_id, field_staff_id, associated_partner_id, direct_team_lead_points_awarded, direct_team_lead_points_awarded_at, direct_team_lead_sponsor_id, vendor_id, mnr_handler_id, is_vgk_program, vgk_field_support_id, solar_brand_id, community_id, aadhaar_number, pan_number, electricity_bill_number, google_maps_link, bank_account_number, ifsc_code, subsidy_status, application_no, accepted_date, loan_bank, bank_branch, documents_folder_link, material_reach_date, installation_date, existing_association, bank_entry_updated, bank_statement_available, regular_income_available, monthly_income, co_applicant_name, co_applicant_phone, co_applicant_aadhaar, co_applicant_pan, co_applicant_bank_account, co_applicant_ifsc, solar_pipeline_status, solar_pipeline_status_updated_at, submit_date, complete_date, first_dvr_confirmed_at, first_payment_received_date, remaining_stage1_advance, remaining_stage1_advance_l1, remaining_stage1_advance_l2, cibil_confirmed, cibil_score, cibil_score_updated_at, ev_b2b_stage, kw_size, discom, sc_number, consumer_no, sanction_date, mnre_app_ref, discom_reg_no, latitude, longitude, grid_phase, investment_capacity, planning_to_start, full_time_business, guru_id, z_guru_id, adi_guru_id, core_id, guru_name, z_guru_name, core_name, team_senior_partner_id, team_extended_partner_id, team_core_partner_id, source_ref_type, source_ref_id, source_ref_name, field_support_ref_type, field_support_ref_id, field_support_ref_name, technical_id, support_staff_id, technical_staff1_id, guru_supported, z_guru_supported, adi_guru_supported, core_supported, telecaller_supported, showroom_supported, technical_supported, field_support_supported, support_staff_supported, technical_staff1_supported, showroom_vgk_id, primary_owner_type, primary_owner_id, property_id, lost_at, created_at, updated_at, created_by_type, created_by_id) VALUES (%(tenant_id)s, %(company_id)s, %(name)s, %(gender)s, %(email)s, %(phone)s, %(phone_primary_whatsapp)s, %(alternate_phone)s, %(phone_secondary_whatsapp)s, %(category_id)s, %(source)s, %(source_details)s, %(status)s, %(priority)s, %(handler_type)s, %(handler_id)s, %(description)s, %(requirements)s, %(looking_for)s, %(recent_comments)s, %(budget_min)s, %(budget_max)s, %(address)s, %(area)s, %(city)s, %(state)s, %(pincode)s, %(expected_close_date)s, %(actual_close_date)s, %(deal_value)s, %(deal_value_total)s, %(deal_value_excl_tax)s, %(deal_tax_rate)s, %(deal_value_received)s, %(deal_value_balance)s, %(points_evaluated_dvr)s, %(confirmed_final_value)s, %(solar_value)s, %(lost_reason)s, %(tags)s, %(last_contact_date)s, %(next_followup_date)s, %(depends_on_staff_id)s, %(telecaller_id)s, %(field_staff_id)s, %(associated_partner_id)s, %(direct_team_lead_points_awarded)s, %(direct_team_lead_points_awarded_at)s, %(direct_team_lead_sponsor_id)s, %(vendor_id)s, %(mnr_handler_id)s, %(is_vgk_program)s, %(vgk_field_support_id)s, %(solar_brand_id)s, %(community_id)s, %(aadhaar_number)s, %(pan_number)s, %(electricity_bill_number)s, %(google_maps_link)s, %(bank_account_number)s, %(ifsc_code)s, %(subsidy_status)s, %(application_no)s, %(accepted_date)s, %(loan_bank)s, %(bank_branch)s, %(documents_folder_link)s, %(material_reach_date)s, %(installation_date)s, %(existing_association)s, %(bank_entry_updated)s, %(bank_statement_available)s, %(regular_income_available)s, %(monthly_income)s, %(co_applicant_name)s, %(co_applicant_phone)s, %(co_applicant_aadhaar)s, %(co_applicant_pan)s, %(co_applicant_bank_account)s, %(co_applicant_ifsc)s, %(solar_pipeline_status)s, %(solar_pipeline_status_updated_at)s, %(submit_date)s, %(complete_date)s, %(first_dvr_confirmed_at)s, %(first_payment_received_date)s, %(remaining_stage1_advance)s, %(remaining_stage1_advance_l1)s, %(remaining_stage1_advance_l2)s, %(cibil_confirmed)s, %(cibil_score)s, %(cibil_score_updated_at)s, %(ev_b2b_stage)s, %(kw_size)s, %(discom)s, %(sc_number)s, %(consumer_no)s, %(sanction_date)s, %(mnre_app_ref)s, %(discom_reg_no)s, %(latitude)s, %(longitude)s, %(grid_phase)s, %(investment_capacity)s, %(planning_to_start)s, %(full_time_business)s, %(guru_id)s, %(z_guru_id)s, %(adi_guru_id)s, %(core_id)s, %(guru_name)s, %(z_guru_name)s, %(core_name)s, %(team_senior_partner_id)s, %(team_extended_partner_id)s, %(team_core_partner_id)s, %(source_ref_type)s, %(source_ref_id)s, %(source_ref_name)s, %(field_support_ref_type)s, %(field_support_ref_id)s, %(field_support_ref_name)s, %(technical_id)s, %(support_staff_id)s, %(technical_staff1_id)s, %(guru_supported)s, %(z_guru_supported)s, %(adi_guru_supported)s, %(core_supported)s, %(telecaller_supported)s, %(showroom_supported)s, %(technical_supported)s, %(field_support_supported)s, %(support_staff_supported)s, %(technical_staff1_supported)s, %(showroom_vgk_id)s, %(primary_owner_type)s, %(primary_owner_id)s, %(property_id)s, %(lost_at)s, %(created_at)s, %(updated_at)s, %(created_by_type)s, %(created_by_id)s) RETURNING crm_leads.id]
[parameters: {'tenant_id': 1, 'company_id': 2, 'name': 'Rajakumar', 'gender': None, 'email': 'rajak67742@gmail.com', 'phone': '+916300209352', 'phone_primary_whatsapp': False, 'alternate_phone': None, 'phone_secondary_whatsapp': False, 'category_id': 42, 'source': 'Online - M', 'source_details': '{"lead_id": "2584191212042184", "form_id": "1596737462160734", "page_id": "442395068958730", "page_name": "EV Craze4u", "page_segment": "EV_SPARES",  ... (166 characters truncated) ... , "email": "rajak67742@gmail.com", "full_name": "Rajakumar", "phone_number": "+916300209352", "zip_code": "504204", "phone_number_verified": "true"}}', 'status': 'new', 'priority': 'high', 'handler_type': 'unassigned', 'handler_id': None, 'description': 'Facebook Lead — EV Craze4u\nWhat Are You Interested In?: ev_technician_career', 'requirements': None, 'looking_for': 'ETC Training', 'recent_comments': None, 'budget_min': None, 'budget_max': None, 'address': None, 'area': None, 'city': 'Adilabad', 'state': 'Telangana', 'pincode': '504204', 'expected_close_date': None, 'actual_close_date': None, 'deal_value': None, 'deal_value_total': 0, 'deal_value_excl_tax': 0, 'deal_tax_rate': 0, 'deal_value_received': 0, 'deal_value_balance': 0, 'points_evaluated_dvr': 0.0, 'confirmed_final_value': None, 'solar_value': None, 'lost_reason': None, 'tags': 'etc_training', 'last_contact_date': None, 'next_followup_date': None, 'depends_on_staff_id': None, 'telecaller_id': None, 'field_staff_id': None, 'associated_partner_id': None, 'direct_team_lead_points_awarded': False, 'direct_team_lead_points_awarded_at': None, 'direct_team_lead_sponsor_id': None, 'vendor_id': None ... 44 parameters truncated ... 'discom': None, 'sc_number': None, 'consumer_no': None, 'sanction_date': None, 'mnre_app_ref': None, 'discom_reg_no': None, 'latitude': None, 'longitude': None, 'grid_phase': None, 'investment_capacity': None, 'planning_to_start': None, 'full_time_business': None, 'guru_id': None, 'z_guru_id': None, 'adi_guru_id': None, 'core_id': None, 'guru_name': None, 'z_guru_name': None, 'core_name': None, 'team_senior_partner_id': None, 'team_extended_partner_id': None, 'team_core_partner_id': None, 'source_ref_type': None, 'source_ref_id': None, 'source_ref_name': None, 'field_support_ref_type': None, 'field_support_ref_id': None, 'field_support_ref_name': None, 'technical_id': None, 'support_staff_id': None, 'technical_staff1_id': None, 'guru_supported': None, 'z_guru_supported': None, 'adi_guru_supported': None, 'core_supported': None, 'telecaller_supported': None, 'showroom_supported': None, 'technical_supported': None, 'field_support_supported': None, 'support_staff_supported': None, 'technical_staff1_supported': None, 'showroom_vgk_id': None, 'primary_owner_type': None, 'primary_owner_id': None, 'property_id': None, 'lost_at': None, 'created_at': datetime.datetime(2026, 9, 7, 7, 10, 54), 'updated_at': datetime.datetime(2026, 9, 7, 7, 10, 54), 'created_by_type': 'system', 'created_by_id': 'facebook_webhook'}]
(Background on this error at: https://sqlalche.me/e/20/gkpj)
ERROR:app.services.leg_metrics_cache_service:❌ Error refreshing metrics for user MNR182398483: (psycopg2.OperationalError) server closed the connection unexpectedly
	This probably means the server terminated abnormally
	before or while processing the request.
server closed the connection unexpectedly
	This probably means the server terminated abnormally
	before or while processing the request.

[SQL: SELECT "user".id AS user_id, "user".name AS user_name, "user".email AS user_email, "user".password AS user_password, "user".user_type AS user_user_type, "user".referrer_id AS user_referrer_id, "user".wallet_balance AS user_wallet_balance, "user".upgrade_wallet_balance AS user_upgrade_wallet_balance, "user".earning_wallet AS user_earning_wallet, "user".withdrawable_wallet AS user_withdrawable_wallet, "user".last_wallet_sync_at AS user_last_wallet_sync_at, "user".kyc_status AS user_kyc_status, "user".kyc_bypass_active AS user_kyc_bypass_active, "user".kyc_original_status AS user_kyc_original_status, "user".kyc_bypassed_at AS user_kyc_bypassed_at, "user".kyc_bypassed_by AS user_kyc_bypassed_by, "user".kyc_bypass_reason AS user_kyc_bypass_reason, "user".coupon_status AS user_coupon_status, "user".package_points AS user_package_points, "user".coupon_status_changed_date AS user_coupon_status_changed_date, "user".coupon_status_changed_time AS user_coupon_status_changed_time, "user".coupon_status_changed_at AS user_coupon_status_changed_at, "user".last_package_assigned_at AS user_last_package_assigned_at, "user".package_assignment_timer_reset AS user_package_assignment_timer_reset, "user".placement_status AS user_placement_status, "user".is_ved AS user_is_ved, "user".ved_owner_id AS user_ved_owner_id, "user".ved_paused AS user_ved_paused, "user".ved_disconnected_date AS user_ved_disconnected_date, "user".ved_activation_date AS user_ved_activation_date, "user".account_status AS user_account_status, "user".registration_date AS user_registration_date, "user".activation_date AS user_activation_date, "user".last_login AS user_last_login, "user".phone_number AS user_phone_number, "user".pan_number_encrypted AS user_pan_number_encrypted, "user".aadhaar_number_encrypted AS user_aadhaar_number_encrypted, "user".mobile_number_encrypted AS user_mobile_number_encrypted, "user".pan_hash AS user_pan_hash, "user".aadhaar_hash AS user_aadhaar_hash, "user".mobile_hash AS user_mobile_hash, "user".mobile_verified AS user_mobile_verified, "user".mobile_verification_code_hash AS user_mobile_verification_code_hash, "user".mobile_verification_expires AS user_mobile_verification_expires, "user".password_reset_token AS user_password_reset_token, "user".password_reset_expires AS user_password_reset_expires, "user".reset_code AS user_reset_code, "user".reset_code_expires AS user_reset_code_expires, "user".secondary_password AS user_secondary_password, "user".force_password_change AS user_force_password_change, "user".temp_password AS user_temp_password, "user".temp_password_expires_at AS user_temp_password_expires_at, "user".kyc_documents_complete AS user_kyc_documents_complete, "user".profile_completion_score AS user_profile_completion_score, "user".user_level AS user_user_level, "user".activation_sequence AS user_activation_sequence, "user".earned_total AS user_earned_total, "user".released_total AS user_released_total, "user".is_red_coupon AS user_is_red_coupon, "user".red_coupon_locked AS user_red_coupon_locked, "user".red_coupon_date AS user_red_coupon_date, "user".red_coupon_unlock_requests AS user_red_coupon_unlock_requests, "user".is_welcome_coupon AS user_is_welcome_coupon, "user".account_locked AS user_account_locked, "user".gender AS user_gender, "user".certificate_date_of_birth AS user_certificate_date_of_birth, "user".actual_date_of_birth AS user_actual_date_of_birth, "user".aadhaar_number AS user_aadhaar_number, "user".pan_number AS user_pan_number, "user".excluded_from_regular_awards AS user_excluded_from_regular_awards, "user".registration_source AS user_registration_source, "user".position AS user_position, "user".position_id AS user_position_id, "user".position_name AS user_position_name, "user".sponsor_name AS user_sponsor_name, "user".date_of_joining AS user_date_of_joining, "user".joining_time AS user_joining_time, "user".address_line1 AS user_address_line1, "user".address_line2 AS user_address_line2, "user".city AS user_city, "user".state AS user_state, "user".postal_code AS user_postal_code, "user".country AS user_country, "user".bank_account_holder AS user_bank_account_holder, "user".bank_name AS user_bank_name, "user".bank_account_number AS user_bank_account_number, "user".bank_ifsc_code AS user_bank_ifsc_code, "user".bank_branch_name AS user_bank_branch_name, "user".upi_id AS user_upi_id, "user".profile_updated_at AS user_profile_updated_at, "user".bank_details_status AS user_bank_details_status, "user".bank_admin_approved_by AS user_bank_admin_approved_by, "user".bank_admin_approved_at AS user_bank_admin_approved_at, "user".bank_finance_approved_by AS user_bank_finance_approved_by, "user".bank_finance_approved_at AS user_bank_finance_approved_at, "user".bank_rejection_reason AS user_bank_rejection_reason, "user".aadhaar_verified AS user_aadhaar_verified, "user".pan_verified AS user_pan_verified, "user".document_verified AS user_document_verified, "user".account_holder_verified AS user_account_holder_verified, "user".account_number_verified AS user_account_number_verified, "user".ifsc_verified AS user_ifsc_verified, "user".bank_name_verified AS user_bank_name_verified, "user".branch_verified AS user_branch_verified, "user".aadhaar_verified_by AS user_aadhaar_verified_by, "user".pan_verified_by AS user_pan_verified_by, "user".document_verified_by AS user_document_verified_by, "user".account_holder_verified_by AS user_account_holder_verified_by, "user".account_number_verified_by AS user_account_number_verified_by, "user".ifsc_verified_by AS user_ifsc_verified_by, "user".bank_name_verified_by AS user_bank_name_verified_by, "user".branch_verified_by AS user_branch_verified_by, "user".aadhaar_verified_at AS user_aadhaar_verified_at, "user".pan_verified_at AS user_pan_verified_at, "user".document_verified_at AS user_document_verified_at, "user".account_holder_verified_at AS user_account_holder_verified_at, "user".account_number_verified_at AS user_account_number_verified_at, "user".ifsc_verified_at AS user_ifsc_verified_at, "user".bank_name_verified_at AS user_bank_name_verified_at, "user".branch_verified_at AS user_branch_verified_at, "user".aadhaar_validated AS user_aadhaar_validated, "user".aadhaar_validated_by AS user_aadhaar_validated_by, "user".aadhaar_validated_at AS user_aadhaar_validated_at, "user".pan_validated AS user_pan_validated, "user".pan_validated_by AS user_pan_validated_by, "user".pan_validated_at AS user_pan_validated_at, "user".document_validated AS user_document_validated, "user".document_validated_by AS user_document_validated_by, "user".document_validated_at AS user_document_validated_at, "user".account_holder_validated AS user_account_holder_validated, "user".account_holder_validated_by AS user_account_holder_validated_by, "user".account_holder_validated_at AS user_account_holder_validated_at, "user".account_number_validated AS user_account_number_validated, "user".account_number_validated_by AS user_account_number_validated_by, "user".account_number_validated_at AS user_account_number_validated_at, "user".ifsc_validated AS user_ifsc_validated, "user".ifsc_validated_by AS user_ifsc_validated_by, "user".ifsc_validated_at AS user_ifsc_validated_at, "user".bank_name_validated AS user_bank_name_validated, "user".bank_name_validated_by AS user_bank_name_validated_by, "user".bank_name_validated_at AS user_bank_name_validated_at, "user".branch_validated AS user_branch_validated, "user".branch_validated_by AS user_branch_validated_by, "user".branch_validated_at AS user_branch_validated_at, "user".referral_bonus_eligible AS user_referral_bonus_eligible, "user".first_referral_bonus_paid AS user_first_referral_bonus_paid, "user".first_matching_achieved AS user_first_matching_achieved, "user".referral_bonus_count AS user_referral_bonus_count, "user".accepted_terms_version AS user_accepted_terms_version, "user".acceptance_timestamp AS user_acceptance_timestamp 
FROM "user" 
WHERE "user".id = %(id_1)s 
 LIMIT %(param_1)s]
[parameters: {'id_1': 'MNR182398483', 'param_1': 1}]
(Background on this error at: https://sqlalche.me/e/20/e3q8)
WARNING:apscheduler.executors.default:Run time of job "DC Protocol: Auto Clock-Out Unclosed Attendance (23:59 IST) (trigger: cron[hour='23', minute='59'], next run at: 2026-10-01 23:59:00 IST)" was missed by 5:22:53.462365
WARNING:apscheduler.executors.default:Run time of job "Meta Ads: 15-Minute Automated Lead Ingestion & Graph API Sync (trigger: cron[minute='*/15'], next run at: 2026-10-01 05:30:00 IST)" was missed by 0:06:53.462594
WARNING:apscheduler.executors.default:Run time of job "Calculate Previous Day Incomes (trigger: cron[hour='0', minute='0'], next run at: 2026-10-01 00:00:00 IST)" was missed by 5:21:53.554456
WARNING:apscheduler.executors.default:Run time of job "MyOperator: Periodic Call Log Sync (every 30 min) (trigger: cron[minute='*/30'], next run at: 2026-10-01 05:30:00 IST)" was missed by 0:21:53.556273
WARNING:apscheduler.executors.default:Run time of job "DC_CREDIT_001: Update Overdue Status (trigger: cron[hour='1', minute='0'], next run at: 2026-10-02 01:00:00 IST)" was missed by 4:21:53.556391
WARNING:apscheduler.executors.default:Run time of job "DC Protocol: Refresh Wallet Views (Daily) (trigger: cron[hour='1', minute='30'], next run at: 2026-10-02 01:30:00 IST)" was missed by 3:51:53.556478
WARNING:apscheduler.executors.default:Run time of job "VGK Points: Auto-Refill Safety Net (2AM IST) (trigger: cron[hour='2', minute='0'], next run at: 2026-10-02 02:00:00 IST)" was missed by 3:21:53.556555
WARNING:apscheduler.executors.default:Run time of job "Meta Ads: 12-Hour Integration Health & Token Diagnostic (trigger: cron[hour='4,16', minute='0'], next run at: 2026-10-01 16:00:00 IST)" was missed by 1:21:53.556628
WARNING:apscheduler.executors.default:Run time of job "Calculate Monthly Field Allowances (trigger: cron[day='1', hour='0', minute='0'], next run at: 2026-11-01 00:00:00 IST)" was missed by 5:21:53.556710
WARNING:apscheduler.executors.default:Run time of job "Training Videos: Sync from Google Doc (Hourly) (trigger: cron[minute='0'], next run at: 2026-10-01 06:00:00 IST)" was missed by 0:21:53.556795
WARNING:app.services.facebook_leads_service:Meta Graph API error [VALIDATION] status=400: (#10) User has insufficient privileges on the page.
WARNING:app.services.facebook_leads_service:Meta Graph API error [AUTHENTICATION] status=400: Unsupported get request. Object with ID '1005465332641372' does not exist, cannot be loaded due to missing permissions, or does not support this operation. Please read the Graph API documentation at https://developers.facebook.com/docs/graph-api
WARNING:app.services.facebook_leads_service:Meta Graph API error [AUTHENTICATION] status=400: Unsupported get request. Object with ID '1019684831223211' does not exist, cannot be loaded due to missing permissions, or does not support this operation. Please read the Graph API documentation at https://developers.facebook.com/docs/graph-api
WARNING:app.services.facebook_leads_service:Error checking lead existence for 2310513233122266: (psycopg2.OperationalError) SSL connection has been closed unexpectedly

[SQL: SELECT meta_leads_attribution.id AS meta_leads_attribution_id 
FROM meta_leads_attribution 
WHERE meta_leads_attribution.meta_lead_id IN (%(meta_lead_id_1_1)s, %(meta_lead_id_1_2)s, %(meta_lead_id_1_3)s) 
 LIMIT %(param_1)s]
[parameters: {'param_1': 1, 'meta_lead_id_1_1': '2310513233122266', 'meta_lead_id_1_2': 'l:2310513233122266', 'meta_lead_id_1_3': '2310513233122266'}]
(Background on this error at: https://sqlalche.me/e/20/e3q8)
WARNING:app.services.facebook_leads_service:Meta Graph API error [AUTHENTICATION] status=400: Unsupported get request. Object with ID '921784744346805' does not exist, cannot be loaded due to missing permissions, or does not support this operation. Please read the Graph API documentation at https://developers.facebook.com/docs/graph-api
WARNING:app.services.facebook_leads_service:Error checking lead existence for 2356721351739033: (psycopg2.OperationalError) SSL connection has been closed unexpectedly

[SQL: SELECT meta_leads_attribution.id AS meta_leads_attribution_id 
FROM meta_leads_attribution 
WHERE meta_leads_attribution.meta_lead_id IN (%(meta_lead_id_1_1)s, %(meta_lead_id_1_2)s, %(meta_lead_id_1_3)s) 
 LIMIT %(param_1)s]
[parameters: {'param_1': 1, 'meta_lead_id_1_1': '2356721351739033', 'meta_lead_id_1_2': 'l:2356721351739033', 'meta_lead_id_1_3': '2356721351739033'}]
(Background on this error at: https://sqlalche.me/e/20/e3q8)
ERROR:app.services.facebook_leads_service:[DB-INTEGRITY-ERROR] Integrity error ingesting lead 2584191212042184: (psycopg2.errors.UniqueViolation) duplicate key value violates unique constraint "ux_crm_leads_phone"
DETAIL:  Key (phone)=(+916300209352) already exists.

[SQL: INSERT INTO crm_leads (tenant_id, company_id, name, gender, email, phone, phone_primary_whatsapp, alternate_phone, phone_secondary_whatsapp, category_id, source, source_details, status, priority, handler_type, handler_id, description, requirements, looking_for, recent_comments, budget_min, budget_max, address, area, city, state, pincode, expected_close_date, actual_close_date, deal_value, deal_value_total, deal_value_excl_tax, deal_tax_rate, deal_value_received, deal_value_balance, points_evaluated_dvr, confirmed_final_value, solar_value, lost_reason, tags, last_contact_date, next_followup_date, depends_on_staff_id, telecaller_id, field_staff_id, associated_partner_id, direct_team_lead_points_awarded, direct_team_lead_points_awarded_at, direct_team_lead_sponsor_id, vendor_id, mnr_handler_id, is_vgk_program, vgk_field_support_id, solar_brand_id, community_id, aadhaar_number, pan_number, electricity_bill_number, google_maps_link, bank_account_number, ifsc_code, subsidy_status, application_no, accepted_date, loan_bank, bank_branch, documents_folder_link, material_reach_date, installation_date, existing_association, bank_entry_updated, bank_statement_available, regular_income_available, monthly_income, co_applicant_name, co_applicant_phone, co_applicant_aadhaar, co_applicant_pan, co_applicant_bank_account, co_applicant_ifsc, solar_pipeline_status, solar_pipeline_status_updated_at, submit_date, complete_date, first_dvr_confirmed_at, first_payment_received_date, remaining_stage1_advance, remaining_stage1_advance_l1, remaining_stage1_advance_l2, cibil_confirmed, cibil_score, cibil_score_updated_at, ev_b2b_stage, kw_size, discom, sc_number, consumer_no, sanction_date, mnre_app_ref, discom_reg_no, latitude, longitude, grid_phase, investment_capacity, planning_to_start, full_time_business, guru_id, z_guru_id, adi_guru_id, core_id, guru_name, z_guru_name, core_name, team_senior_partner_id, team_extended_partner_id, team_core_partner_id, source_ref_type, source_ref_id, source_ref_name, field_support_ref_type, field_support_ref_id, field_support_ref_name, technical_id, support_staff_id, technical_staff1_id, guru_supported, z_guru_supported, adi_guru_supported, core_supported, telecaller_supported, showroom_supported, technical_supported, field_support_supported, support_staff_supported, technical_staff1_supported, showroom_vgk_id, primary_owner_type, primary_owner_id, property_id, lost_at, created_at, updated_at, created_by_type, created_by_id) VALUES (%(tenant_id)s, %(company_id)s, %(name)s, %(gender)s, %(email)s, %(phone)s, %(phone_primary_whatsapp)s, %(alternate_phone)s, %(phone_secondary_whatsapp)s, %(category_id)s, %(source)s, %(source_details)s, %(status)s, %(priority)s, %(handler_type)s, %(handler_id)s, %(description)s, %(requirements)s, %(looking_for)s, %(recent_comments)s, %(budget_min)s, %(budget_max)s, %(address)s, %(area)s, %(city)s, %(state)s, %(pincode)s, %(expected_close_date)s, %(actual_close_date)s, %(deal_value)s, %(deal_value_total)s, %(deal_value_excl_tax)s, %(deal_tax_rate)s, %(deal_value_received)s, %(deal_value_balance)s, %(points_evaluated_dvr)s, %(confirmed_final_value)s, %(solar_value)s, %(lost_reason)s, %(tags)s, %(last_contact_date)s, %(next_followup_date)s, %(depends_on_staff_id)s, %(telecaller_id)s, %(field_staff_id)s, %(associated_partner_id)s, %(direct_team_lead_points_awarded)s, %(direct_team_lead_points_awarded_at)s, %(direct_team_lead_sponsor_id)s, %(vendor_id)s, %(mnr_handler_id)s, %(is_vgk_program)s, %(vgk_field_support_id)s, %(solar_brand_id)s, %(community_id)s, %(aadhaar_number)s, %(pan_number)s, %(electricity_bill_number)s, %(google_maps_link)s, %(bank_account_number)s, %(ifsc_code)s, %(subsidy_status)s, %(application_no)s, %(accepted_date)s, %(loan_bank)s, %(bank_branch)s, %(documents_folder_link)s, %(material_reach_date)s, %(installation_date)s, %(existing_association)s, %(bank_entry_updated)s, %(bank_statement_available)s, %(regular_income_available)s, %(monthly_income)s, %(co_applicant_name)s, %(co_applicant_phone)s, %(co_applicant_aadhaar)s, %(co_applicant_pan)s, %(co_applicant_bank_account)s, %(co_applicant_ifsc)s, %(solar_pipeline_status)s, %(solar_pipeline_status_updated_at)s, %(submit_date)s, %(complete_date)s, %(first_dvr_confirmed_at)s, %(first_payment_received_date)s, %(remaining_stage1_advance)s, %(remaining_stage1_advance_l1)s, %(remaining_stage1_advance_l2)s, %(cibil_confirmed)s, %(cibil_score)s, %(cibil_score_updated_at)s, %(ev_b2b_stage)s, %(kw_size)s, %(discom)s, %(sc_number)s, %(consumer_no)s, %(sanction_date)s, %(mnre_app_ref)s, %(discom_reg_no)s, %(latitude)s, %(longitude)s, %(grid_phase)s, %(investment_capacity)s, %(planning_to_start)s, %(full_time_business)s, %(guru_id)s, %(z_guru_id)s, %(adi_guru_id)s, %(core_id)s, %(guru_name)s, %(z_guru_name)s, %(core_name)s, %(team_senior_partner_id)s, %(team_extended_partner_id)s, %(team_core_partner_id)s, %(source_ref_type)s, %(source_ref_id)s, %(source_ref_name)s, %(field_support_ref_type)s, %(field_support_ref_id)s, %(field_support_ref_name)s, %(technical_id)s, %(support_staff_id)s, %(technical_staff1_id)s, %(guru_supported)s, %(z_guru_supported)s, %(adi_guru_supported)s, %(core_supported)s, %(telecaller_supported)s, %(showroom_supported)s, %(technical_supported)s, %(field_support_supported)s, %(support_staff_supported)s, %(technical_staff1_supported)s, %(showroom_vgk_id)s, %(primary_owner_type)s, %(primary_owner_id)s, %(property_id)s, %(lost_at)s, %(created_at)s, %(updated_at)s, %(created_by_type)s, %(created_by_id)s) RETURNING crm_leads.id]
[parameters: {'tenant_id': 1, 'company_id': 2, 'name': 'Rajakumar', 'gender': None, 'email': 'rajak67742@gmail.com', 'phone': '+916300209352', 'phone_primary_whatsapp': False, 'alternate_phone': None, 'phone_secondary_whatsapp': False, 'category_id': 42, 'source': 'Online - M', 'source_details': '{"lead_id": "2584191212042184", "form_id": "1596737462160734", "page_id": "442395068958730", "page_name": "EV Craze4u", "page_segment": "EV_SPARES",  ... (166 characters truncated) ... , "email": "rajak67742@gmail.com", "full_name": "Rajakumar", "phone_number": "+916300209352", "zip_code": "504204", "phone_number_verified": "true"}}', 'status': 'new', 'priority': 'high', 'handler_type': 'unassigned', 'handler_id': None, 'description': 'Facebook Lead — EV Craze4u\nWhat Are You Interested In?: ev_technician_career', 'requirements': None, 'looking_for': 'ETC Training', 'recent_comments': None, 'budget_min': None, 'budget_max': None, 'address': None, 'area': None, 'city': 'Adilabad', 'state': 'Telangana', 'pincode': '504204', 'expected_close_date': None, 'actual_close_date': None, 'deal_value': None, 'deal_value_total': 0, 'deal_value_excl_tax': 0, 'deal_tax_rate': 0, 'deal_value_received': 0, 'deal_value_balance': 0, 'points_evaluated_dvr': 0.0, 'confirmed_final_value': None, 'solar_value': None, 'lost_reason': None, 'tags': 'etc_training', 'last_contact_date': None, 'next_followup_date': None, 'depends_on_staff_id': None, 'telecaller_id': None, 'field_staff_id': None, 'associated_partner_id': None, 'direct_team_lead_points_awarded': False, 'direct_team_lead_points_awarded_at': None, 'direct_team_lead_sponsor_id': None, 'vendor_id': None ... 44 parameters truncated ... 'discom': None, 'sc_number': None, 'consumer_no': None, 'sanction_date': None, 'mnre_app_ref': None, 'discom_reg_no': None, 'latitude': None, 'longitude': None, 'grid_phase': None, 'investment_capacity': None, 'planning_to_start': None, 'full_time_business': None, 'guru_id': None, 'z_guru_id': None, 'adi_guru_id': None, 'core_id': None, 'guru_name': None, 'z_guru_name': None, 'core_name': None, 'team_senior_partner_id': None, 'team_extended_partner_id': None, 'team_core_partner_id': None, 'source_ref_type': None, 'source_ref_id': None, 'source_ref_name': None, 'field_support_ref_type': None, 'field_support_ref_id': None, 'field_support_ref_name': None, 'technical_id': None, 'support_staff_id': None, 'technical_staff1_id': None, 'guru_supported': None, 'z_guru_supported': None, 'adi_guru_supported': None, 'core_supported': None, 'telecaller_supported': None, 'showroom_supported': None, 'technical_supported': None, 'field_support_supported': None, 'support_staff_supported': None, 'technical_staff1_supported': None, 'showroom_vgk_id': None, 'primary_owner_type': None, 'primary_owner_id': None, 'property_id': None, 'lost_at': None, 'created_at': datetime.datetime(2026, 9, 7, 7, 10, 54), 'updated_at': datetime.datetime(2026, 9, 7, 7, 10, 54), 'created_by_type': 'system', 'created_by_id': 'facebook_webhook'}]
(Background on this error at: https://sqlalche.me/e/20/gkpj)
ERROR:app.core.scheduler_retry_dispatcher:[RETRY-DISPATCHER] Fatal error in retry dispatcher: (psycopg2.OperationalError) SSL connection has been closed unexpectedly

[SQL: SELECT background_jobs.id AS background_jobs_id, background_jobs.job_type AS background_jobs_job_type, background_jobs.job_key AS background_jobs_job_key, background_jobs.job_data AS background_jobs_job_data, background_jobs.status AS background_jobs_status, background_jobs.attempts AS background_jobs_attempts, background_jobs.max_attempts AS background_jobs_max_attempts, background_jobs.result AS background_jobs_result, background_jobs.error_message AS background_jobs_error_message, background_jobs.error_traceback AS background_jobs_error_traceback, background_jobs.created_at AS background_jobs_created_at, background_jobs.started_at AS background_jobs_started_at, background_jobs.completed_at AS background_jobs_completed_at, background_jobs.processing_duration_ms AS background_jobs_processing_duration_ms, background_jobs.created_by AS background_jobs_created_by, background_jobs.created_ip AS background_jobs_created_ip, background_jobs.scheduled_for AS background_jobs_scheduled_for, background_jobs.priority AS background_jobs_priority, background_jobs.scheduler_status AS background_jobs_scheduler_status, background_jobs.job_handler_module AS background_jobs_job_handler_module, background_jobs.job_handler_function AS background_jobs_job_handler_function, background_jobs.scheduler_job_id AS background_jobs_scheduler_job_id, background_jobs.last_scheduler_attempt AS background_jobs_last_scheduler_attempt, background_jobs.updated_at AS background_jobs_updated_at 
FROM background_jobs 
WHERE background_jobs.scheduler_status = %(scheduler_status_1)s AND background_jobs.created_at >= %(created_at_1)s AND background_jobs.status IN (%(status_1_1)s, %(status_1_2)s) ORDER BY background_jobs.created_at ASC 
 LIMIT %(param_1)s]
[parameters: {'scheduler_status_1': 'failed', 'created_at_1': datetime.datetime(2026, 9, 30, 0, 1, 44, 814353), 'param_1': 50, 'status_1_1': 'pending', 'status_1_2': 'retrying'}]
(Background on this error at: https://sqlalche.me/e/20/e3q8)
ERROR:app.core.scheduler_retry_dispatcher:[RETRY-DISPATCHER] Fatal error in retry dispatcher: (psycopg2.OperationalError) SSL connection has been closed unexpectedly

[SQL: SELECT background_jobs.id AS background_jobs_id, background_jobs.job_type AS background_jobs_job_type, background_jobs.job_key AS background_jobs_job_key, background_jobs.job_data AS background_jobs_job_data, background_jobs.status AS background_jobs_status, background_jobs.attempts AS background_jobs_attempts, background_jobs.max_attempts AS background_jobs_max_attempts, background_jobs.result AS background_jobs_result, background_jobs.error_message AS background_jobs_error_message, background_jobs.error_traceback AS background_jobs_error_traceback, background_jobs.created_at AS background_jobs_created_at, background_jobs.started_at AS background_jobs_started_at, background_jobs.completed_at AS background_jobs_completed_at, background_jobs.processing_duration_ms AS background_jobs_processing_duration_ms, background_jobs.created_by AS background_jobs_created_by, background_jobs.created_ip AS background_jobs_created_ip, background_jobs.scheduled_for AS background_jobs_scheduled_for, background_jobs.priority AS background_jobs_priority, background_jobs.scheduler_status AS background_jobs_scheduler_status, background_jobs.job_handler_module AS background_jobs_job_handler_module, background_jobs.job_handler_function AS background_jobs_job_handler_function, background_jobs.scheduler_job_id AS background_jobs_scheduler_job_id, background_jobs.last_scheduler_attempt AS background_jobs_last_scheduler_attempt, background_jobs.updated_at AS background_jobs_updated_at 
FROM background_jobs 
WHERE background_jobs.scheduler_status = %(scheduler_status_1)s AND background_jobs.created_at >= %(created_at_1)s AND background_jobs.status IN (%(status_1_1)s, %(status_1_2)s) ORDER BY background_jobs.created_at ASC 
 LIMIT %(param_1)s]
[parameters: {'scheduler_status_1': 'failed', 'created_at_1': datetime.datetime(2026, 9, 30, 0, 11, 44, 812029), 'param_1': 50, 'status_1_1': 'pending', 'status_1_2': 'retrying'}]
(Background on this error at: https://sqlalche.me/e/20/e3q8)
WARNING:app.services.facebook_leads_service:Meta Graph API error [VALIDATION] status=400: (#10) User has insufficient privileges on the page.
WARNING:app.services.facebook_leads_service:Meta Graph API error [AUTHENTICATION] status=400: Unsupported get request. Object with ID '1005465332641372' does not exist, cannot be loaded due to missing permissions, or does not support this operation. Please read the Graph API documentation at https://developers.facebook.com/docs/graph-api
WARNING:app.services.facebook_leads_service:Meta Graph API error [AUTHENTICATION] status=400: Unsupported get request. Object with ID '1019684831223211' does not exist, cannot be loaded due to missing permissions, or does not support this operation. Please read the Graph API documentation at https://developers.facebook.com/docs/graph-api
WARNING:app.services.facebook_leads_service:Error checking lead existence for 2310513233122266: (psycopg2.OperationalError) SSL connection has been closed unexpectedly

[SQL: SELECT meta_leads_attribution.id AS meta_leads_attribution_id 
FROM meta_leads_attribution 
WHERE meta_leads_attribution.meta_lead_id IN (%(meta_lead_id_1_1)s, %(meta_lead_id_1_2)s, %(meta_lead_id_1_3)s) 
 LIMIT %(param_1)s]
[parameters: {'param_1': 1, 'meta_lead_id_1_1': '2310513233122266', 'meta_lead_id_1_2': 'l:2310513233122266', 'meta_lead_id_1_3': '2310513233122266'}]
(Background on this error at: https://sqlalche.me/e/20/e3q8)
WARNING:app.services.facebook_leads_service:Meta Graph API error [AUTHENTICATION] status=400: Unsupported get request. Object with ID '921784744346805' does not exist, cannot be loaded due to missing permissions, or does not support this operation. Please read the Graph API documentation at https://developers.facebook.com/docs/graph-api
WARNING:app.services.facebook_leads_service:Error checking lead existence for 2356721351739033: (psycopg2.OperationalError) SSL connection has been closed unexpectedly

[SQL: SELECT meta_leads_attribution.id AS meta_leads_attribution_id 
FROM meta_leads_attribution 
WHERE meta_leads_attribution.meta_lead_id IN (%(meta_lead_id_1_1)s, %(meta_lead_id_1_2)s, %(meta_lead_id_1_3)s) 
 LIMIT %(param_1)s]
[parameters: {'param_1': 1, 'meta_lead_id_1_1': '2356721351739033', 'meta_lead_id_1_2': 'l:2356721351739033', 'meta_lead_id_1_3': '2356721351739033'}]
(Background on this error at: https://sqlalche.me/e/20/e3q8)
INFO:     127.0.0.1:51965 - "GET /api/v1/feedback/public/announcements?limit=5&destination=announcement HTTP/1.1" 200 OK
WARNING:app.services.facebook_leads_service:Error checking lead existence for 2863296117385432: (psycopg2.OperationalError) SSL connection has been closed unexpectedly

[SQL: SELECT meta_leads_attribution.id AS meta_leads_attribution_id 
FROM meta_leads_attribution 
WHERE meta_leads_attribution.meta_lead_id IN (%(meta_lead_id_1_1)s, %(meta_lead_id_1_2)s, %(meta_lead_id_1_3)s) 
 LIMIT %(param_1)s]
[parameters: {'param_1': 1, 'meta_lead_id_1_1': '2863296117385432', 'meta_lead_id_1_2': 'l:2863296117385432', 'meta_lead_id_1_3': '2863296117385432'}]
(Background on this error at: https://sqlalche.me/e/20/e3q8)
WARNING:app.services.facebook_leads_service:Error checking lead existence for 2863296117385432: (psycopg2.OperationalError) connection to server at "myntreal-database.c5gywaicq6zu.ap-south-2.rds.amazonaws.com" (16.112.74.247), port 5432 failed: timeout expired

(Background on this error at: https://sqlalche.me/e/20/e3q8)
ERROR:app.core.scheduler_retry_dispatcher:[RETRY-DISPATCHER] Fatal error in retry dispatcher: (psycopg2.OperationalError) SSL connection has been closed unexpectedly

[SQL: SELECT background_jobs.id AS background_jobs_id, background_jobs.job_type AS background_jobs_job_type, background_jobs.job_key AS background_jobs_job_key, background_jobs.job_data AS background_jobs_job_data, background_jobs.status AS background_jobs_status, background_jobs.attempts AS background_jobs_attempts, background_jobs.max_attempts AS background_jobs_max_attempts, background_jobs.result AS background_jobs_result, background_jobs.error_message AS background_jobs_error_message, background_jobs.error_traceback AS background_jobs_error_traceback, background_jobs.created_at AS background_jobs_created_at, background_jobs.started_at AS background_jobs_started_at, background_jobs.completed_at AS background_jobs_completed_at, background_jobs.processing_duration_ms AS background_jobs_processing_duration_ms, background_jobs.created_by AS background_jobs_created_by, background_jobs.created_ip AS background_jobs_created_ip, background_jobs.scheduled_for AS background_jobs_scheduled_for, background_jobs.priority AS background_jobs_priority, background_jobs.scheduler_status AS background_jobs_scheduler_status, background_jobs.job_handler_module AS background_jobs_job_handler_module, background_jobs.job_handler_function AS background_jobs_job_handler_function, background_jobs.scheduler_job_id AS background_jobs_scheduler_job_id, background_jobs.last_scheduler_attempt AS background_jobs_last_scheduler_attempt, background_jobs.updated_at AS background_jobs_updated_at 
FROM background_jobs 
WHERE background_jobs.scheduler_status = %(scheduler_status_1)s AND background_jobs.created_at >= %(created_at_1)s AND background_jobs.status IN (%(status_1_1)s, %(status_1_2)s) ORDER BY background_jobs.created_at ASC 
 LIMIT %(param_1)s]
[parameters: {'scheduler_status_1': 'failed', 'created_at_1': datetime.datetime(2026, 9, 30, 0, 16, 44, 813861), 'param_1': 50, 'status_1_1': 'pending', 'status_1_2': 'retrying'}]
(Background on this error at: https://sqlalche.me/e/20/e3q8)
WARNING:app.services.facebook_leads_service:Error checking lead existence for 4217089121899405: (psycopg2.OperationalError) SSL connection has been closed unexpectedly

[SQL: SELECT meta_leads_attribution.id AS meta_leads_attribution_id 
FROM meta_leads_attribution 
WHERE meta_leads_attribution.meta_lead_id IN (%(meta_lead_id_1_1)s, %(meta_lead_id_1_2)s, %(meta_lead_id_1_3)s) 
 LIMIT %(param_1)s]
[parameters: {'param_1': 1, 'meta_lead_id_1_1': '4217089121899405', 'meta_lead_id_1_2': 'l:4217089121899405', 'meta_lead_id_1_3': '4217089121899405'}]
(Background on this error at: https://sqlalche.me/e/20/e3q8)
WARNING:app.services.facebook_leads_service:Error checking lead existence for 4844571532430652: (psycopg2.OperationalError) SSL connection has been closed unexpectedly

[SQL: SELECT meta_leads_attribution.id AS meta_leads_attribution_id 
FROM meta_leads_attribution 
WHERE meta_leads_attribution.meta_lead_id IN (%(meta_lead_id_1_1)s, %(meta_lead_id_1_2)s, %(meta_lead_id_1_3)s) 
 LIMIT %(param_1)s]
[parameters: {'param_1': 1, 'meta_lead_id_1_1': '4844571532430652', 'meta_lead_id_1_2': 'l:4844571532430652', 'meta_lead_id_1_3': '4844571532430652'}]
(Background on this error at: https://sqlalche.me/e/20/e3q8)
WARNING:app.services.facebook_leads_service:Error checking lead existence for 4844571532430652: (psycopg2.OperationalError) connection to server at "myntreal-database.c5gywaicq6zu.ap-south-2.rds.amazonaws.com" (16.112.74.247), port 5432 failed: timeout expired

(Background on this error at: https://sqlalche.me/e/20/e3q8)
WARNING:app.services.facebook_leads_service:Error checking lead existence for 1773919790415871: (psycopg2.OperationalError) SSL connection has been closed unexpectedly

[SQL: SELECT meta_leads_attribution.id AS meta_leads_attribution_id 
FROM meta_leads_attribution 
WHERE meta_leads_attribution.meta_lead_id IN (%(meta_lead_id_1_1)s, %(meta_lead_id_1_2)s, %(meta_lead_id_1_3)s) 
 LIMIT %(param_1)s]
[parameters: {'param_1': 1, 'meta_lead_id_1_1': '1773919790415871', 'meta_lead_id_1_2': 'l:1773919790415871', 'meta_lead_id_1_3': '1773919790415871'}]
(Background on this error at: https://sqlalche.me/e/20/e3q8)
WARNING:app.services.facebook_leads_service:Error checking lead existence for 1773919790415871: (psycopg2.OperationalError) could not translate host name "myntreal-database.c5gywaicq6zu.ap-south-2.rds.amazonaws.com" to address: Name or service not known

(Background on this error at: https://sqlalche.me/e/20/e3q8)
WARNING:app.services.facebook_leads_service:Error querying meta_form_mappings for form 1596737462160734: (psycopg2.OperationalError) connection to server at "myntreal-database.c5gywaicq6zu.ap-south-2.rds.amazonaws.com" (16.112.74.247), port 5432 failed: timeout expired

(Background on this error at: https://sqlalche.me/e/20/e3q8)
WARNING:app.services.facebook_leads_service:Error querying facebook_pages for page 442395068958730: (psycopg2.OperationalError) connection to server at "myntreal-database.c5gywaicq6zu.ap-south-2.rds.amazonaws.com" (16.112.74.247), port 5432 failed: timeout expired

(Background on this error at: https://sqlalche.me/e/20/e3q8)
ERROR:app.core.scheduler_retry_dispatcher:[RETRY-DISPATCHER] Fatal error in retry dispatcher: (psycopg2.OperationalError) connection to server at "myntreal-database.c5gywaicq6zu.ap-south-2.rds.amazonaws.com" (16.112.74.247), port 5432 failed: timeout expired

(Background on this error at: https://sqlalche.me/e/20/e3q8)
WARNING:app.services.facebook_leads_service:Error checking lead existence for 2017542472277488: (psycopg2.OperationalError) connection to server at "myntreal-database.c5gywaicq6zu.ap-south-2.rds.amazonaws.com" (16.112.74.247), port 5432 failed: timeout expired

(Background on this error at: https://sqlalche.me/e/20/e3q8)
WARNING:app.services.facebook_leads_service:Error checking lead existence for 2017542472277488: (psycopg2.OperationalError) connection to server at "myntreal-database.c5gywaicq6zu.ap-south-2.rds.amazonaws.com" (16.112.74.247), port 5432 failed: timeout expired

(Background on this error at: https://sqlalche.me/e/20/e3q8)
WARNING:app.services.facebook_leads_service:Error querying meta_form_mappings for form 1596737462160734: (psycopg2.OperationalError) connection to server at "myntreal-database.c5gywaicq6zu.ap-south-2.rds.amazonaws.com" (16.112.74.247), port 5432 failed: timeout expired

(Background on this error at: https://sqlalche.me/e/20/e3q8)
WARNING:app.services.facebook_leads_service:Error querying facebook_pages for page 442395068958730: (psycopg2.OperationalError) connection to server at "myntreal-database.c5gywaicq6zu.ap-south-2.rds.amazonaws.com" (16.112.74.247), port 5432 failed: timeout expired

(Background on this error at: https://sqlalche.me/e/20/e3q8)
WARNING:app.services.facebook_leads_service:Error checking lead existence for 4303212163145744: (psycopg2.OperationalError) connection to server at "myntreal-database.c5gywaicq6zu.ap-south-2.rds.amazonaws.com" (16.112.74.247), port 5432 failed: timeout expired

(Background on this error at: https://sqlalche.me/e/20/e3q8)
WARNING:app.services.facebook_leads_service:Error checking lead existence for 4303212163145744: (psycopg2.OperationalError) connection to server at "myntreal-database.c5gywaicq6zu.ap-south-2.rds.amazonaws.com" (16.112.74.247), port 5432 failed: timeout expired

(Background on this error at: https://sqlalche.me/e/20/e3q8)
WARNING:app.api.v1.endpoints.feedback:[PUBLIC-ANNOUNCEMENTS] Non-fatal announcements query error (safe fallback): (psycopg2.OperationalError) connection to server at "myntreal-database.c5gywaicq6zu.ap-south-2.rds.amazonaws.com" (16.112.74.247), port 5432 failed: timeout expired

(Background on this error at: https://sqlalche.me/e/20/e3q8)
INFO:     127.0.0.1:62655 - "GET /api/v1/feedback/public/announcements?limit=5&destination=announcement HTTP/1.1" 200 OK
WARNING:app.api.v1.endpoints.feedback:[PUBLIC-ANNOUNCEMENTS] Non-fatal announcements query error (safe fallback): (psycopg2.OperationalError) connection to server at "myntreal-database.c5gywaicq6zu.ap-south-2.rds.amazonaws.com" (16.112.74.247), port 5432 failed: timeout expired

(Background on this error at: https://sqlalche.me/e/20/e3q8)
INFO:     127.0.0.1:56209 - "GET /api/v1/feedback/public/announcements?limit=5&destination=announcement HTTP/1.1" 200 OK
WARNING:app.services.facebook_leads_service:Error querying meta_form_mappings for form 1596737462160734: (psycopg2.OperationalError) connection to server at "myntreal-database.c5gywaicq6zu.ap-south-2.rds.amazonaws.com" (16.112.74.247), port 5432 failed: timeout expired

(Background on this error at: https://sqlalche.me/e/20/e3q8)
WARNING:app.services.facebook_leads_service:Error checking lead existence for 2390782978416194: (psycopg2.OperationalError) SSL connection has been closed unexpectedly

[SQL: SELECT meta_leads_attribution.id AS meta_leads_attribution_id 
FROM meta_leads_attribution 
WHERE meta_leads_attribution.meta_lead_id IN (%(meta_lead_id_1_1)s, %(meta_lead_id_1_2)s, %(meta_lead_id_1_3)s) 
 LIMIT %(param_1)s]
[parameters: {'param_1': 1, 'meta_lead_id_1_1': '2390782978416194', 'meta_lead_id_1_2': 'l:2390782978416194', 'meta_lead_id_1_3': '2390782978416194'}]
(Background on this error at: https://sqlalche.me/e/20/e3q8)
WARNING:app.services.facebook_leads_service:Error checking lead existence for 2390782978416194: (psycopg2.OperationalError) connection to server at "myntreal-database.c5gywaicq6zu.ap-south-2.rds.amazonaws.com" (16.112.74.247), port 5432 failed: timeout expired

(Background on this error at: https://sqlalche.me/e/20/e3q8)
ERROR:app.core.exceptions:SQLAlchemy Error on GET /api/v1/hub/partners: connection to server at "myntreal-database.c5gywaicq6zu.ap-south-2.rds.amazonaws.com" (16.112.74.247), port 5432 failed: timeout expired

ERROR:app.core.exceptions:Full traceback: Traceback (most recent call last):
  File "C:\Users\Lenovo\AppData\Local\Programs\Python\Python313\Lib\site-packages\sqlalchemy\engine\base.py", line 143, in __init__
    self._dbapi_connection = engine.raw_connection()
                             ~~~~~~~~~~~~~~~~~~~~~^^
  File "C:\Users\Lenovo\AppData\Local\Programs\Python\Python313\Lib\site-packages\sqlalchemy\engine\base.py", line 3309, in raw_connection
    return self.pool.connect()
           ~~~~~~~~~~~~~~~~~^^
  File "C:\Users\Lenovo\AppData\Local\Programs\Python\Python313\Lib\site-packages\sqlalchemy\pool\base.py", line 447, in connect
    return _ConnectionFairy._checkout(self)
           ~~~~~~~~~~~~~~~~~~~~~~~~~~^^^^^^
  File "C:\Users\Lenovo\AppData\Local\Programs\Python\Python313\Lib\site-packages\sqlalchemy\pool\base.py", line 1264, in _checkout
    fairy = _ConnectionRecord.checkout(pool)
  File "C:\Users\Lenovo\AppData\Local\Programs\Python\Python313\Lib\site-packages\sqlalchemy\pool\base.py", line 716, in checkout
    with util.safe_reraise():
         ~~~~~~~~~~~~~~~~~^^
  File "C:\Users\Lenovo\AppData\Local\Programs\Python\Python313\Lib\site-packages\sqlalchemy\util\langhelpers.py", line 224, in __exit__
    raise exc_value.with_traceback(exc_tb)
  File "C:\Users\Lenovo\AppData\Local\Programs\Python\Python313\Lib\site-packages\sqlalchemy\pool\base.py", line 714, in checkout
    dbapi_connection = rec.get_connection()
  File "C:\Users\Lenovo\AppData\Local\Programs\Python\Python313\Lib\site-packages\sqlalchemy\pool\base.py", line 836, in get_connection
    self.__connect()
    ~~~~~~~~~~~~~~^^
  File "C:\Users\Lenovo\AppData\Local\Programs\Python\Python313\Lib\site-packages\sqlalchemy\pool\base.py", line 899, in __connect
    with util.safe_reraise():
         ~~~~~~~~~~~~~~~~~^^
  File "C:\Users\Lenovo\AppData\Local\Programs\Python\Python313\Lib\site-packages\sqlalchemy\util\langhelpers.py", line 224, in __exit__
    raise exc_value.with_traceback(exc_tb)
  File "C:\Users\Lenovo\AppData\Local\Programs\Python\Python313\Lib\site-packages\sqlalchemy\pool\base.py", line 895, in __connect
    self.dbapi_connection = connection = pool._invoke_creator(self)
                                         ~~~~~~~~~~~~~~~~~~~~^^^^^^
  File "C:\Users\Lenovo\AppData\Local\Programs\Python\Python313\Lib\site-packages\sqlalchemy\engine\create.py", line 661, in connect
    return dialect.connect(*cargs, **cparams)
           ~~~~~~~~~~~~~~~^^^^^^^^^^^^^^^^^^^
  File "C:\Users\Lenovo\AppData\Local\Programs\Python\Python313\Lib\site-packages\sqlalchemy\engine\default.py", line 630, in connect
    return self.loaded_dbapi.connect(*cargs, **cparams)  # type: ignore[no-any-return]  # NOQA: E501
           ~~~~~~~~~~~~~~~~~~~~~~~~~^^^^^^^^^^^^^^^^^^^
  File "C:\Users\Lenovo\AppData\Local\Programs\Python\Python313\Lib\site-packages\psycopg2\__init__.py", line 135, in connect
    conn = _connect(dsn, connection_factory=connection_factory, **kwasync)
psycopg2.OperationalError: connection to server at "myntreal-database.c5gywaicq6zu.ap-south-2.rds.amazonaws.com" (16.112.74.247), port 5432 failed: timeout expired


The above exception was the direct cause of the following exception:

Traceback (most recent call last):
  File "C:\Users\Lenovo\AppData\Local\Programs\Python\Python313\Lib\site-packages\starlette\_exception_handler.py", line 42, in wrapped_app
    await app(scope, receive, sender)
  File "C:\Users\Lenovo\AppData\Local\Programs\Python\Python313\Lib\site-packages\fastapi\routing.py", line 105, in app
    response = await f(request)
               ^^^^^^^^^^^^^^^^
  File "C:\Users\Lenovo\AppData\Local\Programs\Python\Python313\Lib\site-packages\fastapi\routing.py", line 426, in app
    raw_response = await run_endpoint_function(
                   ^^^^^^^^^^^^^^^^^^^^^^^^^^^^
    ...<3 lines>...
    )
    ^
  File "C:\Users\Lenovo\AppData\Local\Programs\Python\Python313\Lib\site-packages\fastapi\routing.py", line 312, in run_endpoint_function
    return await dependant.call(**values)
           ^^^^^^^^^^^^^^^^^^^^^^^^^^^^^^
  File "C:\Users\Lenovo\Desktop\SAAS\MyntReal_Latest\backend\app\api\v1\endpoints\associated_partners.py", line 199, in public_list_partners
    rows = db.execute(text(
           ~~~~~~~~~~^^^^^^
        "SELECT * FROM associated_partners_hub WHERE status='active' ORDER BY display_order ASC, id ASC"
        ^^^^^^^^^^^^^^^^^^^^^^^^^^^^^^^^^^^^^^^^^^^^^^^^^^^^^^^^^^^^^^^^^^^^^^^^^^^^^^^^^^^^^^^^^^^^^^^^
    )).fetchall()
    ^^
  File "C:\Users\Lenovo\AppData\Local\Programs\Python\Python313\Lib\site-packages\sqlalchemy\orm\session.py", line 2351, in execute
    return self._execute_internal(
           ~~~~~~~~~~~~~~~~~~~~~~^
        statement,
        ^^^^^^^^^^
    ...<4 lines>...
        _add_event=_add_event,
        ^^^^^^^^^^^^^^^^^^^^^^
    )
    ^
  File "C:\Users\Lenovo\AppData\Local\Programs\Python\Python313\Lib\site-packages\sqlalchemy\orm\session.py", line 2239, in _execute_internal
    conn = self._connection_for_bind(bind)
  File "C:\Users\Lenovo\AppData\Local\Programs\Python\Python313\Lib\site-packages\sqlalchemy\orm\session.py", line 2108, in _connection_for_bind
    return trans._connection_for_bind(engine, execution_options)
           ~~~~~~~~~~~~~~~~~~~~~~~~~~^^^^^^^^^^^^^^^^^^^^^^^^^^^
  File "<string>", line 2, in _connection_for_bind
  File "C:\Users\Lenovo\AppData\Local\Programs\Python\Python313\Lib\site-packages\sqlalchemy\orm\state_changes.py", line 137, in _go
    ret_value = fn(self, *arg, **kw)
  File "C:\Users\Lenovo\AppData\Local\Programs\Python\Python313\Lib\site-packages\sqlalchemy\orm\session.py", line 1187, in _connection_for_bind
    conn = bind.connect()
  File "C:\Users\Lenovo\AppData\Local\Programs\Python\Python313\Lib\site-packages\sqlalchemy\engine\base.py", line 3285, in connect
    return self._connection_cls(self)
           ~~~~~~~~~~~~~~~~~~~~^^^^^^
  File "C:\Users\Lenovo\AppData\Local\Programs\Python\Python313\Lib\site-packages\sqlalchemy\engine\base.py", line 145, in __init__
    Connection._handle_dbapi_exception_noconnection(
    ~~~~~~~~~~~~~~~~~~~~~~~~~~~~~~~~~~~~~~~~~~~~~~~^
        err, dialect, engine
        ^^^^^^^^^^^^^^^^^^^^
    )
    ^
  File "C:\Users\Lenovo\AppData\Local\Programs\Python\Python313\Lib\site-packages\sqlalchemy\engine\base.py", line 2448, in _handle_dbapi_exception_noconnection
    raise sqlalchemy_exception.with_traceback(exc_info[2]) from e
  File "C:\Users\Lenovo\AppData\Local\Programs\Python\Python313\Lib\site-packages\sqlalchemy\engine\base.py", line 143, in __init__
    self._dbapi_connection = engine.raw_connection()
                             ~~~~~~~~~~~~~~~~~~~~~^^
  File "C:\Users\Lenovo\AppData\Local\Programs\Python\Python313\Lib\site-packages\sqlalchemy\engine\base.py", line 3309, in raw_connection
    return self.pool.connect()
           ~~~~~~~~~~~~~~~~~^^
  File "C:\Users\Lenovo\AppData\Local\Programs\Python\Python313\Lib\site-packages\sqlalchemy\pool\base.py", line 447, in connect
    return _ConnectionFairy._checkout(self)
           ~~~~~~~~~~~~~~~~~~~~~~~~~~^^^^^^
  File "C:\Users\Lenovo\AppData\Local\Programs\Python\Python313\Lib\site-packages\sqlalchemy\pool\base.py", line 1264, in _checkout
    fairy = _ConnectionRecord.checkout(pool)
  File "C:\Users\Lenovo\AppData\Local\Programs\Python\Python313\Lib\site-packages\sqlalchemy\pool\base.py", line 716, in checkout
    with util.safe_reraise():
         ~~~~~~~~~~~~~~~~~^^
  File "C:\Users\Lenovo\AppData\Local\Programs\Python\Python313\Lib\site-packages\sqlalchemy\util\langhelpers.py", line 224, in __exit__
    raise exc_value.with_traceback(exc_tb)
  File "C:\Users\Lenovo\AppData\Local\Programs\Python\Python313\Lib\site-packages\sqlalchemy\pool\base.py", line 714, in checkout
    dbapi_connection = rec.get_connection()
  File "C:\Users\Lenovo\AppData\Local\Programs\Python\Python313\Lib\site-packages\sqlalchemy\pool\base.py", line 836, in get_connection
    self.__connect()
    ~~~~~~~~~~~~~~^^
  File "C:\Users\Lenovo\AppData\Local\Programs\Python\Python313\Lib\site-packages\sqlalchemy\pool\base.py", line 899, in __connect
    with util.safe_reraise():
         ~~~~~~~~~~~~~~~~~^^
  File "C:\Users\Lenovo\AppData\Local\Programs\Python\Python313\Lib\site-packages\sqlalchemy\util\langhelpers.py", line 224, in __exit__
    raise exc_value.with_traceback(exc_tb)
  File "C:\Users\Lenovo\AppData\Local\Programs\Python\Python313\Lib\site-packages\sqlalchemy\pool\base.py", line 895, in __connect
    self.dbapi_connection = connection = pool._invoke_creator(self)
                                         ~~~~~~~~~~~~~~~~~~~~^^^^^^
  File "C:\Users\Lenovo\AppData\Local\Programs\Python\Python313\Lib\site-packages\sqlalchemy\engine\create.py", line 661, in connect
    return dialect.connect(*cargs, **cparams)
           ~~~~~~~~~~~~~~~^^^^^^^^^^^^^^^^^^^
  File "C:\Users\Lenovo\AppData\Local\Programs\Python\Python313\Lib\site-packages\sqlalchemy\engine\default.py", line 630, in connect
    return self.loaded_dbapi.connect(*cargs, **cparams)  # type: ignore[no-any-return]  # NOQA: E501
           ~~~~~~~~~~~~~~~~~~~~~~~~~^^^^^^^^^^^^^^^^^^^
  File "C:\Users\Lenovo\AppData\Local\Programs\Python\Python313\Lib\site-packages\psycopg2\__init__.py", line 135, in connect
    conn = _connect(dsn, connection_factory=connection_factory, **kwasync)
sqlalchemy.exc.OperationalError: (psycopg2.OperationalError) connection to server at "myntreal-database.c5gywaicq6zu.ap-south-2.rds.amazonaws.com" (16.112.74.247), port 5432 failed: timeout expired

(Background on this error at: https://sqlalche.me/e/20/e3q8)

INFO:     127.0.0.1:61918 - "GET /api/v1/hub/partners HTTP/1.1" 500 Internal Server Error
WARNING:app.api.v1.endpoints.feedback:[PUBLIC-ANNOUNCEMENTS] Non-fatal announcements query error (safe fallback): (psycopg2.OperationalError) SSL connection has been closed unexpectedly

[SQL: SELECT anon_1.feedback_submissions_id AS anon_1_feedback_submissions_id, anon_1.feedback_submissions_user_id AS anon_1_feedback_submissions_user_id, anon_1.feedback_submissions_category_id AS anon_1_feedback_submissions_category_id, anon_1.feedback_submissions_submission_type AS anon_1_feedback_submissions_submission_type, anon_1.feedback_submissions_title AS anon_1_feedback_submissions_title, anon_1.feedback_submissions_description AS anon_1_feedback_submissions_description, anon_1.feedback_submissions_status AS anon_1_feedback_submissions_status, anon_1.feedback_submissions_approved_media_count AS anon_1_feedback_submissions_approved_media_count, anon_1.feedback_submissions_rejected_media_count AS anon_1_feedback_submissions_rejected_media_count, anon_1.feedback_submissions_last_reviewed_at AS anon_1_feedback_submissions_last_reviewed_at, anon_1.feedback_submissions_last_reviewed_by AS anon_1_feedback_submissions_last_reviewed_by, anon_1.feedback_submissions_is_visible AS anon_1_feedback_submissions_is_visible, anon_1.feedback_submissions_hidden_by AS anon_1_feedback_submissions_hidden_by, anon_1.feedback_submissions_hidden_at AS anon_1_feedback_submissions_hidden_at, anon_1.feedback_submissions_shares_count AS anon_1_feedback_submissions_shares_count, anon_1.feedback_submissions_views_count AS anon_1_feedback_submissions_views_count, anon_1.feedback_submissions_display_order AS anon_1_feedback_submissions_display_order, anon_1.feedback_submissions_submitted_at AS anon_1_feedback_submissions_submitted_at, anon_1.feedback_submissions_approved_at AS anon_1_feedback_submissions_approved_at, anon_1.feedback_submissions_approved_by AS anon_1_feedback_submissions_approved_by, anon_1.feedback_submissions_visible_to AS anon_1_feedback_submissions_visible_to, anon_1.feedback_submissions_target_destination AS anon_1_feedback_submissions_target_destination, anon_1.feedback_submissions_expires_at AS anon_1_feedback_submissions_expires_at, anon_1.feedback_submissions_is_deleted AS anon_1_feedback_submissions_is_deleted, anon_1.feedback_submissions_deleted_at AS anon_1_feedback_submissions_deleted_at, anon_1.feedback_submissions_deleted_by AS anon_1_feedback_submissions_deleted_by, user_1.id AS user_1_id, user_1.name AS user_1_name, user_1.email AS user_1_email, user_1.password AS user_1_password, user_1.user_type AS user_1_user_type, user_1.referrer_id AS user_1_referrer_id, user_1.wallet_balance AS user_1_wallet_balance, user_1.upgrade_wallet_balance AS user_1_upgrade_wallet_balance, user_1.earning_wallet AS user_1_earning_wallet, user_1.withdrawable_wallet AS user_1_withdrawable_wallet, user_1.last_wallet_sync_at AS user_1_last_wallet_sync_at, user_1.kyc_status AS user_1_kyc_status, user_1.kyc_bypass_active AS user_1_kyc_bypass_active, user_1.kyc_original_status AS user_1_kyc_original_status, user_1.kyc_bypassed_at AS user_1_kyc_bypassed_at, user_1.kyc_bypassed_by AS user_1_kyc_bypassed_by, user_1.kyc_bypass_reason AS user_1_kyc_bypass_reason, user_1.coupon_status AS user_1_coupon_status, user_1.package_points AS user_1_package_points, user_1.coupon_status_changed_date AS user_1_coupon_status_changed_date, user_1.coupon_status_changed_time AS user_1_coupon_status_changed_time, user_1.coupon_status_changed_at AS user_1_coupon_status_changed_at, user_1.last_package_assigned_at AS user_1_last_package_assigned_at, user_1.package_assignment_timer_reset AS user_1_package_assignment_timer_reset, user_1.placement_status AS user_1_placement_status, user_1.is_ved AS user_1_is_ved, user_1.ved_owner_id AS user_1_ved_owner_id, user_1.ved_paused AS user_1_ved_paused, user_1.ved_disconnected_date AS user_1_ved_disconnected_date, user_1.ved_activation_date AS user_1_ved_activation_date, user_1.account_status AS user_1_account_status, user_1.registration_date AS user_1_registration_date, user_1.activation_date AS user_1_activation_date, user_1.last_login AS user_1_last_login, user_1.phone_number AS user_1_phone_number, user_1.pan_number_encrypted AS user_1_pan_number_encrypted, user_1.aadhaar_number_encrypted AS user_1_aadhaar_number_encrypted, user_1.mobile_number_encrypted AS user_1_mobile_number_encrypted, user_1.pan_hash AS user_1_pan_hash, user_1.aadhaar_hash AS user_1_aadhaar_hash, user_1.mobile_hash AS user_1_mobile_hash, user_1.mobile_verified AS user_1_mobile_verified, user_1.mobile_verification_code_hash AS user_1_mobile_verification_code_hash, user_1.mobile_verification_expires AS user_1_mobile_verification_expires, user_1.password_reset_token AS user_1_password_reset_token, user_1.password_reset_expires AS user_1_password_reset_expires, user_1.reset_code AS user_1_reset_code, user_1.reset_code_expires AS user_1_reset_code_expires, user_1.secondary_password AS user_1_secondary_password, user_1.force_password_change AS user_1_force_password_change, user_1.temp_password AS user_1_temp_password, user_1.temp_password_expires_at AS user_1_temp_password_expires_at, user_1.kyc_documents_complete AS user_1_kyc_documents_complete, user_1.profile_completion_score AS user_1_profile_completion_score, user_1.user_level AS user_1_user_level, user_1.activation_sequence AS user_1_activation_sequence, user_1.earned_total AS user_1_earned_total, user_1.released_total AS user_1_released_total, user_1.is_red_coupon AS user_1_is_red_coupon, user_1.red_coupon_locked AS user_1_red_coupon_locked, user_1.red_coupon_date AS user_1_red_coupon_date, user_1.red_coupon_unlock_requests AS user_1_red_coupon_unlock_requests, user_1.is_welcome_coupon AS user_1_is_welcome_coupon, user_1.account_locked AS user_1_account_locked, user_1.gender AS user_1_gender, user_1.certificate_date_of_birth AS user_1_certificate_date_of_birth, user_1.actual_date_of_birth AS user_1_actual_date_of_birth, user_1.aadhaar_number AS user_1_aadhaar_number, user_1.pan_number AS user_1_pan_number, user_1.excluded_from_regular_awards AS user_1_excluded_from_regular_awards, user_1.registration_source AS user_1_registration_source, user_1.position AS user_1_position, user_1.position_id AS user_1_position_id, user_1.position_name AS user_1_position_name, user_1.sponsor_name AS user_1_sponsor_name, user_1.date_of_joining AS user_1_date_of_joining, user_1.joining_time AS user_1_joining_time, user_1.address_line1 AS user_1_address_line1, user_1.address_line2 AS user_1_address_line2, user_1.city AS user_1_city, user_1.state AS user_1_state, user_1.postal_code AS user_1_postal_code, user_1.country AS user_1_country, user_1.bank_account_holder AS user_1_bank_account_holder, user_1.bank_name AS user_1_bank_name, user_1.bank_account_number AS user_1_bank_account_number, user_1.bank_ifsc_code AS user_1_bank_ifsc_code, user_1.bank_branch_name AS user_1_bank_branch_name, user_1.upi_id AS user_1_upi_id, user_1.profile_updated_at AS user_1_profile_updated_at, user_1.bank_details_status AS user_1_bank_details_status, user_1.bank_admin_approved_by AS user_1_bank_admin_approved_by, user_1.bank_admin_approved_at AS user_1_bank_admin_approved_at, user_1.bank_finance_approved_by AS user_1_bank_finance_approved_by, user_1.bank_finance_approved_at AS user_1_bank_finance_approved_at, user_1.bank_rejection_reason AS user_1_bank_rejection_reason, user_1.aadhaar_verified AS user_1_aadhaar_verified, user_1.pan_verified AS user_1_pan_verified, user_1.document_verified AS user_1_document_verified, user_1.account_holder_verified AS user_1_account_holder_verified, user_1.account_number_verified AS user_1_account_number_verified, user_1.ifsc_verified AS user_1_ifsc_verified, user_1.bank_name_verified AS user_1_bank_name_verified, user_1.branch_verified AS user_1_branch_verified, user_1.aadhaar_verified_by AS user_1_aadhaar_verified_by, user_1.pan_verified_by AS user_1_pan_verified_by, user_1.document_verified_by AS user_1_document_verified_by, user_1.account_holder_verified_by AS user_1_account_holder_verified_by, user_1.account_number_verified_by AS user_1_account_number_verified_by, user_1.ifsc_verified_by AS user_1_ifsc_verified_by, user_1.bank_name_verified_by AS user_1_bank_name_verified_by, user_1.branch_verified_by AS user_1_branch_verified_by, user_1.aadhaar_verified_at AS user_1_aadhaar_verified_at, user_1.pan_verified_at AS user_1_pan_verified_at, user_1.document_verified_at AS user_1_document_verified_at, user_1.account_holder_verified_at AS user_1_account_holder_verified_at, user_1.account_number_verified_at AS user_1_account_number_verified_at, user_1.ifsc_verified_at AS user_1_ifsc_verified_at, user_1.bank_name_verified_at AS user_1_bank_name_verified_at, user_1.branch_verified_at AS user_1_branch_verified_at, user_1.aadhaar_validated AS user_1_aadhaar_validated, user_1.aadhaar_validated_by AS user_1_aadhaar_validated_by, user_1.aadhaar_validated_at AS user_1_aadhaar_validated_at, user_1.pan_validated AS user_1_pan_validated, user_1.pan_validated_by AS user_1_pan_validated_by, user_1.pan_validated_at AS user_1_pan_validated_at, user_1.document_validated AS user_1_document_validated, user_1.document_validated_by AS user_1_document_validated_by, user_1.document_validated_at AS user_1_document_validated_at, user_1.account_holder_validated AS user_1_account_holder_validated, user_1.account_holder_validated_by AS user_1_account_holder_validated_by, user_1.account_holder_validated_at AS user_1_account_holder_validated_at, user_1.account_number_validated AS user_1_account_number_validated, user_1.account_number_validated_by AS user_1_account_number_validated_by, user_1.account_number_validated_at AS user_1_account_number_validated_at, user_1.ifsc_validated AS user_1_ifsc_validated, user_1.ifsc_validated_by AS user_1_ifsc_validated_by, user_1.ifsc_validated_at AS user_1_ifsc_validated_at, user_1.bank_name_validated AS user_1_bank_name_validated, user_1.bank_name_validated_by AS user_1_bank_name_validated_by, user_1.bank_name_validated_at AS user_1_bank_name_validated_at, user_1.branch_validated AS user_1_branch_validated, user_1.branch_validated_by AS user_1_branch_validated_by, user_1.branch_validated_at AS user_1_branch_validated_at, user_1.referral_bonus_eligible AS user_1_referral_bonus_eligible, user_1.first_referral_bonus_paid AS user_1_first_referral_bonus_paid, user_1.first_matching_achieved AS user_1_first_matching_achieved, user_1.referral_bonus_count AS user_1_referral_bonus_count, user_1.accepted_terms_version AS user_1_accepted_terms_version, user_1.acceptance_timestamp AS user_1_acceptance_timestamp, feedback_categories_1.id AS feedback_categories_1_id, feedback_categories_1.name AS feedback_categories_1_name, feedback_categories_1.description AS feedback_categories_1_description, feedback_categories_1.is_active AS feedback_categories_1_is_active, feedback_categories_1.created_by AS feedback_categories_1_created_by, feedback_categories_1.created_at AS feedback_categories_1_created_at, feedback_categories_1.updated_at AS feedback_categories_1_updated_at, feedback_media_1.id AS feedback_media_1_id, feedback_media_1.submission_id AS feedback_media_1_submission_id, feedback_media_1.file_path AS feedback_media_1_file_path, feedback_media_1.file_type AS feedback_media_1_file_type, feedback_media_1.file_size AS feedback_media_1_file_size, feedback_media_1.duration AS feedback_media_1_duration, feedback_media_1.original_filename AS feedback_media_1_original_filename, feedback_media_1.uploaded_at AS feedback_media_1_uploaded_at, feedback_media_1.compressed_path AS feedback_media_1_compressed_path, feedback_media_1.compressed_size_bytes AS feedback_media_1_compressed_size_bytes, feedback_media_1.processing_status AS feedback_media_1_processing_status, feedback_media_1.processed_at AS feedback_media_1_processed_at, feedback_media_1.compressed_checksum AS feedback_media_1_compressed_checksum, feedback_media_1.has_compressed AS feedback_media_1_has_compressed, feedback_media_1.uploaded_by_emp_code AS feedback_media_1_uploaded_by_emp_code, feedback_media_1.original_checksum AS feedback_media_1_original_checksum, feedback_media_1.original_storage_type AS feedback_media_1_original_storage_type, feedback_media_1.original_storage_key AS feedback_media_1_original_storage_key, feedback_media_1.download_filename AS feedback_media_1_download_filename, feedback_media_1.uses_new_naming AS feedback_media_1_uses_new_naming, feedback_media_1.media_status AS feedback_media_1_media_status, feedback_media_1.decided_by AS feedback_media_1_decided_by, feedback_media_1.decided_at AS feedback_media_1_decided_at, feedback_media_1.decision_comment AS feedback_media_1_decision_comment, feedback_media_1.announced_at AS feedback_media_1_announced_at, feedback_media_1.thumbnail_url AS feedback_media_1_thumbnail_url, feedback_media_1.is_visible AS feedback_media_1_is_visible, feedback_media_1.hidden_by AS feedback_media_1_hidden_by, feedback_media_1.hidden_at AS feedback_media_1_hidden_at 
FROM (SELECT feedback_submissions.id AS feedback_submissions_id, feedback_submissions.user_id AS feedback_submissions_user_id, feedback_submissions.category_id AS feedback_submissions_category_id, feedback_submissions.submission_type AS feedback_submissions_submission_type, feedback_submissions.title AS feedback_submissions_title, feedback_submissions.description AS feedback_submissions_description, feedback_submissions.status AS feedback_submissions_status, feedback_submissions.approved_media_count AS feedback_submissions_approved_media_count, feedback_submissions.rejected_media_count AS feedback_submissions_rejected_media_count, feedback_submissions.last_reviewed_at AS feedback_submissions_last_reviewed_at, feedback_submissions.last_reviewed_by AS feedback_submissions_last_reviewed_by, feedback_submissions.is_visible AS feedback_submissions_is_visible, feedback_submissions.hidden_by AS feedback_submissions_hidden_by, feedback_submissions.hidden_at AS feedback_submissions_hidden_at, feedback_submissions.shares_count AS feedback_submissions_shares_count, feedback_submissions.views_count AS feedback_submissions_views_count, feedback_submissions.display_order AS feedback_submissions_display_order, feedback_submissions.submitted_at AS feedback_submissions_submitted_at, feedback_submissions.approved_at AS feedback_submissions_approved_at, feedback_submissions.approved_by AS feedback_submissions_approved_by, feedback_submissions.visible_to AS feedback_submissions_visible_to, feedback_submissions.target_destination AS feedback_submissions_target_destination, feedback_submissions.expires_at AS feedback_submissions_expires_at, feedback_submissions.is_deleted AS feedback_submissions_is_deleted, feedback_submissions.deleted_at AS feedback_submissions_deleted_at, feedback_submissions.deleted_by AS feedback_submissions_deleted_by 
FROM feedback_submissions 
WHERE feedback_submissions.is_visible = true AND feedback_submissions.status = %(status_1)s AND (feedback_submissions.is_deleted = false OR feedback_submissions.is_deleted IS NULL) AND (feedback_submissions.expires_at IS NULL OR feedback_submissions.expires_at > %(expires_at_1)s) ORDER BY feedback_submissions.approved_at DESC NULLS LAST, feedback_submissions.submitted_at DESC 
 LIMIT %(param_1)s) AS anon_1 LEFT OUTER JOIN "user" AS user_1 ON user_1.id = anon_1.feedback_submissions_user_id LEFT OUTER JOIN feedback_categories AS feedback_categories_1 ON feedback_categories_1.id = anon_1.feedback_submissions_category_id LEFT OUTER JOIN feedback_media AS feedback_media_1 ON anon_1.feedback_submissions_id = feedback_media_1.submission_id ORDER BY anon_1.feedback_submissions_approved_at DESC NULLS LAST, anon_1.feedback_submissions_submitted_at DESC]
[parameters: {'status_1': 'APPROVED', 'expires_at_1': datetime.datetime(2026, 10, 1, 0, 24, 28, 738485, tzinfo=datetime.timezone.utc), 'param_1': 10}]
(Background on this error at: https://sqlalche.me/e/20/e3q8)
INFO:     127.0.0.1:52194 - "GET /api/v1/feedback/public/announcements?limit=10 HTTP/1.1" 200 OK
INFO:     127.0.0.1:57751 - "GET /api/v1/community-services/public/homepage-popup HTTP/1.1" 200 OK
ERROR:app.core.exceptions:SQLAlchemy Error on GET /api/v1/community-services/public/active-headers: SSL connection has been closed unexpectedly

ERROR:app.core.exceptions:Full traceback: Traceback (most recent call last):
  File "C:\Users\Lenovo\AppData\Local\Programs\Python\Python313\Lib\site-packages\sqlalchemy\engine\base.py", line 1967, in _exec_single_context
    self.dialect.do_execute(
    ~~~~~~~~~~~~~~~~~~~~~~~^
        cursor, str_statement, effective_parameters, context
        ^^^^^^^^^^^^^^^^^^^^^^^^^^^^^^^^^^^^^^^^^^^^^^^^^^^^
    )
    ^
  File "C:\Users\Lenovo\AppData\Local\Programs\Python\Python313\Lib\site-packages\sqlalchemy\engine\default.py", line 952, in do_execute
    cursor.execute(statement, parameters)
    ~~~~~~~~~~~~~~^^^^^^^^^^^^^^^^^^^^^^^
psycopg2.OperationalError: SSL connection has been closed unexpectedly


The above exception was the direct cause of the following exception:

Traceback (most recent call last):
  File "C:\Users\Lenovo\AppData\Local\Programs\Python\Python313\Lib\site-packages\starlette\_exception_handler.py", line 42, in wrapped_app
    await app(scope, receive, sender)
  File "C:\Users\Lenovo\AppData\Local\Programs\Python\Python313\Lib\site-packages\fastapi\routing.py", line 105, in app
    response = await f(request)
               ^^^^^^^^^^^^^^^^
  File "C:\Users\Lenovo\AppData\Local\Programs\Python\Python313\Lib\site-packages\fastapi\routing.py", line 426, in app
    raw_response = await run_endpoint_function(
                   ^^^^^^^^^^^^^^^^^^^^^^^^^^^^
    ...<3 lines>...
    )
    ^
  File "C:\Users\Lenovo\AppData\Local\Programs\Python\Python313\Lib\site-packages\fastapi\routing.py", line 314, in run_endpoint_function
    return await run_in_threadpool(dependant.call, **values)
           ^^^^^^^^^^^^^^^^^^^^^^^^^^^^^^^^^^^^^^^^^^^^^^^^^
  File "C:\Users\Lenovo\AppData\Local\Programs\Python\Python313\Lib\site-packages\starlette\concurrency.py", line 32, in run_in_threadpool
    return await anyio.to_thread.run_sync(func)
           ^^^^^^^^^^^^^^^^^^^^^^^^^^^^^^^^^^^^
  File "C:\Users\Lenovo\AppData\Local\Programs\Python\Python313\Lib\site-packages\anyio\to_thread.py", line 65, in run_sync
    return await get_async_backend().run_sync_in_worker_thread(
           ^^^^^^^^^^^^^^^^^^^^^^^^^^^^^^^^^^^^^^^^^^^^^^^^^^^^
        func, args, abandon_on_cancel=abandon_on_cancel, limiter=limiter
        ^^^^^^^^^^^^^^^^^^^^^^^^^^^^^^^^^^^^^^^^^^^^^^^^^^^^^^^^^^^^^^^^
    )
    ^
  File "C:\Users\Lenovo\AppData\Local\Programs\Python\Python313\Lib\site-packages\anyio\_backends\_asyncio.py", line 2641, in run_sync_in_worker_thread
    return await future
           ^^^^^^^^^^^^
  File "C:\Users\Lenovo\AppData\Local\Programs\Python\Python313\Lib\site-packages\anyio\_backends\_asyncio.py", line 1033, in run
    result = context.run(func, *args)
  File "C:\Users\Lenovo\Desktop\SAAS\MyntReal_Latest\backend\app\api\v1\endpoints\community_services.py", line 64, in get_active_headers
    ).count()
      ~~~~~^^
  File "C:\Users\Lenovo\AppData\Local\Programs\Python\Python313\Lib\site-packages\sqlalchemy\orm\query.py", line 3146, in count
    self._legacy_from_self(col).enable_eagerloads(False).scalar()
    ~~~~~~~~~~~~~~~~~~~~~~~~~~~~~~~~~~~~~~~~~~~~~~~~~~~~~~~~~~~^^
  File "C:\Users\Lenovo\AppData\Local\Programs\Python\Python313\Lib\site-packages\sqlalchemy\orm\query.py", line 2835, in scalar
    ret = self.one()
  File "C:\Users\Lenovo\AppData\Local\Programs\Python\Python313\Lib\site-packages\sqlalchemy\orm\query.py", line 2808, in one
    return self._iter().one()  # type: ignore
           ~~~~~~~~~~^^
  File "C:\Users\Lenovo\AppData\Local\Programs\Python\Python313\Lib\site-packages\sqlalchemy\orm\query.py", line 2857, in _iter
    result: Union[ScalarResult[_T], Result[_T]] = self.session.execute(
                                                  ~~~~~~~~~~~~~~~~~~~~^
        statement,
        ^^^^^^^^^^
        params,
        ^^^^^^^
        execution_options={"_sa_orm_load_options": self.load_options},
        ^^^^^^^^^^^^^^^^^^^^^^^^^^^^^^^^^^^^^^^^^^^^^^^^^^^^^^^^^^^^^^
    )
    ^
  File "C:\Users\Lenovo\AppData\Local\Programs\Python\Python313\Lib\site-packages\sqlalchemy\orm\session.py", line 2351, in execute
    return self._execute_internal(
           ~~~~~~~~~~~~~~~~~~~~~~^
        statement,
        ^^^^^^^^^^
    ...<4 lines>...
        _add_event=_add_event,
        ^^^^^^^^^^^^^^^^^^^^^^
    )
    ^
  File "C:\Users\Lenovo\AppData\Local\Programs\Python\Python313\Lib\site-packages\sqlalchemy\orm\session.py", line 2249, in _execute_internal
    result: Result[Any] = compile_state_cls.orm_execute_statement(
                          ~~~~~~~~~~~~~~~~~~~~~~~~~~~~~~~~~~~~~~~^
        self,
        ^^^^^
    ...<4 lines>...
        conn,
        ^^^^^
    )
    ^
  File "C:\Users\Lenovo\AppData\Local\Programs\Python\Python313\Lib\site-packages\sqlalchemy\orm\context.py", line 306, in orm_execute_statement
    result = conn.execute(
        statement, params or {}, execution_options=execution_options
    )
  File "C:\Users\Lenovo\AppData\Local\Programs\Python\Python313\Lib\site-packages\sqlalchemy\engine\base.py", line 1419, in execute
    return meth(
        self,
        distilled_parameters,
        execution_options or NO_OPTIONS,
    )
  File "C:\Users\Lenovo\AppData\Local\Programs\Python\Python313\Lib\site-packages\sqlalchemy\sql\elements.py", line 527, in _execute_on_connection
    return connection._execute_clauseelement(
           ~~~~~~~~~~~~~~~~~~~~~~~~~~~~~~~~~^
        self, distilled_params, execution_options
        ^^^^^^^^^^^^^^^^^^^^^^^^^^^^^^^^^^^^^^^^^
    )
    ^
  File "C:\Users\Lenovo\AppData\Local\Programs\Python\Python313\Lib\site-packages\sqlalchemy\engine\base.py", line 1641, in _execute_clauseelement
    ret = self._execute_context(
        dialect,
    ...<8 lines>...
        cache_hit=cache_hit,
    )
  File "C:\Users\Lenovo\AppData\Local\Programs\Python\Python313\Lib\site-packages\sqlalchemy\engine\base.py", line 1846, in _execute_context
    return self._exec_single_context(
           ~~~~~~~~~~~~~~~~~~~~~~~~~^
        dialect, context, statement, parameters
        ^^^^^^^^^^^^^^^^^^^^^^^^^^^^^^^^^^^^^^^
    )
    ^
  File "C:\Users\Lenovo\AppData\Local\Programs\Python\Python313\Lib\site-packages\sqlalchemy\engine\base.py", line 1986, in _exec_single_context
    self._handle_dbapi_exception(
    ~~~~~~~~~~~~~~~~~~~~~~~~~~~~^
        e, str_statement, effective_parameters, cursor, context
        ^^^^^^^^^^^^^^^^^^^^^^^^^^^^^^^^^^^^^^^^^^^^^^^^^^^^^^^
    )
    ^
  File "C:\Users\Lenovo\AppData\Local\Programs\Python\Python313\Lib\site-packages\sqlalchemy\engine\base.py", line 2363, in _handle_dbapi_exception
    raise sqlalchemy_exception.with_traceback(exc_info[2]) from e
  File "C:\Users\Lenovo\AppData\Local\Programs\Python\Python313\Lib\site-packages\sqlalchemy\engine\base.py", line 1967, in _exec_single_context
    self.dialect.do_execute(
    ~~~~~~~~~~~~~~~~~~~~~~~^
        cursor, str_statement, effective_parameters, context
        ^^^^^^^^^^^^^^^^^^^^^^^^^^^^^^^^^^^^^^^^^^^^^^^^^^^^
    )
    ^
  File "C:\Users\Lenovo\AppData\Local\Programs\Python\Python313\Lib\site-packages\sqlalchemy\engine\default.py", line 952, in do_execute
    cursor.execute(statement, parameters)
    ~~~~~~~~~~~~~~^^^^^^^^^^^^^^^^^^^^^^^
sqlalchemy.exc.OperationalError: (psycopg2.OperationalError) SSL connection has been closed unexpectedly

[SQL: SELECT count(*) AS count_1 
FROM (SELECT community_registrations.id AS community_registrations_id, community_registrations.community_service_id AS community_registrations_community_service_id, community_registrations.submission_date AS community_registrations_submission_date, community_registrations.association_name AS community_registrations_association_name, community_registrations.primary_name AS community_registrations_primary_name, community_registrations.primary_phone_1 AS community_registrations_primary_phone_1, community_registrations.primary_phone_2 AS community_registrations_primary_phone_2, community_registrations.secondary_name AS community_registrations_secondary_name, community_registrations.secondary_phone_1 AS community_registrations_secondary_phone_1, community_registrations.secondary_phone_2 AS community_registrations_secondary_phone_2, community_registrations.area AS community_registrations_area, community_registrations.pin_code AS community_registrations_pin_code, community_registrations.district AS community_registrations_district, community_registrations.state AS community_registrations_state, community_registrations.ref1_member_id AS community_registrations_ref1_member_id, community_registrations.ref2_member_id AS community_registrations_ref2_member_id, community_registrations.referral_type AS community_registrations_referral_type, community_registrations.referral_code AS community_registrations_referral_code, community_registrations.kyc_uploads AS community_registrations_kyc_uploads, community_registrations.status AS community_registrations_status, community_registrations.user_id AS community_registrations_user_id, community_registrations.google_location AS community_registrations_google_location, community_registrations.application_no AS community_registrations_application_no, community_registrations.assembly_constituency AS community_registrations_assembly_constituency, community_registrations.president_name AS community_registrations_president_name, community_registrations.president_phone AS community_registrations_president_phone, community_registrations.secretary_name AS community_registrations_secretary_name, community_registrations.secretary_phone AS community_registrations_secretary_phone, community_registrations.treasurer_name AS community_registrations_treasurer_name, community_registrations.treasurer_phone AS community_registrations_treasurer_phone, community_registrations.mandap_location AS community_registrations_mandap_location, community_registrations.location_category AS community_registrations_location_category, community_registrations.location_owner_details AS community_registrations_location_owner_details, community_registrations.idol_height AS community_registrations_idol_height, community_registrations.idol_photo AS community_registrations_idol_photo, community_registrations.utsav_start_date AS community_registrations_utsav_start_date, community_registrations.utsav_end_date AS community_registrations_utsav_end_date, community_registrations.visarjan_date AS community_registrations_visarjan_date, community_registrations.visarjan_time AS community_registrations_visarjan_time, community_registrations.visarjan_phone AS community_registrations_visarjan_phone, community_registrations.mandap_volunteers AS community_registrations_mandap_volunteers, community_registrations.cultural_programs AS community_registrations_cultural_programs, community_registrations.sound_system_details AS community_registrations_sound_system_details, community_registrations.latitude AS community_registrations_latitude, community_registrations.longitude AS community_registrations_longitude, community_registrations.formatted_address AS community_registrations_formatted_address, community_registrations.applicant_signature AS community_registrations_applicant_signature, community_registrations.registered_from AS community_registrations_registered_from, community_registrations.landmark AS community_registrations_landmark, community_registrations.created_at AS community_registrations_created_at, community_registrations.updated_at AS community_registrations_updated_at 
FROM community_registrations 
WHERE community_registrations.status = %(status_1)s) AS anon_1]
[parameters: {'status_1': 'APPROVED'}]
(Background on this error at: https://sqlalche.me/e/20/e3q8)

INFO:     127.0.0.1:54609 - "GET /api/v1/community-services/public/active-headers HTTP/1.1" 500 Internal Server Error
INFO:     127.0.0.1:63010 - "GET /api/v1/feedback/public/announcements?limit=10 HTTP/1.1" 200 OK
WARNING:app.services.facebook_leads_service:Error checking lead existence for 28183959091289092: (psycopg2.OperationalError) SSL connection has been closed unexpectedly

[SQL: SELECT meta_leads_attribution.id AS meta_leads_attribution_id 
FROM meta_leads_attribution 
WHERE meta_leads_attribution.meta_lead_id IN (%(meta_lead_id_1_1)s, %(meta_lead_id_1_2)s, %(meta_lead_id_1_3)s) 
 LIMIT %(param_1)s]
[parameters: {'param_1': 1, 'meta_lead_id_1_1': '28183959091289092', 'meta_lead_id_1_2': 'l:28183959091289092', 'meta_lead_id_1_3': '28183959091289092'}]
(Background on this error at: https://sqlalche.me/e/20/e3q8)
ERROR:app.core.exceptions:SQLAlchemy Error on POST /api/v1/staff/auth/login: SSL connection has been closed unexpectedly

ERROR:app.core.exceptions:Full traceback: Traceback (most recent call last):
  File "C:\Users\Lenovo\AppData\Local\Programs\Python\Python313\Lib\site-packages\sqlalchemy\engine\base.py", line 1967, in _exec_single_context
    self.dialect.do_execute(
    ~~~~~~~~~~~~~~~~~~~~~~~^
        cursor, str_statement, effective_parameters, context
        ^^^^^^^^^^^^^^^^^^^^^^^^^^^^^^^^^^^^^^^^^^^^^^^^^^^^
    )
    ^
  File "C:\Users\Lenovo\AppData\Local\Programs\Python\Python313\Lib\site-packages\sqlalchemy\engine\default.py", line 952, in do_execute
    cursor.execute(statement, parameters)
    ~~~~~~~~~~~~~~^^^^^^^^^^^^^^^^^^^^^^^
psycopg2.OperationalError: SSL connection has been closed unexpectedly


The above exception was the direct cause of the following exception:

Traceback (most recent call last):
  File "C:\Users\Lenovo\AppData\Local\Programs\Python\Python313\Lib\site-packages\starlette\_exception_handler.py", line 42, in wrapped_app
    await app(scope, receive, sender)
  File "C:\Users\Lenovo\AppData\Local\Programs\Python\Python313\Lib\site-packages\fastapi\routing.py", line 105, in app
    response = await f(request)
               ^^^^^^^^^^^^^^^^
  File "C:\Users\Lenovo\AppData\Local\Programs\Python\Python313\Lib\site-packages\fastapi\routing.py", line 426, in app
    raw_response = await run_endpoint_function(
                   ^^^^^^^^^^^^^^^^^^^^^^^^^^^^
    ...<3 lines>...
    )
    ^
  File "C:\Users\Lenovo\AppData\Local\Programs\Python\Python313\Lib\site-packages\fastapi\routing.py", line 314, in run_endpoint_function
    return await run_in_threadpool(dependant.call, **values)
           ^^^^^^^^^^^^^^^^^^^^^^^^^^^^^^^^^^^^^^^^^^^^^^^^^
  File "C:\Users\Lenovo\AppData\Local\Programs\Python\Python313\Lib\site-packages\starlette\concurrency.py", line 32, in run_in_threadpool
    return await anyio.to_thread.run_sync(func)
           ^^^^^^^^^^^^^^^^^^^^^^^^^^^^^^^^^^^^
  File "C:\Users\Lenovo\AppData\Local\Programs\Python\Python313\Lib\site-packages\anyio\to_thread.py", line 65, in run_sync
    return await get_async_backend().run_sync_in_worker_thread(
           ^^^^^^^^^^^^^^^^^^^^^^^^^^^^^^^^^^^^^^^^^^^^^^^^^^^^
        func, args, abandon_on_cancel=abandon_on_cancel, limiter=limiter
        ^^^^^^^^^^^^^^^^^^^^^^^^^^^^^^^^^^^^^^^^^^^^^^^^^^^^^^^^^^^^^^^^
    )
    ^
  File "C:\Users\Lenovo\AppData\Local\Programs\Python\Python313\Lib\site-packages\anyio\_backends\_asyncio.py", line 2641, in run_sync_in_worker_thread
    return await future
           ^^^^^^^^^^^^
  File "C:\Users\Lenovo\AppData\Local\Programs\Python\Python313\Lib\site-packages\anyio\_backends\_asyncio.py", line 1033, in run
    result = context.run(func, *args)
  File "C:\Users\Lenovo\Desktop\SAAS\MyntReal_Latest\backend\app\api\v1\endpoints\staff_auth.py", line 696, in staff_login
    pw_ok = SecurityManager.verify_password(raw_pw, employee.password_hash) or (clean_pw != raw_pw and SecurityManager.verify_password(clean_pw, employee.password_hash))
                                                    ^^^^^^^^^^^^^^^^^^^^^^
  File "C:\Users\Lenovo\AppData\Local\Programs\Python\Python313\Lib\site-packages\sqlalchemy\orm\attributes.py", line 569, in __get__
    return self.impl.get(state, dict_)  # type: ignore[no-any-return]
           ~~~~~~~~~~~~~^^^^^^^^^^^^^^
  File "C:\Users\Lenovo\AppData\Local\Programs\Python\Python313\Lib\site-packages\sqlalchemy\orm\attributes.py", line 1096, in get
    value = self._fire_loader_callables(state, key, passive)
  File "C:\Users\Lenovo\AppData\Local\Programs\Python\Python313\Lib\site-packages\sqlalchemy\orm\attributes.py", line 1126, in _fire_loader_callables
    return state._load_expired(state, passive)
           ~~~~~~~~~~~~~~~~~~~^^^^^^^^^^^^^^^^
  File "C:\Users\Lenovo\AppData\Local\Programs\Python\Python313\Lib\site-packages\sqlalchemy\orm\state.py", line 828, in _load_expired
    self.manager.expired_attribute_loader(self, toload, passive)
    ~~~~~~~~~~~~~~~~~~~~~~~~~~~~~~~~~~~~~^^^^^^^^^^^^^^^^^^^^^^^
  File "C:\Users\Lenovo\AppData\Local\Programs\Python\Python313\Lib\site-packages\sqlalchemy\orm\loading.py", line 1674, in load_scalar_attributes
    result = load_on_ident(
        session,
    ...<4 lines>...
        no_autoflush=no_autoflush,
    )
  File "C:\Users\Lenovo\AppData\Local\Programs\Python\Python313\Lib\site-packages\sqlalchemy\orm\loading.py", line 510, in load_on_ident
    return load_on_pk_identity(
        session,
    ...<11 lines>...
        is_user_refresh=is_user_refresh,
    )
  File "C:\Users\Lenovo\AppData\Local\Programs\Python\Python313\Lib\site-packages\sqlalchemy\orm\loading.py", line 695, in load_on_pk_identity
    session.execute(
    ~~~~~~~~~~~~~~~^
        q,
        ^^
    ...<2 lines>...
        bind_arguments=bind_arguments,
        ^^^^^^^^^^^^^^^^^^^^^^^^^^^^^^
    )
    ^
  File "C:\Users\Lenovo\AppData\Local\Programs\Python\Python313\Lib\site-packages\sqlalchemy\orm\session.py", line 2351, in execute
    return self._execute_internal(
           ~~~~~~~~~~~~~~~~~~~~~~^
        statement,
        ^^^^^^^^^^
    ...<4 lines>...
        _add_event=_add_event,
        ^^^^^^^^^^^^^^^^^^^^^^
    )
    ^
  File "C:\Users\Lenovo\AppData\Local\Programs\Python\Python313\Lib\site-packages\sqlalchemy\orm\session.py", line 2249, in _execute_internal
    result: Result[Any] = compile_state_cls.orm_execute_statement(
                          ~~~~~~~~~~~~~~~~~~~~~~~~~~~~~~~~~~~~~~~^
        self,
        ^^^^^
    ...<4 lines>...
        conn,
        ^^^^^
    )
    ^
  File "C:\Users\Lenovo\AppData\Local\Programs\Python\Python313\Lib\site-packages\sqlalchemy\orm\context.py", line 306, in orm_execute_statement
    result = conn.execute(
        statement, params or {}, execution_options=execution_options
    )
  File "C:\Users\Lenovo\AppData\Local\Programs\Python\Python313\Lib\site-packages\sqlalchemy\engine\base.py", line 1419, in execute
    return meth(
        self,
        distilled_parameters,
        execution_options or NO_OPTIONS,
    )
  File "C:\Users\Lenovo\AppData\Local\Programs\Python\Python313\Lib\site-packages\sqlalchemy\sql\elements.py", line 527, in _execute_on_connection
    return connection._execute_clauseelement(
           ~~~~~~~~~~~~~~~~~~~~~~~~~~~~~~~~~^
        self, distilled_params, execution_options
        ^^^^^^^^^^^^^^^^^^^^^^^^^^^^^^^^^^^^^^^^^
    )
    ^
  File "C:\Users\Lenovo\AppData\Local\Programs\Python\Python313\Lib\site-packages\sqlalchemy\engine\base.py", line 1641, in _execute_clauseelement
    ret = self._execute_context(
        dialect,
    ...<8 lines>...
        cache_hit=cache_hit,
    )
  File "C:\Users\Lenovo\AppData\Local\Programs\Python\Python313\Lib\site-packages\sqlalchemy\engine\base.py", line 1846, in _execute_context
    return self._exec_single_context(
           ~~~~~~~~~~~~~~~~~~~~~~~~~^
        dialect, context, statement, parameters
        ^^^^^^^^^^^^^^^^^^^^^^^^^^^^^^^^^^^^^^^
    )
    ^
  File "C:\Users\Lenovo\AppData\Local\Programs\Python\Python313\Lib\site-packages\sqlalchemy\engine\base.py", line 1986, in _exec_single_context
    self._handle_dbapi_exception(
    ~~~~~~~~~~~~~~~~~~~~~~~~~~~~^
        e, str_statement, effective_parameters, cursor, context
        ^^^^^^^^^^^^^^^^^^^^^^^^^^^^^^^^^^^^^^^^^^^^^^^^^^^^^^^
    )
    ^
  File "C:\Users\Lenovo\AppData\Local\Programs\Python\Python313\Lib\site-packages\sqlalchemy\engine\base.py", line 2363, in _handle_dbapi_exception
    raise sqlalchemy_exception.with_traceback(exc_info[2]) from e
  File "C:\Users\Lenovo\AppData\Local\Programs\Python\Python313\Lib\site-packages\sqlalchemy\engine\base.py", line 1967, in _exec_single_context
    self.dialect.do_execute(
    ~~~~~~~~~~~~~~~~~~~~~~~^
        cursor, str_statement, effective_parameters, context
        ^^^^^^^^^^^^^^^^^^^^^^^^^^^^^^^^^^^^^^^^^^^^^^^^^^^^
    )
    ^
  File "C:\Users\Lenovo\AppData\Local\Programs\Python\Python313\Lib\site-packages\sqlalchemy\engine\default.py", line 952, in do_execute
    cursor.execute(statement, parameters)
    ~~~~~~~~~~~~~~^^^^^^^^^^^^^^^^^^^^^^^
sqlalchemy.exc.OperationalError: (psycopg2.OperationalError) SSL connection has been closed unexpectedly

[SQL: SELECT staff_employees.id AS staff_employees_id, staff_employees.emp_code AS staff_employees_emp_code, staff_employees.staff_type AS staff_employees_staff_type, staff_employees.salutation AS staff_employees_salutation, staff_employees.first_name AS staff_employees_first_name, staff_employees.last_name AS staff_employees_last_name, staff_employees.full_name AS staff_employees_full_name, staff_employees.email AS staff_employees_email, staff_employees.phone AS staff_employees_phone, staff_employees.department_id AS staff_employees_department_id, staff_employees.designation AS staff_employees_designation, staff_employees.role_id AS staff_employees_role_id, staff_employees.status AS staff_employees_status, staff_employees.date_of_joining AS staff_employees_date_of_joining, staff_employees.password_hash AS staff_employees_password_hash, staff_employees.status_changed_at AS staff_employees_status_changed_at, staff_employees.status_changed_by AS staff_employees_status_changed_by, staff_employees.status_change_reason AS staff_employees_status_change_reason, staff_employees.last_working_date AS staff_employees_last_working_date, staff_employees.restart_date AS staff_employees_restart_date, staff_employees.requires_password_change AS staff_employees_requires_password_change, staff_employees.password_last_reset_by AS staff_employees_password_last_reset_by, staff_employees.password_last_reset_at AS staff_employees_password_last_reset_at, staff_employees.failed_login_attempts AS staff_employees_failed_login_attempts, staff_employees.locked_until AS staff_employees_locked_until, staff_employees.totp_secret AS staff_employees_totp_secret, staff_employees.totp_enabled AS staff_employees_totp_enabled, staff_employees.last_password_change AS staff_employees_last_password_change, staff_employees.last_login AS staff_employees_last_login, staff_employees.kyc_status AS staff_employees_kyc_status, staff_employees.reporting_manager_id AS staff_employees_reporting_manager_id, staff_employees.base_company_id AS staff_employees_base_company_id, staff_employees.data_companies AS staff_employees_data_companies, staff_employees.dialer_category_priority AS staff_employees_dialer_category_priority, staff_employees.is_experienced AS staff_employees_is_experienced, staff_employees.call_tracking_enabled AS staff_employees_call_tracking_enabled, staff_employees.is_quarterly_bonus_eligible AS staff_employees_is_quarterly_bonus_eligible, staff_employees.team_tag AS staff_employees_team_tag, staff_employees.linked_partner_id AS staff_employees_linked_partner_id, staff_employees.freelancer_access_mode AS staff_employees_freelancer_access_mode, staff_employees.admin_scope AS staff_employees_admin_scope, staff_employees.assigned_modules AS staff_employees_assigned_modules, staff_employees.employment_type AS staff_employees_employment_type, staff_employees.probation_period_months AS staff_employees_probation_period_months, staff_employees.probation_start_date AS staff_employees_probation_start_date, staff_employees.probation_end_date AS staff_employees_probation_end_date, staff_employees.confirmation_date AS staff_employees_confirmation_date, staff_employees.probation_extended AS staff_employees_probation_extended, staff_employees.probation_extension_count AS staff_employees_probation_extension_count, staff_employees.probation_notes AS staff_employees_probation_notes, staff_employees.created_by AS staff_employees_created_by, staff_employees.created_at AS staff_employees_created_at, staff_employees.updated_at AS staff_employees_updated_at, staff_employees.tenant_id AS staff_employees_tenant_id, staff_employees.token_version AS staff_employees_token_version, staff_employees.is_deleted AS staff_employees_is_deleted, staff_employees.deleted_at AS staff_employees_deleted_at, staff_employees.deleted_by AS staff_employees_deleted_by, staff_departments_1.id AS staff_departments_1_id, staff_departments_1.name AS staff_departments_1_name, staff_departments_1.department_code AS staff_departments_1_department_code, staff_departments_1.description AS staff_departments_1_description, staff_departments_1.head_id AS staff_departments_1_head_id, staff_departments_1.is_freelancer_dept AS staff_departments_1_is_freelancer_dept, staff_departments_1.role_permissions AS staff_departments_1_role_permissions, staff_departments_1.data_assignments AS staff_departments_1_data_assignments, staff_departments_1.system_features AS staff_departments_1_system_features, staff_departments_1.company_id AS staff_departments_1_company_id, staff_departments_1.is_active AS staff_departments_1_is_active, staff_departments_1.created_by AS staff_departments_1_created_by, staff_departments_1.updated_by AS staff_departments_1_updated_by, staff_departments_1.created_at AS staff_departments_1_created_at, staff_departments_1.updated_at AS staff_departments_1_updated_at, staff_roles_1.id AS staff_roles_1_id, staff_roles_1.role_code AS staff_roles_1_role_code, staff_roles_1.role_name AS staff_roles_1_role_name, staff_roles_1.hierarchy_level AS staff_roles_1_hierarchy_level, staff_roles_1.description AS staff_roles_1_description, staff_roles_1.is_active AS staff_roles_1_is_active, staff_roles_1.created_at AS staff_roles_1_created_at, staff_employees_1.id AS staff_employees_1_id, staff_employees_1.emp_code AS staff_employees_1_emp_code, staff_employees_1.staff_type AS staff_employees_1_staff_type, staff_employees_1.salutation AS staff_employees_1_salutation, staff_employees_1.first_name AS staff_employees_1_first_name, staff_employees_1.last_name AS staff_employees_1_last_name, staff_employees_1.full_name AS staff_employees_1_full_name, staff_employees_1.email AS staff_employees_1_email, staff_employees_1.phone AS staff_employees_1_phone, staff_employees_1.department_id AS staff_employees_1_department_id, staff_employees_1.designation AS staff_employees_1_designation, staff_employees_1.role_id AS staff_employees_1_role_id, staff_employees_1.status AS staff_employees_1_status, staff_employees_1.date_of_joining AS staff_employees_1_date_of_joining, staff_employees_1.password_hash AS staff_employees_1_password_hash, staff_employees_1.status_changed_at AS staff_employees_1_status_changed_at, staff_employees_1.status_changed_by AS staff_employees_1_status_changed_by, staff_employees_1.status_change_reason AS staff_employees_1_status_change_reason, staff_employees_1.last_working_date AS staff_employees_1_last_working_date, staff_employees_1.restart_date AS staff_employees_1_restart_date, staff_employees_1.requires_password_change AS staff_employees_1_requires_password_change, staff_employees_1.password_last_reset_by AS staff_employees_1_password_last_reset_by, staff_employees_1.password_last_reset_at AS staff_employees_1_password_last_reset_at, staff_employees_1.failed_login_attempts AS staff_employees_1_failed_login_attempts, staff_employees_1.locked_until AS staff_employees_1_locked_until, staff_employees_1.totp_secret AS staff_employees_1_totp_secret, staff_employees_1.totp_enabled AS staff_employees_1_totp_enabled, staff_employees_1.last_password_change AS staff_employees_1_last_password_change, staff_employees_1.last_login AS staff_employees_1_last_login, staff_employees_1.kyc_status AS staff_employees_1_kyc_status, staff_employees_1.reporting_manager_id AS staff_employees_1_reporting_manager_id, staff_employees_1.base_company_id AS staff_employees_1_base_company_id, staff_employees_1.data_companies AS staff_employees_1_data_companies, staff_employees_1.dialer_category_priority AS staff_employees_1_dialer_category_priority, staff_employees_1.is_experienced AS staff_employees_1_is_experienced, staff_employees_1.call_tracking_enabled AS staff_employees_1_call_tracking_enabled, staff_employees_1.is_quarterly_bonus_eligible AS staff_employees_1_is_quarterly_bonus_eligible, staff_employees_1.team_tag AS staff_employees_1_team_tag, staff_employees_1.linked_partner_id AS staff_employees_1_linked_partner_id, staff_employees_1.freelancer_access_mode AS staff_employees_1_freelancer_access_mode, staff_employees_1.admin_scope AS staff_employees_1_admin_scope, staff_employees_1.assigned_modules AS staff_employees_1_assigned_modules, staff_employees_1.employment_type AS staff_employees_1_employment_type, staff_employees_1.probation_period_months AS staff_employees_1_probation_period_months, staff_employees_1.probation_start_date AS staff_employees_1_probation_start_date, staff_employees_1.probation_end_date AS staff_employees_1_probation_end_date, staff_employees_1.confirmation_date AS staff_employees_1_confirmation_date, staff_employees_1.probation_extended AS staff_employees_1_probation_extended, staff_employees_1.probation_extension_count AS staff_employees_1_probation_extension_count, staff_employees_1.probation_notes AS staff_employees_1_probation_notes, staff_employees_1.created_by AS staff_employees_1_created_by, staff_employees_1.created_at AS staff_employees_1_created_at, staff_employees_1.updated_at AS staff_employees_1_updated_at, staff_employees_1.tenant_id AS staff_employees_1_tenant_id, staff_employees_1.token_version AS staff_employees_1_token_version, staff_employees_1.is_deleted AS staff_employees_1_is_deleted, staff_employees_1.deleted_at AS staff_employees_1_deleted_at, staff_employees_1.deleted_by AS staff_employees_1_deleted_by, associated_companies_1.id AS associated_companies_1_id, associated_companies_1.company_code AS associated_companies_1_company_code, associated_companies_1.company_name AS associated_companies_1_company_name, associated_companies_1.company_type AS associated_companies_1_company_type, associated_companies_1.gst_number AS associated_companies_1_gst_number, associated_companies_1.pan_number AS associated_companies_1_pan_number, associated_companies_1.cin_number AS associated_companies_1_cin_number, associated_companies_1.phone AS associated_companies_1_phone, associated_companies_1.email AS associated_companies_1_email, associated_companies_1.website AS associated_companies_1_website, associated_companies_1.address AS associated_companies_1_address, associated_companies_1.city AS associated_companies_1_city, associated_companies_1.state AS associated_companies_1_state, associated_companies_1.pincode AS associated_companies_1_pincode, associated_companies_1.bank_name AS associated_companies_1_bank_name, associated_companies_1.bank_branch AS associated_companies_1_bank_branch, associated_companies_1.account_number AS associated_companies_1_account_number, associated_companies_1.ifsc_code AS associated_companies_1_ifsc_code, associated_companies_1.account_type AS associated_companies_1_account_type, associated_companies_1.upi_id AS associated_companies_1_upi_id, associated_companies_1.logo_path AS associated_companies_1_logo_path, associated_companies_1.stamp_path AS associated_companies_1_stamp_path, associated_companies_1.signature_path AS associated_companies_1_signature_path, associated_companies_1.signatory_name AS associated_companies_1_signatory_name, associated_companies_1.signatory_designation AS associated_companies_1_signatory_designation, associated_companies_1.receipt_prefix AS associated_companies_1_receipt_prefix, associated_companies_1.invoice_prefix AS associated_companies_1_invoice_prefix, associated_companies_1.receipt_counter AS associated_companies_1_receipt_counter, associated_companies_1.invoice_counter AS associated_companies_1_invoice_counter, associated_companies_1.is_book_keeper AS associated_companies_1_is_book_keeper, associated_companies_1.is_marketplace_endpoint AS associated_companies_1_is_marketplace_endpoint, associated_companies_1.company_segment AS associated_companies_1_company_segment, associated_companies_1.licensed_modules AS associated_companies_1_licensed_modules, associated_companies_1.is_active AS associated_companies_1_is_active, associated_companies_1.client_id AS associated_companies_1_client_id, associated_companies_1.created_by_id AS associated_companies_1_created_by_id, associated_companies_1.updated_by_id AS associated_companies_1_updated_by_id, associated_companies_1.created_at AS associated_companies_1_created_at, associated_companies_1.updated_at AS associated_companies_1_updated_at 
FROM staff_employees LEFT OUTER JOIN staff_departments AS staff_departments_1 ON staff_departments_1.id = staff_employees.department_id LEFT OUTER JOIN staff_roles AS staff_roles_1 ON staff_roles_1.id = staff_employees.role_id LEFT OUTER JOIN staff_employees AS staff_employees_1 ON staff_employees_1.id = staff_employees.reporting_manager_id LEFT OUTER JOIN associated_companies AS associated_companies_1 ON associated_companies_1.id = staff_employees.base_company_id 
WHERE staff_employees.id = %(pk_1)s]
[parameters: {'pk_1': 1}]
(Background on this error at: https://sqlalche.me/e/20/e3q8)

INFO:     127.0.0.1:63012 - "POST /api/v1/staff/auth/login HTTP/1.1" 500 Internal Server Error
WARNING:app.services.facebook_leads_service:Error checking lead existence for 28183959091289092: (psycopg2.OperationalError) connection to server at "myntreal-database.c5gywaicq6zu.ap-south-2.rds.amazonaws.com" (16.112.74.247), port 5432 failed: timeout expired

(Background on this error at: https://sqlalche.me/e/20/e3q8)
ERROR:app.services.facebook_leads_service:[CRITICAL-INGESTION-ERROR] Failed to atomically persist Meta lead 2584191212042184: (psycopg2.OperationalError) SSL connection has been closed unexpectedly

[SQL: INSERT INTO crm_leads (tenant_id, company_id, name, gender, email, phone, phone_primary_whatsapp, alternate_phone, phone_secondary_whatsapp, category_id, source, source_details, status, priority, handler_type, handler_id, description, requirements, looking_for, recent_comments, budget_min, budget_max, address, area, city, state, pincode, expected_close_date, actual_close_date, deal_value, deal_value_total, deal_value_excl_tax, deal_tax_rate, deal_value_received, deal_value_balance, points_evaluated_dvr, confirmed_final_value, solar_value, lost_reason, tags, last_contact_date, next_followup_date, depends_on_staff_id, telecaller_id, field_staff_id, associated_partner_id, direct_team_lead_points_awarded, direct_team_lead_points_awarded_at, direct_team_lead_sponsor_id, vendor_id, mnr_handler_id, is_vgk_program, vgk_field_support_id, solar_brand_id, community_id, aadhaar_number, pan_number, electricity_bill_number, google_maps_link, bank_account_number, ifsc_code, subsidy_status, application_no, accepted_date, loan_bank, bank_branch, documents_folder_link, material_reach_date, installation_date, existing_association, bank_entry_updated, bank_statement_available, regular_income_available, monthly_income, co_applicant_name, co_applicant_phone, co_applicant_aadhaar, co_applicant_pan, co_applicant_bank_account, co_applicant_ifsc, solar_pipeline_status, solar_pipeline_status_updated_at, submit_date, complete_date, first_dvr_confirmed_at, first_payment_received_date, remaining_stage1_advance, remaining_stage1_advance_l1, remaining_stage1_advance_l2, cibil_confirmed, cibil_score, cibil_score_updated_at, ev_b2b_stage, kw_size, discom, sc_number, consumer_no, sanction_date, mnre_app_ref, discom_reg_no, latitude, longitude, grid_phase, investment_capacity, planning_to_start, full_time_business, guru_id, z_guru_id, adi_guru_id, core_id, guru_name, z_guru_name, core_name, team_senior_partner_id, team_extended_partner_id, team_core_partner_id, source_ref_type, source_ref_id, source_ref_name, field_support_ref_type, field_support_ref_id, field_support_ref_name, technical_id, support_staff_id, technical_staff1_id, guru_supported, z_guru_supported, adi_guru_supported, core_supported, telecaller_supported, showroom_supported, technical_supported, field_support_supported, support_staff_supported, technical_staff1_supported, showroom_vgk_id, primary_owner_type, primary_owner_id, property_id, lost_at, created_at, updated_at, created_by_type, created_by_id) VALUES (%(tenant_id)s, %(company_id)s, %(name)s, %(gender)s, %(email)s, %(phone)s, %(phone_primary_whatsapp)s, %(alternate_phone)s, %(phone_secondary_whatsapp)s, %(category_id)s, %(source)s, %(source_details)s, %(status)s, %(priority)s, %(handler_type)s, %(handler_id)s, %(description)s, %(requirements)s, %(looking_for)s, %(recent_comments)s, %(budget_min)s, %(budget_max)s, %(address)s, %(area)s, %(city)s, %(state)s, %(pincode)s, %(expected_close_date)s, %(actual_close_date)s, %(deal_value)s, %(deal_value_total)s, %(deal_value_excl_tax)s, %(deal_tax_rate)s, %(deal_value_received)s, %(deal_value_balance)s, %(points_evaluated_dvr)s, %(confirmed_final_value)s, %(solar_value)s, %(lost_reason)s, %(tags)s, %(last_contact_date)s, %(next_followup_date)s, %(depends_on_staff_id)s, %(telecaller_id)s, %(field_staff_id)s, %(associated_partner_id)s, %(direct_team_lead_points_awarded)s, %(direct_team_lead_points_awarded_at)s, %(direct_team_lead_sponsor_id)s, %(vendor_id)s, %(mnr_handler_id)s, %(is_vgk_program)s, %(vgk_field_support_id)s, %(solar_brand_id)s, %(community_id)s, %(aadhaar_number)s, %(pan_number)s, %(electricity_bill_number)s, %(google_maps_link)s, %(bank_account_number)s, %(ifsc_code)s, %(subsidy_status)s, %(application_no)s, %(accepted_date)s, %(loan_bank)s, %(bank_branch)s, %(documents_folder_link)s, %(material_reach_date)s, %(installation_date)s, %(existing_association)s, %(bank_entry_updated)s, %(bank_statement_available)s, %(regular_income_available)s, %(monthly_income)s, %(co_applicant_name)s, %(co_applicant_phone)s, %(co_applicant_aadhaar)s, %(co_applicant_pan)s, %(co_applicant_bank_account)s, %(co_applicant_ifsc)s, %(solar_pipeline_status)s, %(solar_pipeline_status_updated_at)s, %(submit_date)s, %(complete_date)s, %(first_dvr_confirmed_at)s, %(first_payment_received_date)s, %(remaining_stage1_advance)s, %(remaining_stage1_advance_l1)s, %(remaining_stage1_advance_l2)s, %(cibil_confirmed)s, %(cibil_score)s, %(cibil_score_updated_at)s, %(ev_b2b_stage)s, %(kw_size)s, %(discom)s, %(sc_number)s, %(consumer_no)s, %(sanction_date)s, %(mnre_app_ref)s, %(discom_reg_no)s, %(latitude)s, %(longitude)s, %(grid_phase)s, %(investment_capacity)s, %(planning_to_start)s, %(full_time_business)s, %(guru_id)s, %(z_guru_id)s, %(adi_guru_id)s, %(core_id)s, %(guru_name)s, %(z_guru_name)s, %(core_name)s, %(team_senior_partner_id)s, %(team_extended_partner_id)s, %(team_core_partner_id)s, %(source_ref_type)s, %(source_ref_id)s, %(source_ref_name)s, %(field_support_ref_type)s, %(field_support_ref_id)s, %(field_support_ref_name)s, %(technical_id)s, %(support_staff_id)s, %(technical_staff1_id)s, %(guru_supported)s, %(z_guru_supported)s, %(adi_guru_supported)s, %(core_supported)s, %(telecaller_supported)s, %(showroom_supported)s, %(technical_supported)s, %(field_support_supported)s, %(support_staff_supported)s, %(technical_staff1_supported)s, %(showroom_vgk_id)s, %(primary_owner_type)s, %(primary_owner_id)s, %(property_id)s, %(lost_at)s, %(created_at)s, %(updated_at)s, %(created_by_type)s, %(created_by_id)s) RETURNING crm_leads.id]
[parameters: {'tenant_id': 1, 'company_id': 2, 'name': 'Rajakumar', 'gender': None, 'email': 'rajak67742@gmail.com', 'phone': '+916300209352', 'phone_primary_whatsapp': False, 'alternate_phone': None, 'phone_secondary_whatsapp': False, 'category_id': 42, 'source': 'Online - M', 'source_details': '{"lead_id": "2584191212042184", "form_id": "1596737462160734", "page_id": "442395068958730", "page_name": "EV Craze4u", "page_segment": "EV_SPARES",  ... (166 characters truncated) ... , "email": "rajak67742@gmail.com", "full_name": "Rajakumar", "phone_number": "+916300209352", "zip_code": "504204", "phone_number_verified": "true"}}', 'status': 'new', 'priority': 'high', 'handler_type': 'unassigned', 'handler_id': None, 'description': 'Facebook Lead — EV Craze4u\nWhat Are You Interested In?: ev_technician_career', 'requirements': None, 'looking_for': 'ETC Training', 'recent_comments': None, 'budget_min': None, 'budget_max': None, 'address': None, 'area': None, 'city': 'Adilabad', 'state': 'Telangana', 'pincode': '504204', 'expected_close_date': None, 'actual_close_date': None, 'deal_value': None, 'deal_value_total': 0, 'deal_value_excl_tax': 0, 'deal_tax_rate': 0, 'deal_value_received': 0, 'deal_value_balance': 0, 'points_evaluated_dvr': 0.0, 'confirmed_final_value': None, 'solar_value': None, 'lost_reason': None, 'tags': 'etc_training', 'last_contact_date': None, 'next_followup_date': None, 'depends_on_staff_id': None, 'telecaller_id': None, 'field_staff_id': None, 'associated_partner_id': None, 'direct_team_lead_points_awarded': False, 'direct_team_lead_points_awarded_at': None, 'direct_team_lead_sponsor_id': None, 'vendor_id': None ... 44 parameters truncated ... 'discom': None, 'sc_number': None, 'consumer_no': None, 'sanction_date': None, 'mnre_app_ref': None, 'discom_reg_no': None, 'latitude': None, 'longitude': None, 'grid_phase': None, 'investment_capacity': None, 'planning_to_start': None, 'full_time_business': None, 'guru_id': None, 'z_guru_id': None, 'adi_guru_id': None, 'core_id': None, 'guru_name': None, 'z_guru_name': None, 'core_name': None, 'team_senior_partner_id': None, 'team_extended_partner_id': None, 'team_core_partner_id': None, 'source_ref_type': None, 'source_ref_id': None, 'source_ref_name': None, 'field_support_ref_type': None, 'field_support_ref_id': None, 'field_support_ref_name': None, 'technical_id': None, 'support_staff_id': None, 'technical_staff1_id': None, 'guru_supported': None, 'z_guru_supported': None, 'adi_guru_supported': None, 'core_supported': None, 'telecaller_supported': None, 'showroom_supported': None, 'technical_supported': None, 'field_support_supported': None, 'support_staff_supported': None, 'technical_staff1_supported': None, 'showroom_vgk_id': None, 'primary_owner_type': None, 'primary_owner_id': None, 'property_id': None, 'lost_at': None, 'created_at': datetime.datetime(2026, 9, 7, 7, 10, 54), 'updated_at': datetime.datetime(2026, 9, 7, 7, 10, 54), 'created_by_type': 'system', 'created_by_id': 'facebook_webhook'}]
(Background on this error at: https://sqlalche.me/e/20/e3q8)
Traceback (most recent call last):
  File "C:\Users\Lenovo\Desktop\SAAS\MyntReal_Latest\backend\app\core\scheduler.py", line 5021, in run_meta_leads_periodic_sync_job
    loop = asyncio.get_event_loop()
  File "C:\Users\Lenovo\AppData\Local\Programs\Python\Python313\Lib\asyncio\events.py", line 716, in get_event_loop
    raise RuntimeError('There is no current event loop in thread %r.'
                       % threading.current_thread().name)
RuntimeError: There is no current event loop in thread 'ThreadPoolExecutor-0_2'.

During handling of the above exception, another exception occurred:

Traceback (most recent call last):
  File "C:\Users\Lenovo\AppData\Local\Programs\Python\Python313\Lib\site-packages\sqlalchemy\engine\base.py", line 1967, in _exec_single_context
    self.dialect.do_execute(
    ~~~~~~~~~~~~~~~~~~~~~~~^
        cursor, str_statement, effective_parameters, context
        ^^^^^^^^^^^^^^^^^^^^^^^^^^^^^^^^^^^^^^^^^^^^^^^^^^^^
    )
    ^
  File "C:\Users\Lenovo\AppData\Local\Programs\Python\Python313\Lib\site-packages\sqlalchemy\engine\default.py", line 952, in do_execute
    cursor.execute(statement, parameters)
    ~~~~~~~~~~~~~~^^^^^^^^^^^^^^^^^^^^^^^
psycopg2.OperationalError: SSL connection has been closed unexpectedly


The above exception was the direct cause of the following exception:

Traceback (most recent call last):
  File "C:\Users\Lenovo\Desktop\SAAS\MyntReal_Latest\backend\app\services\facebook_leads_service.py", line 847, in ingest_lead_atomic
    db.flush()  # Generates crm_lead.id within active transaction
    ~~~~~~~~^^
  File "C:\Users\Lenovo\AppData\Local\Programs\Python\Python313\Lib\site-packages\sqlalchemy\orm\session.py", line 4331, in flush
    self._flush(objects)
    ~~~~~~~~~~~^^^^^^^^^
  File "C:\Users\Lenovo\AppData\Local\Programs\Python\Python313\Lib\site-packages\sqlalchemy\orm\session.py", line 4466, in _flush
    with util.safe_reraise():
         ~~~~~~~~~~~~~~~~~^^
  File "C:\Users\Lenovo\AppData\Local\Programs\Python\Python313\Lib\site-packages\sqlalchemy\util\langhelpers.py", line 224, in __exit__
    raise exc_value.with_traceback(exc_tb)
  File "C:\Users\Lenovo\AppData\Local\Programs\Python\Python313\Lib\site-packages\sqlalchemy\orm\session.py", line 4427, in _flush
    flush_context.execute()
    ~~~~~~~~~~~~~~~~~~~~~^^
  File "C:\Users\Lenovo\AppData\Local\Programs\Python\Python313\Lib\site-packages\sqlalchemy\orm\unitofwork.py", line 466, in execute
    rec.execute(self)
    ~~~~~~~~~~~^^^^^^
  File "C:\Users\Lenovo\AppData\Local\Programs\Python\Python313\Lib\site-packages\sqlalchemy\orm\unitofwork.py", line 642, in execute
    util.preloaded.orm_persistence.save_obj(
    ~~~~~~~~~~~~~~~~~~~~~~~~~~~~~~~~~~~~~~~^
        self.mapper,
        ^^^^^^^^^^^^
        uow.states_for_mapper_hierarchy(self.mapper, False, False),
        ^^^^^^^^^^^^^^^^^^^^^^^^^^^^^^^^^^^^^^^^^^^^^^^^^^^^^^^^^^^
        uow,
        ^^^^
    )
    ^
  File "C:\Users\Lenovo\AppData\Local\Programs\Python\Python313\Lib\site-packages\sqlalchemy\orm\persistence.py", line 93, in save_obj
    _emit_insert_statements(
    ~~~~~~~~~~~~~~~~~~~~~~~^
        base_mapper,
        ^^^^^^^^^^^^
    ...<3 lines>...
        insert,
        ^^^^^^^
    )
    ^
  File "C:\Users\Lenovo\AppData\Local\Programs\Python\Python313\Lib\site-packages\sqlalchemy\orm\persistence.py", line 1233, in _emit_insert_statements
    result = connection.execute(
        statement,
        params,
        execution_options=execution_options,
    )
  File "C:\Users\Lenovo\AppData\Local\Programs\Python\Python313\Lib\site-packages\sqlalchemy\engine\base.py", line 1419, in execute
    return meth(
        self,
        distilled_parameters,
        execution_options or NO_OPTIONS,
    )
  File "C:\Users\Lenovo\AppData\Local\Programs\Python\Python313\Lib\site-packages\sqlalchemy\sql\elements.py", line 527, in _execute_on_connection
    return connection._execute_clauseelement(
           ~~~~~~~~~~~~~~~~~~~~~~~~~~~~~~~~~^
        self, distilled_params, execution_options
        ^^^^^^^^^^^^^^^^^^^^^^^^^^^^^^^^^^^^^^^^^
    )
    ^
  File "C:\Users\Lenovo\AppData\Local\Programs\Python\Python313\Lib\site-packages\sqlalchemy\engine\base.py", line 1641, in _execute_clauseelement
    ret = self._execute_context(
        dialect,
    ...<8 lines>...
        cache_hit=cache_hit,
    )
  File "C:\Users\Lenovo\AppData\Local\Programs\Python\Python313\Lib\site-packages\sqlalchemy\engine\base.py", line 1846, in _execute_context
    return self._exec_single_context(
           ~~~~~~~~~~~~~~~~~~~~~~~~~^
        dialect, context, statement, parameters
        ^^^^^^^^^^^^^^^^^^^^^^^^^^^^^^^^^^^^^^^
    )
    ^
  File "C:\Users\Lenovo\AppData\Local\Programs\Python\Python313\Lib\site-packages\sqlalchemy\engine\base.py", line 1986, in _exec_single_context
    self._handle_dbapi_exception(
    ~~~~~~~~~~~~~~~~~~~~~~~~~~~~^
        e, str_statement, effective_parameters, cursor, context
        ^^^^^^^^^^^^^^^^^^^^^^^^^^^^^^^^^^^^^^^^^^^^^^^^^^^^^^^
    )
    ^
  File "C:\Users\Lenovo\AppData\Local\Programs\Python\Python313\Lib\site-packages\sqlalchemy\engine\base.py", line 2363, in _handle_dbapi_exception
    raise sqlalchemy_exception.with_traceback(exc_info[2]) from e
  File "C:\Users\Lenovo\AppData\Local\Programs\Python\Python313\Lib\site-packages\sqlalchemy\engine\base.py", line 1967, in _exec_single_context
    self.dialect.do_execute(
    ~~~~~~~~~~~~~~~~~~~~~~~^
        cursor, str_statement, effective_parameters, context
        ^^^^^^^^^^^^^^^^^^^^^^^^^^^^^^^^^^^^^^^^^^^^^^^^^^^^
    )
    ^
  File "C:\Users\Lenovo\AppData\Local\Programs\Python\Python313\Lib\site-packages\sqlalchemy\engine\default.py", line 952, in do_execute
    cursor.execute(statement, parameters)
    ~~~~~~~~~~~~~~^^^^^^^^^^^^^^^^^^^^^^^
sqlalchemy.exc.OperationalError: (psycopg2.OperationalError) SSL connection has been closed unexpectedly

[SQL: INSERT INTO crm_leads (tenant_id, company_id, name, gender, email, phone, phone_primary_whatsapp, alternate_phone, phone_secondary_whatsapp, category_id, source, source_details, status, priority, handler_type, handler_id, description, requirements, looking_for, recent_comments, budget_min, budget_max, address, area, city, state, pincode, expected_close_date, actual_close_date, deal_value, deal_value_total, deal_value_excl_tax, deal_tax_rate, deal_value_received, deal_value_balance, points_evaluated_dvr, confirmed_final_value, solar_value, lost_reason, tags, last_contact_date, next_followup_date, depends_on_staff_id, telecaller_id, field_staff_id, associated_partner_id, direct_team_lead_points_awarded, direct_team_lead_points_awarded_at, direct_team_lead_sponsor_id, vendor_id, mnr_handler_id, is_vgk_program, vgk_field_support_id, solar_brand_id, community_id, aadhaar_number, pan_number, electricity_bill_number, google_maps_link, bank_account_number, ifsc_code, subsidy_status, application_no, accepted_date, loan_bank, bank_branch, documents_folder_link, material_reach_date, installation_date, existing_association, bank_entry_updated, bank_statement_available, regular_income_available, monthly_income, co_applicant_name, co_applicant_phone, co_applicant_aadhaar, co_applicant_pan, co_applicant_bank_account, co_applicant_ifsc, solar_pipeline_status, solar_pipeline_status_updated_at, submit_date, complete_date, first_dvr_confirmed_at, first_payment_received_date, remaining_stage1_advance, remaining_stage1_advance_l1, remaining_stage1_advance_l2, cibil_confirmed, cibil_score, cibil_score_updated_at, ev_b2b_stage, kw_size, discom, sc_number, consumer_no, sanction_date, mnre_app_ref, discom_reg_no, latitude, longitude, grid_phase, investment_capacity, planning_to_start, full_time_business, guru_id, z_guru_id, adi_guru_id, core_id, guru_name, z_guru_name, core_name, team_senior_partner_id, team_extended_partner_id, team_core_partner_id, source_ref_type, source_ref_id, source_ref_name, field_support_ref_type, field_support_ref_id, field_support_ref_name, technical_id, support_staff_id, technical_staff1_id, guru_supported, z_guru_supported, adi_guru_supported, core_supported, telecaller_supported, showroom_supported, technical_supported, field_support_supported, support_staff_supported, technical_staff1_supported, showroom_vgk_id, primary_owner_type, primary_owner_id, property_id, lost_at, created_at, updated_at, created_by_type, created_by_id) VALUES (%(tenant_id)s, %(company_id)s, %(name)s, %(gender)s, %(email)s, %(phone)s, %(phone_primary_whatsapp)s, %(alternate_phone)s, %(phone_secondary_whatsapp)s, %(category_id)s, %(source)s, %(source_details)s, %(status)s, %(priority)s, %(handler_type)s, %(handler_id)s, %(description)s, %(requirements)s, %(looking_for)s, %(recent_comments)s, %(budget_min)s, %(budget_max)s, %(address)s, %(area)s, %(city)s, %(state)s, %(pincode)s, %(expected_close_date)s, %(actual_close_date)s, %(deal_value)s, %(deal_value_total)s, %(deal_value_excl_tax)s, %(deal_tax_rate)s, %(deal_value_received)s, %(deal_value_balance)s, %(points_evaluated_dvr)s, %(confirmed_final_value)s, %(solar_value)s, %(lost_reason)s, %(tags)s, %(last_contact_date)s, %(next_followup_date)s, %(depends_on_staff_id)s, %(telecaller_id)s, %(field_staff_id)s, %(associated_partner_id)s, %(direct_team_lead_points_awarded)s, %(direct_team_lead_points_awarded_at)s, %(direct_team_lead_sponsor_id)s, %(vendor_id)s, %(mnr_handler_id)s, %(is_vgk_program)s, %(vgk_field_support_id)s, %(solar_brand_id)s, %(community_id)s, %(aadhaar_number)s, %(pan_number)s, %(electricity_bill_number)s, %(google_maps_link)s, %(bank_account_number)s, %(ifsc_code)s, %(subsidy_status)s, %(application_no)s, %(accepted_date)s, %(loan_bank)s, %(bank_branch)s, %(documents_folder_link)s, %(material_reach_date)s, %(installation_date)s, %(existing_association)s, %(bank_entry_updated)s, %(bank_statement_available)s, %(regular_income_available)s, %(monthly_income)s, %(co_applicant_name)s, %(co_applicant_phone)s, %(co_applicant_aadhaar)s, %(co_applicant_pan)s, %(co_applicant_bank_account)s, %(co_applicant_ifsc)s, %(solar_pipeline_status)s, %(solar_pipeline_status_updated_at)s, %(submit_date)s, %(complete_date)s, %(first_dvr_confirmed_at)s, %(first_payment_received_date)s, %(remaining_stage1_advance)s, %(remaining_stage1_advance_l1)s, %(remaining_stage1_advance_l2)s, %(cibil_confirmed)s, %(cibil_score)s, %(cibil_score_updated_at)s, %(ev_b2b_stage)s, %(kw_size)s, %(discom)s, %(sc_number)s, %(consumer_no)s, %(sanction_date)s, %(mnre_app_ref)s, %(discom_reg_no)s, %(latitude)s, %(longitude)s, %(grid_phase)s, %(investment_capacity)s, %(planning_to_start)s, %(full_time_business)s, %(guru_id)s, %(z_guru_id)s, %(adi_guru_id)s, %(core_id)s, %(guru_name)s, %(z_guru_name)s, %(core_name)s, %(team_senior_partner_id)s, %(team_extended_partner_id)s, %(team_core_partner_id)s, %(source_ref_type)s, %(source_ref_id)s, %(source_ref_name)s, %(field_support_ref_type)s, %(field_support_ref_id)s, %(field_support_ref_name)s, %(technical_id)s, %(support_staff_id)s, %(technical_staff1_id)s, %(guru_supported)s, %(z_guru_supported)s, %(adi_guru_supported)s, %(core_supported)s, %(telecaller_supported)s, %(showroom_supported)s, %(technical_supported)s, %(field_support_supported)s, %(support_staff_supported)s, %(technical_staff1_supported)s, %(showroom_vgk_id)s, %(primary_owner_type)s, %(primary_owner_id)s, %(property_id)s, %(lost_at)s, %(created_at)s, %(updated_at)s, %(created_by_type)s, %(created_by_id)s) RETURNING crm_leads.id]
[parameters: {'tenant_id': 1, 'company_id': 2, 'name': 'Rajakumar', 'gender': None, 'email': 'rajak67742@gmail.com', 'phone': '+916300209352', 'phone_primary_whatsapp': False, 'alternate_phone': None, 'phone_secondary_whatsapp': False, 'category_id': 42, 'source': 'Online - M', 'source_details': '{"lead_id": "2584191212042184", "form_id": "1596737462160734", "page_id": "442395068958730", "page_name": "EV Craze4u", "page_segment": "EV_SPARES",  ... (166 characters truncated) ... , "email": "rajak67742@gmail.com", "full_name": "Rajakumar", "phone_number": "+916300209352", "zip_code": "504204", "phone_number_verified": "true"}}', 'status': 'new', 'priority': 'high', 'handler_type': 'unassigned', 'handler_id': None, 'description': 'Facebook Lead — EV Craze4u\nWhat Are You Interested In?: ev_technician_career', 'requirements': None, 'looking_for': 'ETC Training', 'recent_comments': None, 'budget_min': None, 'budget_max': None, 'address': None, 'area': None, 'city': 'Adilabad', 'state': 'Telangana', 'pincode': '504204', 'expected_close_date': None, 'actual_close_date': None, 'deal_value': None, 'deal_value_total': 0, 'deal_value_excl_tax': 0, 'deal_tax_rate': 0, 'deal_value_received': 0, 'deal_value_balance': 0, 'points_evaluated_dvr': 0.0, 'confirmed_final_value': None, 'solar_value': None, 'lost_reason': None, 'tags': 'etc_training', 'last_contact_date': None, 'next_followup_date': None, 'depends_on_staff_id': None, 'telecaller_id': None, 'field_staff_id': None, 'associated_partner_id': None, 'direct_team_lead_points_awarded': False, 'direct_team_lead_points_awarded_at': None, 'direct_team_lead_sponsor_id': None, 'vendor_id': None ... 44 parameters truncated ... 'discom': None, 'sc_number': None, 'consumer_no': None, 'sanction_date': None, 'mnre_app_ref': None, 'discom_reg_no': None, 'latitude': None, 'longitude': None, 'grid_phase': None, 'investment_capacity': None, 'planning_to_start': None, 'full_time_business': None, 'guru_id': None, 'z_guru_id': None, 'adi_guru_id': None, 'core_id': None, 'guru_name': None, 'z_guru_name': None, 'core_name': None, 'team_senior_partner_id': None, 'team_extended_partner_id': None, 'team_core_partner_id': None, 'source_ref_type': None, 'source_ref_id': None, 'source_ref_name': None, 'field_support_ref_type': None, 'field_support_ref_id': None, 'field_support_ref_name': None, 'technical_id': None, 'support_staff_id': None, 'technical_staff1_id': None, 'guru_supported': None, 'z_guru_supported': None, 'adi_guru_supported': None, 'core_supported': None, 'telecaller_supported': None, 'showroom_supported': None, 'technical_supported': None, 'field_support_supported': None, 'support_staff_supported': None, 'technical_staff1_supported': None, 'showroom_vgk_id': None, 'primary_owner_type': None, 'primary_owner_id': None, 'property_id': None, 'lost_at': None, 'created_at': datetime.datetime(2026, 9, 7, 7, 10, 54), 'updated_at': datetime.datetime(2026, 9, 7, 7, 10, 54), 'created_by_type': 'system', 'created_by_id': 'facebook_webhook'}]
(Background on this error at: https://sqlalche.me/e/20/e3q8)
WARNING:app.services.facebook_leads_service:Error checking lead existence for 1700234117702092: (psycopg2.OperationalError) connection to server at "myntreal-database.c5gywaicq6zu.ap-south-2.rds.amazonaws.com" (16.112.74.247), port 5432 failed: timeout expired

(Background on this error at: https://sqlalche.me/e/20/e3q8)
ERROR:app.core.scheduler_retry_dispatcher:[RETRY-DISPATCHER] Fatal error in retry dispatcher: (psycopg2.OperationalError) connection to server at "myntreal-database.c5gywaicq6zu.ap-south-2.rds.amazonaws.com" (16.112.74.247), port 5432 failed: timeout expired

(Background on this error at: https://sqlalche.me/e/20/e3q8)
WARNING:app.services.facebook_leads_service:Error checking lead existence for 1031785573002018: (psycopg2.OperationalError) SSL connection has been closed unexpectedly

[SQL: SELECT meta_leads_attribution.id AS meta_leads_attribution_id 
FROM meta_leads_attribution 
WHERE meta_leads_attribution.meta_lead_id IN (%(meta_lead_id_1_1)s, %(meta_lead_id_1_2)s, %(meta_lead_id_1_3)s) 
 LIMIT %(param_1)s]
[parameters: {'param_1': 1, 'meta_lead_id_1_1': '1031785573002018', 'meta_lead_id_1_2': 'l:1031785573002018', 'meta_lead_id_1_3': '1031785573002018'}]
(Background on this error at: https://sqlalche.me/e/20/e3q8)
ERROR:app.core.exceptions:SQLAlchemy Error on POST /api/v1/staff/auth/login: connection to server at "myntreal-database.c5gywaicq6zu.ap-south-2.rds.amazonaws.com" (16.112.74.247), port 5432 failed: timeout expired

ERROR:app.core.exceptions:Full traceback: Traceback (most recent call last):
  File "C:\Users\Lenovo\AppData\Local\Programs\Python\Python313\Lib\site-packages\sqlalchemy\engine\base.py", line 143, in __init__
    self._dbapi_connection = engine.raw_connection()
                             ~~~~~~~~~~~~~~~~~~~~~^^
  File "C:\Users\Lenovo\AppData\Local\Programs\Python\Python313\Lib\site-packages\sqlalchemy\engine\base.py", line 3309, in raw_connection
    return self.pool.connect()
           ~~~~~~~~~~~~~~~~~^^
  File "C:\Users\Lenovo\AppData\Local\Programs\Python\Python313\Lib\site-packages\sqlalchemy\pool\base.py", line 447, in connect
    return _ConnectionFairy._checkout(self)
           ~~~~~~~~~~~~~~~~~~~~~~~~~~^^^^^^
  File "C:\Users\Lenovo\AppData\Local\Programs\Python\Python313\Lib\site-packages\sqlalchemy\pool\base.py", line 1264, in _checkout
    fairy = _ConnectionRecord.checkout(pool)
  File "C:\Users\Lenovo\AppData\Local\Programs\Python\Python313\Lib\site-packages\sqlalchemy\pool\base.py", line 716, in checkout
    with util.safe_reraise():
         ~~~~~~~~~~~~~~~~~^^
  File "C:\Users\Lenovo\AppData\Local\Programs\Python\Python313\Lib\site-packages\sqlalchemy\util\langhelpers.py", line 224, in __exit__
    raise exc_value.with_traceback(exc_tb)
  File "C:\Users\Lenovo\AppData\Local\Programs\Python\Python313\Lib\site-packages\sqlalchemy\pool\base.py", line 714, in checkout
    dbapi_connection = rec.get_connection()
  File "C:\Users\Lenovo\AppData\Local\Programs\Python\Python313\Lib\site-packages\sqlalchemy\pool\base.py", line 836, in get_connection
    self.__connect()
    ~~~~~~~~~~~~~~^^
  File "C:\Users\Lenovo\AppData\Local\Programs\Python\Python313\Lib\site-packages\sqlalchemy\pool\base.py", line 899, in __connect
    with util.safe_reraise():
         ~~~~~~~~~~~~~~~~~^^
  File "C:\Users\Lenovo\AppData\Local\Programs\Python\Python313\Lib\site-packages\sqlalchemy\util\langhelpers.py", line 224, in __exit__
    raise exc_value.with_traceback(exc_tb)
  File "C:\Users\Lenovo\AppData\Local\Programs\Python\Python313\Lib\site-packages\sqlalchemy\pool\base.py", line 895, in __connect
    self.dbapi_connection = connection = pool._invoke_creator(self)
                                         ~~~~~~~~~~~~~~~~~~~~^^^^^^
  File "C:\Users\Lenovo\AppData\Local\Programs\Python\Python313\Lib\site-packages\sqlalchemy\engine\create.py", line 661, in connect
    return dialect.connect(*cargs, **cparams)
           ~~~~~~~~~~~~~~~^^^^^^^^^^^^^^^^^^^
  File "C:\Users\Lenovo\AppData\Local\Programs\Python\Python313\Lib\site-packages\sqlalchemy\engine\default.py", line 630, in connect
    return self.loaded_dbapi.connect(*cargs, **cparams)  # type: ignore[no-any-return]  # NOQA: E501
           ~~~~~~~~~~~~~~~~~~~~~~~~~^^^^^^^^^^^^^^^^^^^
  File "C:\Users\Lenovo\AppData\Local\Programs\Python\Python313\Lib\site-packages\psycopg2\__init__.py", line 135, in connect
    conn = _connect(dsn, connection_factory=connection_factory, **kwasync)
psycopg2.OperationalError: connection to server at "myntreal-database.c5gywaicq6zu.ap-south-2.rds.amazonaws.com" (16.112.74.247), port 5432 failed: timeout expired


The above exception was the direct cause of the following exception:

Traceback (most recent call last):
  File "C:\Users\Lenovo\AppData\Local\Programs\Python\Python313\Lib\site-packages\starlette\_exception_handler.py", line 42, in wrapped_app
    await app(scope, receive, sender)
  File "C:\Users\Lenovo\AppData\Local\Programs\Python\Python313\Lib\site-packages\fastapi\routing.py", line 105, in app
    response = await f(request)
               ^^^^^^^^^^^^^^^^
  File "C:\Users\Lenovo\AppData\Local\Programs\Python\Python313\Lib\site-packages\fastapi\routing.py", line 426, in app
    raw_response = await run_endpoint_function(
                   ^^^^^^^^^^^^^^^^^^^^^^^^^^^^
    ...<3 lines>...
    )
    ^
  File "C:\Users\Lenovo\AppData\Local\Programs\Python\Python313\Lib\site-packages\fastapi\routing.py", line 314, in run_endpoint_function
    return await run_in_threadpool(dependant.call, **values)
           ^^^^^^^^^^^^^^^^^^^^^^^^^^^^^^^^^^^^^^^^^^^^^^^^^
  File "C:\Users\Lenovo\AppData\Local\Programs\Python\Python313\Lib\site-packages\starlette\concurrency.py", line 32, in run_in_threadpool
    return await anyio.to_thread.run_sync(func)
           ^^^^^^^^^^^^^^^^^^^^^^^^^^^^^^^^^^^^
  File "C:\Users\Lenovo\AppData\Local\Programs\Python\Python313\Lib\site-packages\anyio\to_thread.py", line 65, in run_sync
    return await get_async_backend().run_sync_in_worker_thread(
           ^^^^^^^^^^^^^^^^^^^^^^^^^^^^^^^^^^^^^^^^^^^^^^^^^^^^
        func, args, abandon_on_cancel=abandon_on_cancel, limiter=limiter
        ^^^^^^^^^^^^^^^^^^^^^^^^^^^^^^^^^^^^^^^^^^^^^^^^^^^^^^^^^^^^^^^^
    )
    ^
  File "C:\Users\Lenovo\AppData\Local\Programs\Python\Python313\Lib\site-packages\anyio\_backends\_asyncio.py", line 2641, in run_sync_in_worker_thread
    return await future
           ^^^^^^^^^^^^
  File "C:\Users\Lenovo\AppData\Local\Programs\Python\Python313\Lib\site-packages\anyio\_backends\_asyncio.py", line 1033, in run
    result = context.run(func, *args)
  File "C:\Users\Lenovo\Desktop\SAAS\MyntReal_Latest\backend\app\api\v1\endpoints\staff_auth.py", line 769, in staff_login
    employee_data = employee.to_dict()
  File "C:\Users\Lenovo\Desktop\SAAS\MyntReal_Latest\backend\app\models\staff.py", line 279, in to_dict
    if self.role:
       ^^^^^^^^^
  File "C:\Users\Lenovo\AppData\Local\Programs\Python\Python313\Lib\site-packages\sqlalchemy\orm\attributes.py", line 569, in __get__
    return self.impl.get(state, dict_)  # type: ignore[no-any-return]
           ~~~~~~~~~~~~~^^^^^^^^^^^^^^
  File "C:\Users\Lenovo\AppData\Local\Programs\Python\Python313\Lib\site-packages\sqlalchemy\orm\attributes.py", line 1096, in get
    value = self._fire_loader_callables(state, key, passive)
  File "C:\Users\Lenovo\AppData\Local\Programs\Python\Python313\Lib\site-packages\sqlalchemy\orm\attributes.py", line 1131, in _fire_loader_callables
    return self.callable_(state, passive)
           ~~~~~~~~~~~~~~^^^^^^^^^^^^^^^^
  File "C:\Users\Lenovo\AppData\Local\Programs\Python\Python313\Lib\site-packages\sqlalchemy\orm\strategies.py", line 931, in _load_for_state
    primary_key_identity = self._get_ident_for_use_get(
        session, state, passive
    )
  File "C:\Users\Lenovo\AppData\Local\Programs\Python\Python313\Lib\site-packages\sqlalchemy\orm\strategies.py", line 1001, in _get_ident_for_use_get
    get_attr(state, dict_, self._equated_columns[pk], passive=passive)
    ~~~~~~~~^^^^^^^^^^^^^^^^^^^^^^^^^^^^^^^^^^^^^^^^^^^^^^^^^^^^^^^^^^
  File "C:\Users\Lenovo\AppData\Local\Programs\Python\Python313\Lib\site-packages\sqlalchemy\orm\mapper.py", line 3603, in _get_state_attr_by_column
    return state.manager[prop.key].impl.get(state, dict_, passive=passive)
           ~~~~~~~~~~~~~~~~~~~~~~~~~~~~~~~~^^^^^^^^^^^^^^^^^^^^^^^^^^^^^^^
  File "C:\Users\Lenovo\AppData\Local\Programs\Python\Python313\Lib\site-packages\sqlalchemy\orm\attributes.py", line 1096, in get
    value = self._fire_loader_callables(state, key, passive)
  File "C:\Users\Lenovo\AppData\Local\Programs\Python\Python313\Lib\site-packages\sqlalchemy\orm\attributes.py", line 1126, in _fire_loader_callables
    return state._load_expired(state, passive)
           ~~~~~~~~~~~~~~~~~~~^^^^^^^^^^^^^^^^
  File "C:\Users\Lenovo\AppData\Local\Programs\Python\Python313\Lib\site-packages\sqlalchemy\orm\state.py", line 828, in _load_expired
    self.manager.expired_attribute_loader(self, toload, passive)
    ~~~~~~~~~~~~~~~~~~~~~~~~~~~~~~~~~~~~~^^^^^^^^^^^^^^^^^^^^^^^
  File "C:\Users\Lenovo\AppData\Local\Programs\Python\Python313\Lib\site-packages\sqlalchemy\orm\loading.py", line 1674, in load_scalar_attributes
    result = load_on_ident(
        session,
    ...<4 lines>...
        no_autoflush=no_autoflush,
    )
  File "C:\Users\Lenovo\AppData\Local\Programs\Python\Python313\Lib\site-packages\sqlalchemy\orm\loading.py", line 510, in load_on_ident
    return load_on_pk_identity(
        session,
    ...<11 lines>...
        is_user_refresh=is_user_refresh,
    )
  File "C:\Users\Lenovo\AppData\Local\Programs\Python\Python313\Lib\site-packages\sqlalchemy\orm\loading.py", line 695, in load_on_pk_identity
    session.execute(
    ~~~~~~~~~~~~~~~^
        q,
        ^^
    ...<2 lines>...
        bind_arguments=bind_arguments,
        ^^^^^^^^^^^^^^^^^^^^^^^^^^^^^^
    )
    ^
  File "C:\Users\Lenovo\AppData\Local\Programs\Python\Python313\Lib\site-packages\sqlalchemy\orm\session.py", line 2351, in execute
    return self._execute_internal(
           ~~~~~~~~~~~~~~~~~~~~~~^
        statement,
        ^^^^^^^^^^
    ...<4 lines>...
        _add_event=_add_event,
        ^^^^^^^^^^^^^^^^^^^^^^
    )
    ^
  File "C:\Users\Lenovo\AppData\Local\Programs\Python\Python313\Lib\site-packages\sqlalchemy\orm\session.py", line 2239, in _execute_internal
    conn = self._connection_for_bind(bind)
  File "C:\Users\Lenovo\AppData\Local\Programs\Python\Python313\Lib\site-packages\sqlalchemy\orm\session.py", line 2108, in _connection_for_bind
    return trans._connection_for_bind(engine, execution_options)
           ~~~~~~~~~~~~~~~~~~~~~~~~~~^^^^^^^^^^^^^^^^^^^^^^^^^^^
  File "<string>", line 2, in _connection_for_bind
  File "C:\Users\Lenovo\AppData\Local\Programs\Python\Python313\Lib\site-packages\sqlalchemy\orm\state_changes.py", line 137, in _go
    ret_value = fn(self, *arg, **kw)
  File "C:\Users\Lenovo\AppData\Local\Programs\Python\Python313\Lib\site-packages\sqlalchemy\orm\session.py", line 1187, in _connection_for_bind
    conn = bind.connect()
  File "C:\Users\Lenovo\AppData\Local\Programs\Python\Python313\Lib\site-packages\sqlalchemy\engine\base.py", line 3285, in connect
    return self._connection_cls(self)
           ~~~~~~~~~~~~~~~~~~~~^^^^^^
  File "C:\Users\Lenovo\AppData\Local\Programs\Python\Python313\Lib\site-packages\sqlalchemy\engine\base.py", line 145, in __init__
    Connection._handle_dbapi_exception_noconnection(
    ~~~~~~~~~~~~~~~~~~~~~~~~~~~~~~~~~~~~~~~~~~~~~~~^
        err, dialect, engine
        ^^^^^^^^^^^^^^^^^^^^
    )
    ^
  File "C:\Users\Lenovo\AppData\Local\Programs\Python\Python313\Lib\site-packages\sqlalchemy\engine\base.py", line 2448, in _handle_dbapi_exception_noconnection
    raise sqlalchemy_exception.with_traceback(exc_info[2]) from e
  File "C:\Users\Lenovo\AppData\Local\Programs\Python\Python313\Lib\site-packages\sqlalchemy\engine\base.py", line 143, in __init__
    self._dbapi_connection = engine.raw_connection()
                             ~~~~~~~~~~~~~~~~~~~~~^^
  File "C:\Users\Lenovo\AppData\Local\Programs\Python\Python313\Lib\site-packages\sqlalchemy\engine\base.py", line 3309, in raw_connection
    return self.pool.connect()
           ~~~~~~~~~~~~~~~~~^^
  File "C:\Users\Lenovo\AppData\Local\Programs\Python\Python313\Lib\site-packages\sqlalchemy\pool\base.py", line 447, in connect
    return _ConnectionFairy._checkout(self)
           ~~~~~~~~~~~~~~~~~~~~~~~~~~^^^^^^
  File "C:\Users\Lenovo\AppData\Local\Programs\Python\Python313\Lib\site-packages\sqlalchemy\pool\base.py", line 1264, in _checkout
    fairy = _ConnectionRecord.checkout(pool)
  File "C:\Users\Lenovo\AppData\Local\Programs\Python\Python313\Lib\site-packages\sqlalchemy\pool\base.py", line 716, in checkout
    with util.safe_reraise():
         ~~~~~~~~~~~~~~~~~^^
  File "C:\Users\Lenovo\AppData\Local\Programs\Python\Python313\Lib\site-packages\sqlalchemy\util\langhelpers.py", line 224, in __exit__
    raise exc_value.with_traceback(exc_tb)
  File "C:\Users\Lenovo\AppData\Local\Programs\Python\Python313\Lib\site-packages\sqlalchemy\pool\base.py", line 714, in checkout
    dbapi_connection = rec.get_connection()
  File "C:\Users\Lenovo\AppData\Local\Programs\Python\Python313\Lib\site-packages\sqlalchemy\pool\base.py", line 836, in get_connection
    self.__connect()
    ~~~~~~~~~~~~~~^^
  File "C:\Users\Lenovo\AppData\Local\Programs\Python\Python313\Lib\site-packages\sqlalchemy\pool\base.py", line 899, in __connect
    with util.safe_reraise():
         ~~~~~~~~~~~~~~~~~^^
  File "C:\Users\Lenovo\AppData\Local\Programs\Python\Python313\Lib\site-packages\sqlalchemy\util\langhelpers.py", line 224, in __exit__
    raise exc_value.with_traceback(exc_tb)
  File "C:\Users\Lenovo\AppData\Local\Programs\Python\Python313\Lib\site-packages\sqlalchemy\pool\base.py", line 895, in __connect
    self.dbapi_connection = connection = pool._invoke_creator(self)
                                         ~~~~~~~~~~~~~~~~~~~~^^^^^^
  File "C:\Users\Lenovo\AppData\Local\Programs\Python\Python313\Lib\site-packages\sqlalchemy\engine\create.py", line 661, in connect
    return dialect.connect(*cargs, **cparams)
           ~~~~~~~~~~~~~~~^^^^^^^^^^^^^^^^^^^
  File "C:\Users\Lenovo\AppData\Local\Programs\Python\Python313\Lib\site-packages\sqlalchemy\engine\default.py", line 630, in connect
    return self.loaded_dbapi.connect(*cargs, **cparams)  # type: ignore[no-any-return]  # NOQA: E501
           ~~~~~~~~~~~~~~~~~~~~~~~~~^^^^^^^^^^^^^^^^^^^
  File "C:\Users\Lenovo\AppData\Local\Programs\Python\Python313\Lib\site-packages\psycopg2\__init__.py", line 135, in connect
    conn = _connect(dsn, connection_factory=connection_factory, **kwasync)
sqlalchemy.exc.OperationalError: (psycopg2.OperationalError) connection to server at "myntreal-database.c5gywaicq6zu.ap-south-2.rds.amazonaws.com" (16.112.74.247), port 5432 failed: timeout expired

(Background on this error at: https://sqlalche.me/e/20/e3q8)

INFO:     127.0.0.1:60832 - "POST /api/v1/staff/auth/login HTTP/1.1" 500 Internal Server Error
WARNING:app.services.facebook_leads_service:Meta Graph API error [VALIDATION] status=400: (#10) User has insufficient privileges on the page.
WARNING:app.services.facebook_leads_service:Meta Graph API error [AUTHENTICATION] status=400: Unsupported get request. Object with ID '1005465332641372' does not exist, cannot be loaded due to missing permissions, or does not support this operation. Please read the Graph API documentation at https://developers.facebook.com/docs/graph-api
WARNING:app.services.facebook_leads_service:Meta Graph API error [AUTHENTICATION] status=400: Unsupported get request. Object with ID '1019684831223211' does not exist, cannot be loaded due to missing permissions, or does not support this operation. Please read the Graph API documentation at https://developers.facebook.com/docs/graph-api
WARNING:app.services.facebook_leads_service:Error checking lead existence for 2310513233122266: (psycopg2.OperationalError) SSL connection has been closed unexpectedly

[SQL: SELECT meta_leads_attribution.id AS meta_leads_attribution_id 
FROM meta_leads_attribution 
WHERE meta_leads_attribution.meta_lead_id IN (%(meta_lead_id_1_1)s, %(meta_lead_id_1_2)s, %(meta_lead_id_1_3)s) 
 LIMIT %(param_1)s]
[parameters: {'param_1': 1, 'meta_lead_id_1_1': '2310513233122266', 'meta_lead_id_1_2': 'l:2310513233122266', 'meta_lead_id_1_3': '2310513233122266'}]
(Background on this error at: https://sqlalche.me/e/20/e3q8)
WARNING:app.services.facebook_leads_service:Error checking lead existence for 834354143033505: (psycopg2.OperationalError) SSL connection has been closed unexpectedly

[SQL: SELECT id FROM crm_leads WHERE source IN ('Online - M', 'Facebook Lead Ads', 'Social Media') AND (source_details LIKE %(p1)s OR source_details LIKE %(p2)s) LIMIT 1]
[parameters: {'p1': "%'lead_id': '834354143033505'%", 'p2': "%'lead_id': 'l:834354143033505'%"}]
(Background on this error at: https://sqlalche.me/e/20/e3q8)
WARNING:app.services.facebook_leads_service:Error checking lead existence for 1591958509038508: (psycopg2.OperationalError) SSL connection has been closed unexpectedly

[SQL: SELECT meta_leads_attribution.id AS meta_leads_attribution_id 
FROM meta_leads_attribution 
WHERE meta_leads_attribution.meta_lead_id IN (%(meta_lead_id_1_1)s, %(meta_lead_id_1_2)s, %(meta_lead_id_1_3)s) 
 LIMIT %(param_1)s]
[parameters: {'param_1': 1, 'meta_lead_id_1_1': '1591958509038508', 'meta_lead_id_1_2': 'l:1591958509038508', 'meta_lead_id_1_3': '1591958509038508'}]
(Background on this error at: https://sqlalche.me/e/20/e3q8)
WARNING:app.services.facebook_leads_service:Error checking lead existence for 1591958509038508: (psycopg2.OperationalError) connection to server at "myntreal-database.c5gywaicq6zu.ap-south-2.rds.amazonaws.com" (16.112.74.247), port 5432 failed: timeout expired

(Background on this error at: https://sqlalche.me/e/20/e3q8)
ERROR:app.core.scheduler_retry_dispatcher:[RETRY-DISPATCHER] Fatal error in retry dispatcher: (psycopg2.OperationalError) connection to server at "myntreal-database.c5gywaicq6zu.ap-south-2.rds.amazonaws.com" (16.112.74.247), port 5432 failed: timeout expired

(Background on this error at: https://sqlalche.me/e/20/e3q8)
WARNING:app.services.facebook_leads_service:Meta Graph API error [AUTHENTICATION] status=400: Unsupported get request. Object with ID '921784744346805' does not exist, cannot be loaded due to missing permissions, or does not support this operation. Please read the Graph API documentation at https://developers.facebook.com/docs/graph-api
WARNING:app.services.facebook_leads_service:Error checking lead existence for 2356721351739033: (psycopg2.OperationalError) SSL connection has been closed unexpectedly

[SQL: SELECT meta_leads_attribution.id AS meta_leads_attribution_id 
FROM meta_leads_attribution 
WHERE meta_leads_attribution.meta_lead_id IN (%(meta_lead_id_1_1)s, %(meta_lead_id_1_2)s, %(meta_lead_id_1_3)s) 
 LIMIT %(param_1)s]
[parameters: {'param_1': 1, 'meta_lead_id_1_1': '2356721351739033', 'meta_lead_id_1_2': 'l:2356721351739033', 'meta_lead_id_1_3': '2356721351739033'}]
(Background on this error at: https://sqlalche.me/e/20/e3q8)
INFO:     127.0.0.1:54423 - "GET /api/v1/health HTTP/1.1" 200 OK
WARNING:app.services.facebook_leads_service:Error checking lead existence for 1073438478651647: (psycopg2.OperationalError) SSL connection has been closed unexpectedly

[SQL: SELECT meta_leads_attribution.id AS meta_leads_attribution_id 
FROM meta_leads_attribution 
WHERE meta_leads_attribution.meta_lead_id IN (%(meta_lead_id_1_1)s, %(meta_lead_id_1_2)s, %(meta_lead_id_1_3)s) 
 LIMIT %(param_1)s]
[parameters: {'param_1': 1, 'meta_lead_id_1_1': '1073438478651647', 'meta_lead_id_1_2': 'l:1073438478651647', 'meta_lead_id_1_3': '1073438478651647'}]
(Background on this error at: https://sqlalche.me/e/20/e3q8)
WARNING:app.services.facebook_leads_service:Error checking lead existence for 1768356081159319: (psycopg2.OperationalError) SSL connection has been closed unexpectedly

[SQL: SELECT meta_leads_attribution.id AS meta_leads_attribution_id 
FROM meta_leads_attribution 
WHERE meta_leads_attribution.meta_lead_id IN (%(meta_lead_id_1_1)s, %(meta_lead_id_1_2)s, %(meta_lead_id_1_3)s) 
 LIMIT %(param_1)s]
[parameters: {'param_1': 1, 'meta_lead_id_1_1': '1768356081159319', 'meta_lead_id_1_2': 'l:1768356081159319', 'meta_lead_id_1_3': '1768356081159319'}]
(Background on this error at: https://sqlalche.me/e/20/e3q8)
WARNING:app.services.facebook_leads_service:Error checking lead existence for 28580713144899090: (psycopg2.OperationalError) SSL connection has been closed unexpectedly

[SQL: SELECT meta_leads_attribution.id AS meta_leads_attribution_id 
FROM meta_leads_attribution 
WHERE meta_leads_attribution.meta_lead_id IN (%(meta_lead_id_1_1)s, %(meta_lead_id_1_2)s, %(meta_lead_id_1_3)s) 
 LIMIT %(param_1)s]
[parameters: {'param_1': 1, 'meta_lead_id_1_1': '28580713144899090', 'meta_lead_id_1_2': 'l:28580713144899090', 'meta_lead_id_1_3': '28580713144899090'}]
(Background on this error at: https://sqlalche.me/e/20/e3q8)
WARNING:app.services.facebook_leads_service:Error checking lead existence for 28580713144899090: (psycopg2.OperationalError) connection to server at "myntreal-database.c5gywaicq6zu.ap-south-2.rds.amazonaws.com" (16.112.74.247), port 5432 failed: timeout expired

(Background on this error at: https://sqlalche.me/e/20/e3q8)
WARNING:app.services.facebook_leads_service:Error querying meta_form_mappings for form 1596737462160734: (psycopg2.OperationalError) connection to server at "myntreal-database.c5gywaicq6zu.ap-south-2.rds.amazonaws.com" (16.112.74.247), port 5432 failed: timeout expired

(Background on this error at: https://sqlalche.me/e/20/e3q8)
WARNING:app.services.facebook_leads_service:Error querying facebook_pages for page 442395068958730: (psycopg2.OperationalError) connection to server at "myntreal-database.c5gywaicq6zu.ap-south-2.rds.amazonaws.com" (16.112.74.247), port 5432 failed: timeout expired

(Background on this error at: https://sqlalche.me/e/20/e3q8)
WARNING:app.api.v1.endpoints.feedback:[PUBLIC-ANNOUNCEMENTS] Non-fatal announcements query error (safe fallback): (psycopg2.OperationalError) connection to server at "myntreal-database.c5gywaicq6zu.ap-south-2.rds.amazonaws.com" (16.112.74.247), port 5432 failed: timeout expired

(Background on this error at: https://sqlalche.me/e/20/e3q8)
INFO:     127.0.0.1:57847 - "GET /api/v1/feedback/public/announcements?limit=10 HTTP/1.1" 200 OK
[LOGIN TRACE] Total: 14351.4ms (lookup: 8507.3ms, pw: 688.5ms, token: 208.6ms, sync: 0.0ms, nda: 3252.8ms)
[LOGIN TRACE] Total: 31693.3ms (lookup: 25873.9ms, pw: 557.1ms, token: 350.3ms, sync: 0.0ms, nda: 3278.6ms)
INFO:     127.0.0.1:52901 - "POST /api/v1/staff/auth/login HTTP/1.1" 200 OK
INFO:     127.0.0.1:51576 - "POST /api/v1/staff/auth/login HTTP/1.1" 200 OK
INFO:     127.0.0.1:60284 - "GET /api/v1/staff/auth/me HTTP/1.1" 200 OK
INFO:     127.0.0.1:60284 - "GET /api/v1/auth/me HTTP/1.1" 401 Unauthorized
INFO:     127.0.0.1:60301 - "WebSocket /api/v1/crm/ws/dialer/sync?token=eyJhbGciOiJIUzI1NiIsInR5cCI6IkpXVCJ9.eyJzdWIiOiIxIiwiZW1wX2NvZGUiOiJNUjEwMDAxIiwiZW1haWwiOiJhZG1pbkBteW50cmVhbC5jb20iLCJyb2xlIjoidmdrNHUiLCJzdGFmZl90eXBlIjoiVkdLNFUiLCJhZG1pbl9zY29wZSI6IlBMQVRGT1JNIiwiYmFzZV9jb21wYW55X2lkIjo0LCJ0ZW5hbnRfaWQiOjEsInRva2VuX3ZlcnNpb24iOjEsInRlYW1fdGFnIjpudWxsLCJ1c2VyX3R5cGUiOiJzdGFmZiIsImV4cCI6MTc5MDkwMTMxMX0.99JLVGiuLElMBHzOCXEWuWOaOQah3HpaAYRTPnntpL8" [accepted]
INFO:     connection open
WARNING:app.api.v1.endpoints.crm_dialer:[DC_DIALER_WS] Init send failed for user_ref=1: (psycopg2.OperationalError) SSL connection has been closed unexpectedly

[SQL: 
            SELECT current_index FROM crm_dialer_sessions
            WHERE user_ref = %(ref)s AND status = 'active'
            ORDER BY started_at DESC LIMIT 1
        ]
[parameters: {'ref': '1'}]
(Background on this error at: https://sqlalche.me/e/20/e3q8)
INFO:     127.0.0.1:51143 - "GET /api/v1/staff/auth/me HTTP/1.1" 200 OK
INFO:     127.0.0.1:51146 - "GET /api/v1/community-services/public/active-headers HTTP/1.1" 200 OK
ERROR:app.services.facebook_leads_service:[DB-INTEGRITY-ERROR] Integrity error ingesting lead 2584191212042184: (psycopg2.errors.UniqueViolation) duplicate key value violates unique constraint "ux_crm_leads_phone"
DETAIL:  Key (phone)=(+916300209352) already exists.

[SQL: INSERT INTO crm_leads (tenant_id, company_id, name, gender, email, phone, phone_primary_whatsapp, alternate_phone, phone_secondary_whatsapp, category_id, source, source_details, status, priority, handler_type, handler_id, description, requirements, looking_for, recent_comments, budget_min, budget_max, address, area, city, state, pincode, expected_close_date, actual_close_date, deal_value, deal_value_total, deal_value_excl_tax, deal_tax_rate, deal_value_received, deal_value_balance, points_evaluated_dvr, confirmed_final_value, solar_value, lost_reason, tags, last_contact_date, next_followup_date, depends_on_staff_id, telecaller_id, field_staff_id, associated_partner_id, direct_team_lead_points_awarded, direct_team_lead_points_awarded_at, direct_team_lead_sponsor_id, vendor_id, mnr_handler_id, is_vgk_program, vgk_field_support_id, solar_brand_id, community_id, aadhaar_number, pan_number, electricity_bill_number, google_maps_link, bank_account_number, ifsc_code, subsidy_status, application_no, accepted_date, loan_bank, bank_branch, documents_folder_link, material_reach_date, installation_date, existing_association, bank_entry_updated, bank_statement_available, regular_income_available, monthly_income, co_applicant_name, co_applicant_phone, co_applicant_aadhaar, co_applicant_pan, co_applicant_bank_account, co_applicant_ifsc, solar_pipeline_status, solar_pipeline_status_updated_at, submit_date, complete_date, first_dvr_confirmed_at, first_payment_received_date, remaining_stage1_advance, remaining_stage1_advance_l1, remaining_stage1_advance_l2, cibil_confirmed, cibil_score, cibil_score_updated_at, ev_b2b_stage, kw_size, discom, sc_number, consumer_no, sanction_date, mnre_app_ref, discom_reg_no, latitude, longitude, grid_phase, investment_capacity, planning_to_start, full_time_business, guru_id, z_guru_id, adi_guru_id, core_id, guru_name, z_guru_name, core_name, team_senior_partner_id, team_extended_partner_id, team_core_partner_id, source_ref_type, source_ref_id, source_ref_name, field_support_ref_type, field_support_ref_id, field_support_ref_name, technical_id, support_staff_id, technical_staff1_id, guru_supported, z_guru_supported, adi_guru_supported, core_supported, telecaller_supported, showroom_supported, technical_supported, field_support_supported, support_staff_supported, technical_staff1_supported, showroom_vgk_id, primary_owner_type, primary_owner_id, property_id, lost_at, created_at, updated_at, created_by_type, created_by_id) VALUES (%(tenant_id)s, %(company_id)s, %(name)s, %(gender)s, %(email)s, %(phone)s, %(phone_primary_whatsapp)s, %(alternate_phone)s, %(phone_secondary_whatsapp)s, %(category_id)s, %(source)s, %(source_details)s, %(status)s, %(priority)s, %(handler_type)s, %(handler_id)s, %(description)s, %(requirements)s, %(looking_for)s, %(recent_comments)s, %(budget_min)s, %(budget_max)s, %(address)s, %(area)s, %(city)s, %(state)s, %(pincode)s, %(expected_close_date)s, %(actual_close_date)s, %(deal_value)s, %(deal_value_total)s, %(deal_value_excl_tax)s, %(deal_tax_rate)s, %(deal_value_received)s, %(deal_value_balance)s, %(points_evaluated_dvr)s, %(confirmed_final_value)s, %(solar_value)s, %(lost_reason)s, %(tags)s, %(last_contact_date)s, %(next_followup_date)s, %(depends_on_staff_id)s, %(telecaller_id)s, %(field_staff_id)s, %(associated_partner_id)s, %(direct_team_lead_points_awarded)s, %(direct_team_lead_points_awarded_at)s, %(direct_team_lead_sponsor_id)s, %(vendor_id)s, %(mnr_handler_id)s, %(is_vgk_program)s, %(vgk_field_support_id)s, %(solar_brand_id)s, %(community_id)s, %(aadhaar_number)s, %(pan_number)s, %(electricity_bill_number)s, %(google_maps_link)s, %(bank_account_number)s, %(ifsc_code)s, %(subsidy_status)s, %(application_no)s, %(accepted_date)s, %(loan_bank)s, %(bank_branch)s, %(documents_folder_link)s, %(material_reach_date)s, %(installation_date)s, %(existing_association)s, %(bank_entry_updated)s, %(bank_statement_available)s, %(regular_income_available)s, %(monthly_income)s, %(co_applicant_name)s, %(co_applicant_phone)s, %(co_applicant_aadhaar)s, %(co_applicant_pan)s, %(co_applicant_bank_account)s, %(co_applicant_ifsc)s, %(solar_pipeline_status)s, %(solar_pipeline_status_updated_at)s, %(submit_date)s, %(complete_date)s, %(first_dvr_confirmed_at)s, %(first_payment_received_date)s, %(remaining_stage1_advance)s, %(remaining_stage1_advance_l1)s, %(remaining_stage1_advance_l2)s, %(cibil_confirmed)s, %(cibil_score)s, %(cibil_score_updated_at)s, %(ev_b2b_stage)s, %(kw_size)s, %(discom)s, %(sc_number)s, %(consumer_no)s, %(sanction_date)s, %(mnre_app_ref)s, %(discom_reg_no)s, %(latitude)s, %(longitude)s, %(grid_phase)s, %(investment_capacity)s, %(planning_to_start)s, %(full_time_business)s, %(guru_id)s, %(z_guru_id)s, %(adi_guru_id)s, %(core_id)s, %(guru_name)s, %(z_guru_name)s, %(core_name)s, %(team_senior_partner_id)s, %(team_extended_partner_id)s, %(team_core_partner_id)s, %(source_ref_type)s, %(source_ref_id)s, %(source_ref_name)s, %(field_support_ref_type)s, %(field_support_ref_id)s, %(field_support_ref_name)s, %(technical_id)s, %(support_staff_id)s, %(technical_staff1_id)s, %(guru_supported)s, %(z_guru_supported)s, %(adi_guru_supported)s, %(core_supported)s, %(telecaller_supported)s, %(showroom_supported)s, %(technical_supported)s, %(field_support_supported)s, %(support_staff_supported)s, %(technical_staff1_supported)s, %(showroom_vgk_id)s, %(primary_owner_type)s, %(primary_owner_id)s, %(property_id)s, %(lost_at)s, %(created_at)s, %(updated_at)s, %(created_by_type)s, %(created_by_id)s) RETURNING crm_leads.id]
[parameters: {'tenant_id': 1, 'company_id': 2, 'name': 'Rajakumar', 'gender': None, 'email': 'rajak67742@gmail.com', 'phone': '+916300209352', 'phone_primary_whatsapp': False, 'alternate_phone': None, 'phone_secondary_whatsapp': False, 'category_id': 42, 'source': 'Online - M', 'source_details': '{"lead_id": "2584191212042184", "form_id": "1596737462160734", "page_id": "442395068958730", "page_name": "EV Craze4u", "page_segment": "EV_SPARES",  ... (166 characters truncated) ... , "email": "rajak67742@gmail.com", "full_name": "Rajakumar", "phone_number": "+916300209352", "zip_code": "504204", "phone_number_verified": "true"}}', 'status': 'new', 'priority': 'high', 'handler_type': 'unassigned', 'handler_id': None, 'description': 'Facebook Lead — EV Craze4u\nWhat Are You Interested In?: ev_technician_career', 'requirements': None, 'looking_for': 'ETC Training', 'recent_comments': None, 'budget_min': None, 'budget_max': None, 'address': None, 'area': None, 'city': 'Adilabad', 'state': 'Telangana', 'pincode': '504204', 'expected_close_date': None, 'actual_close_date': None, 'deal_value': None, 'deal_value_total': 0, 'deal_value_excl_tax': 0, 'deal_tax_rate': 0, 'deal_value_received': 0, 'deal_value_balance': 0, 'points_evaluated_dvr': 0.0, 'confirmed_final_value': None, 'solar_value': None, 'lost_reason': None, 'tags': 'etc_training', 'last_contact_date': None, 'next_followup_date': None, 'depends_on_staff_id': None, 'telecaller_id': None, 'field_staff_id': None, 'associated_partner_id': None, 'direct_team_lead_points_awarded': False, 'direct_team_lead_points_awarded_at': None, 'direct_team_lead_sponsor_id': None, 'vendor_id': None ... 44 parameters truncated ... 'discom': None, 'sc_number': None, 'consumer_no': None, 'sanction_date': None, 'mnre_app_ref': None, 'discom_reg_no': None, 'latitude': None, 'longitude': None, 'grid_phase': None, 'investment_capacity': None, 'planning_to_start': None, 'full_time_business': None, 'guru_id': None, 'z_guru_id': None, 'adi_guru_id': None, 'core_id': None, 'guru_name': None, 'z_guru_name': None, 'core_name': None, 'team_senior_partner_id': None, 'team_extended_partner_id': None, 'team_core_partner_id': None, 'source_ref_type': None, 'source_ref_id': None, 'source_ref_name': None, 'field_support_ref_type': None, 'field_support_ref_id': None, 'field_support_ref_name': None, 'technical_id': None, 'support_staff_id': None, 'technical_staff1_id': None, 'guru_supported': None, 'z_guru_supported': None, 'adi_guru_supported': None, 'core_supported': None, 'telecaller_supported': None, 'showroom_supported': None, 'technical_supported': None, 'field_support_supported': None, 'support_staff_supported': None, 'technical_staff1_supported': None, 'showroom_vgk_id': None, 'primary_owner_type': None, 'primary_owner_id': None, 'property_id': None, 'lost_at': None, 'created_at': datetime.datetime(2026, 9, 7, 7, 10, 54), 'updated_at': datetime.datetime(2026, 9, 7, 7, 10, 54), 'created_by_type': 'system', 'created_by_id': 'facebook_webhook'}]
(Background on this error at: https://sqlalche.me/e/20/gkpj)
INFO:     127.0.0.1:57173 - "WebSocket /api/v1/crm/ws/dialer/sync?token=eyJhbGciOiJIUzI1NiIsInR5cCI6IkpXVCJ9.eyJzdWIiOiIxIiwiZW1wX2NvZGUiOiJNUjEwMDAxIiwiZW1haWwiOiJhZG1pbkBteW50cmVhbC5jb20iLCJyb2xlIjoidmdrNHUiLCJzdGFmZl90eXBlIjoiVkdLNFUiLCJhZG1pbl9zY29wZSI6IlBMQVRGT1JNIiwiYmFzZV9jb21wYW55X2lkIjo0LCJ0ZW5hbnRfaWQiOjEsInRva2VuX3ZlcnNpb24iOjEsInRlYW1fdGFnIjpudWxsLCJ1c2VyX3R5cGUiOiJzdGFmZiIsImV4cCI6MTc5MDkwMTMxMX0.99JLVGiuLElMBHzOCXEWuWOaOQah3HpaAYRTPnntpL8" [accepted]
INFO:     connection open
INFO:     127.0.0.1:51937 - "GET /api/v1/community-services/public/active-headers HTTP/1.1" 200 OK
INFO:     127.0.0.1:51144 - "GET /api/v1/staff/day-plans/day-progress?plan_date=2026-10-01 HTTP/1.1" 200 OK
INFO:     127.0.0.1:51147 - "GET /api/v1/telephony/plivo/browser/token HTTP/1.1" 200 OK
INFO:     127.0.0.1:52947 - "GET /api/v1/staff/progress/team-daily-compliance?date_from=2026-09-18&date_to=2026-10-01 HTTP/1.1" 200 OK
INFO:     127.0.0.1:58831 - "GET /storage/community_banners/73_42ea686672e841c2add929005ffa421c.png HTTP/1.1" 200 OK
INFO:     127.0.0.1:51145 - "GET /api/v1/staff/progress/ranking?date_from=2026-10-01&date_to=2026-10-01 HTTP/1.1" 200 OK
INFO:     connection closed
INFO:     connection closed
INFO:     127.0.0.1:58684 - "WebSocket /api/v1/crm/ws/dialer/sync?token=eyJhbGciOiJIUzI1NiIsInR5cCI6IkpXVCJ9.eyJzdWIiOiIxIiwiZW1wX2NvZGUiOiJNUjEwMDAxIiwiZW1haWwiOiJhZG1pbkBteW50cmVhbC5jb20iLCJyb2xlIjoidmdrNHUiLCJzdGFmZl90eXBlIjoiVkdLNFUiLCJhZG1pbl9zY29wZSI6IlBMQVRGT1JNIiwiYmFzZV9jb21wYW55X2lkIjo0LCJ0ZW5hbnRfaWQiOjEsInRva2VuX3ZlcnNpb24iOjEsInRlYW1fdGFnIjpudWxsLCJ1c2VyX3R5cGUiOiJzdGFmZiIsImV4cCI6MTc5MDkwMTMxMX0.99JLVGiuLElMBHzOCXEWuWOaOQah3HpaAYRTPnntpL8" [accepted]
INFO:     connection open
INFO:     127.0.0.1:54236 - "POST /api/v1/telephony/plivo/browser/register HTTP/1.1" 200 OK
INFO:     127.0.0.1:55890 - "GET /api/v1/community-services/public/active-headers HTTP/1.1" 200 OK
INFO:     127.0.0.1:58693 - "GET /api/v1/community-services/public/active-headers HTTP/1.1" 200 OK
INFO:     127.0.0.1:58695 - "GET /storage/community_banners/73_42ea686672e841c2add929005ffa421c.png HTTP/1.1" 200 OK
INFO:     127.0.0.1:60212 - "GET /api/v1/staff/accounts/companies?status_filter=ALL&page_size=100 HTTP/1.1" 200 OK
INFO:     127.0.0.1:58685 - "GET /api/v1/telephony/plivo/browser/token HTTP/1.1" 200 OK
INFO:     127.0.0.1:56522 - "POST /api/v1/telephony/plivo/browser/register HTTP/1.1" 200 OK
WARNING:app.core.scheduler:⚠️ [META-AUTO-SYNC] Error during scheduled Meta lead sync: (psycopg2.OperationalError) SSL connection has been closed unexpectedly

[SQL: SELECT page_id, page_name, access_token, crm_segment, company_id FROM facebook_pages WHERE is_active = True AND access_token IS NOT NULL AND access_token != '' AND page_id NOT LIKE 'page_%%' AND page_id NOT LIKE 'meta_page_%%' ORDER BY id ASC]
(Background on this error at: https://sqlalche.me/e/20/e3q8)
INFO:     connection closed
INFO:     connection closed
ERROR:app.api.v1.endpoints.staff_auth:[STAFF-AUTH-DB] Database dependency unavailable during authentication: (psycopg2.OperationalError) connection to server at "myntreal-database.c5gywaicq6zu.ap-south-2.rds.amazonaws.com" (16.112.74.247), port 5432 failed: timeout expired

(Background on this error at: https://sqlalche.me/e/20/e3q8)
ERROR:app.api.v1.endpoints.staff_auth:[STAFF-AUTH-DB] Database dependency unavailable during authentication: (psycopg2.OperationalError) connection to server at "myntreal-database.c5gywaicq6zu.ap-south-2.rds.amazonaws.com" (16.112.74.247), port 5432 failed: timeout expired

(Background on this error at: https://sqlalche.me/e/20/e3q8)
ERROR:    Exception in ASGI application
Traceback (most recent call last):
  File "C:\Users\Lenovo\AppData\Local\Programs\Python\Python313\Lib\site-packages\sqlalchemy\engine\base.py", line 143, in __init__
    self._dbapi_connection = engine.raw_connection()
                             ~~~~~~~~~~~~~~~~~~~~~^^
  File "C:\Users\Lenovo\AppData\Local\Programs\Python\Python313\Lib\site-packages\sqlalchemy\engine\base.py", line 3309, in raw_connection
    return self.pool.connect()
           ~~~~~~~~~~~~~~~~~^^
  File "C:\Users\Lenovo\AppData\Local\Programs\Python\Python313\Lib\site-packages\sqlalchemy\pool\base.py", line 447, in connect
    return _ConnectionFairy._checkout(self)
           ~~~~~~~~~~~~~~~~~~~~~~~~~~^^^^^^
  File "C:\Users\Lenovo\AppData\Local\Programs\Python\Python313\Lib\site-packages\sqlalchemy\pool\base.py", line 1264, in _checkout
    fairy = _ConnectionRecord.checkout(pool)
  File "C:\Users\Lenovo\AppData\Local\Programs\Python\Python313\Lib\site-packages\sqlalchemy\pool\base.py", line 716, in checkout
    with util.safe_reraise():
         ~~~~~~~~~~~~~~~~~^^
  File "C:\Users\Lenovo\AppData\Local\Programs\Python\Python313\Lib\site-packages\sqlalchemy\util\langhelpers.py", line 224, in __exit__
    raise exc_value.with_traceback(exc_tb)
  File "C:\Users\Lenovo\AppData\Local\Programs\Python\Python313\Lib\site-packages\sqlalchemy\pool\base.py", line 714, in checkout
    dbapi_connection = rec.get_connection()
  File "C:\Users\Lenovo\AppData\Local\Programs\Python\Python313\Lib\site-packages\sqlalchemy\pool\base.py", line 865, in get_connection
    self.__connect()
    ~~~~~~~~~~~~~~^^
  File "C:\Users\Lenovo\AppData\Local\Programs\Python\Python313\Lib\site-packages\sqlalchemy\pool\base.py", line 899, in __connect
    with util.safe_reraise():
         ~~~~~~~~~~~~~~~~~^^
  File "C:\Users\Lenovo\AppData\Local\Programs\Python\Python313\Lib\site-packages\sqlalchemy\util\langhelpers.py", line 224, in __exit__
    raise exc_value.with_traceback(exc_tb)
  File "C:\Users\Lenovo\AppData\Local\Programs\Python\Python313\Lib\site-packages\sqlalchemy\pool\base.py", line 895, in __connect
    self.dbapi_connection = connection = pool._invoke_creator(self)
                                         ~~~~~~~~~~~~~~~~~~~~^^^^^^
  File "C:\Users\Lenovo\AppData\Local\Programs\Python\Python313\Lib\site-packages\sqlalchemy\engine\create.py", line 661, in connect
    return dialect.connect(*cargs, **cparams)
           ~~~~~~~~~~~~~~~^^^^^^^^^^^^^^^^^^^
  File "C:\Users\Lenovo\AppData\Local\Programs\Python\Python313\Lib\site-packages\sqlalchemy\engine\default.py", line 630, in connect
    return self.loaded_dbapi.connect(*cargs, **cparams)  # type: ignore[no-any-return]  # NOQA: E501
           ~~~~~~~~~~~~~~~~~~~~~~~~~^^^^^^^^^^^^^^^^^^^
  File "C:\Users\Lenovo\AppData\Local\Programs\Python\Python313\Lib\site-packages\psycopg2\__init__.py", line 135, in connect
    conn = _connect(dsn, connection_factory=connection_factory, **kwasync)
psycopg2.OperationalError: connection to server at "myntreal-database.c5gywaicq6zu.ap-south-2.rds.amazonaws.com" (16.112.74.247), port 5432 failed: timeout expired


The above exception was the direct cause of the following exception:

Traceback (most recent call last):
  File "C:\Users\Lenovo\AppData\Local\Programs\Python\Python313\Lib\site-packages\starlette\_exception_handler.py", line 42, in wrapped_app
    await app(scope, receive, sender)
  File "C:\Users\Lenovo\AppData\Local\Programs\Python\Python313\Lib\site-packages\fastapi\routing.py", line 142, in app
    await func(session)
  File "C:\Users\Lenovo\AppData\Local\Programs\Python\Python313\Lib\site-packages\fastapi\routing.py", line 509, in app
    await dependant.call(**solved_result.values)
  File "C:\Users\Lenovo\Desktop\SAAS\MyntReal_Latest\backend\app\api\v1\endpoints\crm_dialer.py", line 4523, in dialer_ws_sync
    staff = db.query(StaffEmployee).filter(StaffEmployee.id == subject).first()
  File "C:\Users\Lenovo\AppData\Local\Programs\Python\Python313\Lib\site-packages\sqlalchemy\orm\query.py", line 2759, in first
    return self.limit(1)._iter().first()  # type: ignore
           ~~~~~~~~~~~~~~~~~~~^^
  File "C:\Users\Lenovo\AppData\Local\Programs\Python\Python313\Lib\site-packages\sqlalchemy\orm\query.py", line 2857, in _iter
    result: Union[ScalarResult[_T], Result[_T]] = self.session.execute(
                                                  ~~~~~~~~~~~~~~~~~~~~^
        statement,
        ^^^^^^^^^^
        params,
        ^^^^^^^
        execution_options={"_sa_orm_load_options": self.load_options},
        ^^^^^^^^^^^^^^^^^^^^^^^^^^^^^^^^^^^^^^^^^^^^^^^^^^^^^^^^^^^^^^
    )
    ^
  File "C:\Users\Lenovo\AppData\Local\Programs\Python\Python313\Lib\site-packages\sqlalchemy\orm\session.py", line 2351, in execute
    return self._execute_internal(
           ~~~~~~~~~~~~~~~~~~~~~~^
        statement,
        ^^^^^^^^^^
    ...<4 lines>...
        _add_event=_add_event,
        ^^^^^^^^^^^^^^^^^^^^^^
    )
    ^
  File "C:\Users\Lenovo\AppData\Local\Programs\Python\Python313\Lib\site-packages\sqlalchemy\orm\session.py", line 2239, in _execute_internal
    conn = self._connection_for_bind(bind)
  File "C:\Users\Lenovo\AppData\Local\Programs\Python\Python313\Lib\site-packages\sqlalchemy\orm\session.py", line 2108, in _connection_for_bind
    return trans._connection_for_bind(engine, execution_options)
           ~~~~~~~~~~~~~~~~~~~~~~~~~~^^^^^^^^^^^^^^^^^^^^^^^^^^^
  File "<string>", line 2, in _connection_for_bind
  File "C:\Users\Lenovo\AppData\Local\Programs\Python\Python313\Lib\site-packages\sqlalchemy\orm\state_changes.py", line 137, in _go
    ret_value = fn(self, *arg, **kw)
  File "C:\Users\Lenovo\AppData\Local\Programs\Python\Python313\Lib\site-packages\sqlalchemy\orm\session.py", line 1187, in _connection_for_bind
    conn = bind.connect()
  File "C:\Users\Lenovo\AppData\Local\Programs\Python\Python313\Lib\site-packages\sqlalchemy\engine\base.py", line 3285, in connect
    return self._connection_cls(self)
           ~~~~~~~~~~~~~~~~~~~~^^^^^^
  File "C:\Users\Lenovo\AppData\Local\Programs\Python\Python313\Lib\site-packages\sqlalchemy\engine\base.py", line 145, in __init__
    Connection._handle_dbapi_exception_noconnection(
    ~~~~~~~~~~~~~~~~~~~~~~~~~~~~~~~~~~~~~~~~~~~~~~~^
        err, dialect, engine
        ^^^^^^^^^^^^^^^^^^^^
    )
    ^
  File "C:\Users\Lenovo\AppData\Local\Programs\Python\Python313\Lib\site-packages\sqlalchemy\engine\base.py", line 2448, in _handle_dbapi_exception_noconnection
    raise sqlalchemy_exception.with_traceback(exc_info[2]) from e
  File "C:\Users\Lenovo\AppData\Local\Programs\Python\Python313\Lib\site-packages\sqlalchemy\engine\base.py", line 143, in __init__
    self._dbapi_connection = engine.raw_connection()
                             ~~~~~~~~~~~~~~~~~~~~~^^
  File "C:\Users\Lenovo\AppData\Local\Programs\Python\Python313\Lib\site-packages\sqlalchemy\engine\base.py", line 3309, in raw_connection
    return self.pool.connect()
           ~~~~~~~~~~~~~~~~~^^
  File "C:\Users\Lenovo\AppData\Local\Programs\Python\Python313\Lib\site-packages\sqlalchemy\pool\base.py", line 447, in connect
    return _ConnectionFairy._checkout(self)
           ~~~~~~~~~~~~~~~~~~~~~~~~~~^^^^^^
  File "C:\Users\Lenovo\AppData\Local\Programs\Python\Python313\Lib\site-packages\sqlalchemy\pool\base.py", line 1264, in _checkout
    fairy = _ConnectionRecord.checkout(pool)
  File "C:\Users\Lenovo\AppData\Local\Programs\Python\Python313\Lib\site-packages\sqlalchemy\pool\base.py", line 716, in checkout
    with util.safe_reraise():
         ~~~~~~~~~~~~~~~~~^^
  File "C:\Users\Lenovo\AppData\Local\Programs\Python\Python313\Lib\site-packages\sqlalchemy\util\langhelpers.py", line 224, in __exit__
    raise exc_value.with_traceback(exc_tb)
  File "C:\Users\Lenovo\AppData\Local\Programs\Python\Python313\Lib\site-packages\sqlalchemy\pool\base.py", line 714, in checkout
    dbapi_connection = rec.get_connection()
  File "C:\Users\Lenovo\AppData\Local\Programs\Python\Python313\Lib\site-packages\sqlalchemy\pool\base.py", line 865, in get_connection
    self.__connect()
    ~~~~~~~~~~~~~~^^
  File "C:\Users\Lenovo\AppData\Local\Programs\Python\Python313\Lib\site-packages\sqlalchemy\pool\base.py", line 899, in __connect
    with util.safe_reraise():
         ~~~~~~~~~~~~~~~~~^^
  File "C:\Users\Lenovo\AppData\Local\Programs\Python\Python313\Lib\site-packages\sqlalchemy\util\langhelpers.py", line 224, in __exit__
    raise exc_value.with_traceback(exc_tb)
  File "C:\Users\Lenovo\AppData\Local\Programs\Python\Python313\Lib\site-packages\sqlalchemy\pool\base.py", line 895, in __connect
    self.dbapi_connection = connection = pool._invoke_creator(self)
                                         ~~~~~~~~~~~~~~~~~~~~^^^^^^
  File "C:\Users\Lenovo\AppData\Local\Programs\Python\Python313\Lib\site-packages\sqlalchemy\engine\create.py", line 661, in connect
    return dialect.connect(*cargs, **cparams)
           ~~~~~~~~~~~~~~~^^^^^^^^^^^^^^^^^^^
  File "C:\Users\Lenovo\AppData\Local\Programs\Python\Python313\Lib\site-packages\sqlalchemy\engine\default.py", line 630, in connect
    return self.loaded_dbapi.connect(*cargs, **cparams)  # type: ignore[no-any-return]  # NOQA: E501
           ~~~~~~~~~~~~~~~~~~~~~~~~~^^^^^^^^^^^^^^^^^^^
  File "C:\Users\Lenovo\AppData\Local\Programs\Python\Python313\Lib\site-packages\psycopg2\__init__.py", line 135, in connect
    conn = _connect(dsn, connection_factory=connection_factory, **kwasync)
sqlalchemy.exc.OperationalError: (psycopg2.OperationalError) connection to server at "myntreal-database.c5gywaicq6zu.ap-south-2.rds.amazonaws.com" (16.112.74.247), port 5432 failed: timeout expired

(Background on this error at: https://sqlalche.me/e/20/e3q8)

During handling of the above exception, another exception occurred:

Traceback (most recent call last):
  File "C:\Users\Lenovo\AppData\Local\Programs\Python\Python313\Lib\site-packages\uvicorn\protocols\websockets\websockets_impl.py", line 244, in run_asgi
    result = await self.app(self.scope, self.asgi_receive, self.asgi_send)  # type: ignore[func-returns-value]
             ^^^^^^^^^^^^^^^^^^^^^^^^^^^^^^^^^^^^^^^^^^^^^^^^^^^^^^^^^^^^^
  File "C:\Users\Lenovo\AppData\Local\Programs\Python\Python313\Lib\site-packages\uvicorn\middleware\proxy_headers.py", line 60, in __call__
    return await self.app(scope, receive, send)
           ^^^^^^^^^^^^^^^^^^^^^^^^^^^^^^^^^^^^
  File "C:\Users\Lenovo\AppData\Local\Programs\Python\Python313\Lib\site-packages\fastapi\applications.py", line 1135, in __call__
    await super().__call__(scope, receive, send)
  File "C:\Users\Lenovo\AppData\Local\Programs\Python\Python313\Lib\site-packages\starlette\applications.py", line 107, in __call__
    await self.middleware_stack(scope, receive, send)
  File "C:\Users\Lenovo\AppData\Local\Programs\Python\Python313\Lib\site-packages\starlette\middleware\errors.py", line 151, in __call__
    await self.app(scope, receive, send)
  File "C:\Users\Lenovo\AppData\Local\Programs\Python\Python313\Lib\site-packages\starlette\middleware\base.py", line 103, in __call__
    await self.app(scope, receive, send)
  File "C:\Users\Lenovo\Desktop\SAAS\MyntReal_Latest\backend\app\main.py", line 17079, in __call__
    await self.app(scope, receive, send)
  File "C:\Users\Lenovo\AppData\Local\Programs\Python\Python313\Lib\site-packages\starlette\middleware\trustedhost.py", line 36, in __call__
    await self.app(scope, receive, send)
  File "C:\Users\Lenovo\AppData\Local\Programs\Python\Python313\Lib\site-packages\starlette\middleware\cors.py", line 77, in __call__
    await self.app(scope, receive, send)
  File "C:\Users\Lenovo\AppData\Local\Programs\Python\Python313\Lib\site-packages\starlette\middleware\gzip.py", line 19, in __call__
    await self.app(scope, receive, send)
  File "C:\Users\Lenovo\AppData\Local\Programs\Python\Python313\Lib\site-packages\starlette\middleware\base.py", line 103, in __call__
    await self.app(scope, receive, send)
  File "C:\Users\Lenovo\AppData\Local\Programs\Python\Python313\Lib\site-packages\starlette\middleware\exceptions.py", line 63, in __call__
    await wrap_app_handling_exceptions(self.app, conn)(scope, receive, send)
  File "C:\Users\Lenovo\AppData\Local\Programs\Python\Python313\Lib\site-packages\starlette\_exception_handler.py", line 53, in wrapped_app
    raise exc
  File "C:\Users\Lenovo\AppData\Local\Programs\Python\Python313\Lib\site-packages\starlette\_exception_handler.py", line 42, in wrapped_app
    await app(scope, receive, sender)
  File "C:\Users\Lenovo\AppData\Local\Programs\Python\Python313\Lib\site-packages\fastapi\middleware\asyncexitstack.py", line 18, in __call__
    await self.app(scope, receive, send)
  File "C:\Users\Lenovo\AppData\Local\Programs\Python\Python313\Lib\site-packages\starlette\routing.py", line 716, in __call__
    await self.middleware_stack(scope, receive, send)
  File "C:\Users\Lenovo\AppData\Local\Programs\Python\Python313\Lib\site-packages\starlette\routing.py", line 736, in app
    await route.handle(scope, receive, send)
  File "C:\Users\Lenovo\AppData\Local\Programs\Python\Python313\Lib\site-packages\starlette\routing.py", line 364, in handle
    await self.app(scope, receive, send)
  File "C:\Users\Lenovo\AppData\Local\Programs\Python\Python313\Lib\site-packages\fastapi\routing.py", line 145, in app
    await wrap_app_handling_exceptions(app, session)(scope, receive, send)
  File "C:\Users\Lenovo\AppData\Local\Programs\Python\Python313\Lib\site-packages\starlette\_exception_handler.py", line 59, in wrapped_app
    response = await handler(conn, exc)
               ^^^^^^^^^^^^^^^^^^^^^^^^
  File "C:\Users\Lenovo\Desktop\SAAS\MyntReal_Latest\backend\app\core\exceptions.py", line 103, in sqlalchemy_error_handler
    logger.error(f"SQLAlchemy Error on {request.method} {request.url.path}: {error_msg}")
                                        ^^^^^^^^^^^^^^
AttributeError: 'WebSocket' object has no attribute 'method'
INFO:     127.0.0.1:52482 - "GET /api/v1/staff/accounts/companies?status_filter=ALL&page_size=100 HTTP/1.1" 503 Service Unavailable
INFO:     127.0.0.1:50522 - "GET /api/v1/telephony/plivo/browser/token HTTP/1.1" 503 Service Unavailable
INFO:     127.0.0.1:63880 - "WebSocket /api/v1/crm/ws/dialer/sync?token=eyJhbGciOiJIUzI1NiIsInR5cCI6IkpXVCJ9.eyJzdWIiOiIxIiwiZW1wX2NvZGUiOiJNUjEwMDAxIiwiZW1haWwiOiJhZG1pbkBteW50cmVhbC5jb20iLCJyb2xlIjoidmdrNHUiLCJzdGFmZl90eXBlIjoiVkdLNFUiLCJhZG1pbl9zY29wZSI6IlBMQVRGT1JNIiwiYmFzZV9jb21wYW55X2lkIjo0LCJ0ZW5hbnRfaWQiOjEsInRva2VuX3ZlcnNpb24iOjEsInRlYW1fdGFnIjpudWxsLCJ1c2VyX3R5cGUiOiJzdGFmZiIsImV4cCI6MTc5MDkwMTMxMX0.99JLVGiuLElMBHzOCXEWuWOaOQah3HpaAYRTPnntpL8" [accepted]
WARNING:app.api.v1.endpoints.crm_dialer:[DC_DIALER_WS] Init send failed for user_ref=1: 
INFO:     connection closed
INFO:     connection closed
INFO:     127.0.0.1:49932 - "WebSocket /api/v1/crm/ws/dialer/sync?token=eyJhbGciOiJIUzI1NiIsInR5cCI6IkpXVCJ9.eyJzdWIiOiIxIiwiZW1wX2NvZGUiOiJNUjEwMDAxIiwiZW1haWwiOiJhZG1pbkBteW50cmVhbC5jb20iLCJyb2xlIjoidmdrNHUiLCJzdGFmZl90eXBlIjoiVkdLNFUiLCJhZG1pbl9zY29wZSI6IlBMQVRGT1JNIiwiYmFzZV9jb21wYW55X2lkIjo0LCJ0ZW5hbnRfaWQiOjEsInRva2VuX3ZlcnNpb24iOjEsInRlYW1fdGFnIjpudWxsLCJ1c2VyX3R5cGUiOiJzdGFmZiIsImV4cCI6MTc5MDkwMTMxMX0.99JLVGiuLElMBHzOCXEWuWOaOQah3HpaAYRTPnntpL8" [accepted]
WARNING:app.api.v1.endpoints.crm_dialer:[DC_DIALER_WS] Init send failed for user_ref=1: 
ERROR:app.core.exceptions:SQLAlchemy Error on GET /api/v1/community-services/public/active-headers: SSL connection has been closed unexpectedly

ERROR:app.core.exceptions:Full traceback: Traceback (most recent call last):
  File "C:\Users\Lenovo\AppData\Local\Programs\Python\Python313\Lib\site-packages\sqlalchemy\engine\base.py", line 1967, in _exec_single_context
    self.dialect.do_execute(
    ~~~~~~~~~~~~~~~~~~~~~~~^
        cursor, str_statement, effective_parameters, context
        ^^^^^^^^^^^^^^^^^^^^^^^^^^^^^^^^^^^^^^^^^^^^^^^^^^^^
    )
    ^
  File "C:\Users\Lenovo\AppData\Local\Programs\Python\Python313\Lib\site-packages\sqlalchemy\engine\default.py", line 952, in do_execute
    cursor.execute(statement, parameters)
    ~~~~~~~~~~~~~~^^^^^^^^^^^^^^^^^^^^^^^
psycopg2.OperationalError: SSL connection has been closed unexpectedly


The above exception was the direct cause of the following exception:

Traceback (most recent call last):
  File "C:\Users\Lenovo\AppData\Local\Programs\Python\Python313\Lib\site-packages\starlette\_exception_handler.py", line 42, in wrapped_app
    await app(scope, receive, sender)
  File "C:\Users\Lenovo\AppData\Local\Programs\Python\Python313\Lib\site-packages\fastapi\routing.py", line 105, in app
    response = await f(request)
               ^^^^^^^^^^^^^^^^
  File "C:\Users\Lenovo\AppData\Local\Programs\Python\Python313\Lib\site-packages\fastapi\routing.py", line 426, in app
    raw_response = await run_endpoint_function(
                   ^^^^^^^^^^^^^^^^^^^^^^^^^^^^
    ...<3 lines>...
    )
    ^
  File "C:\Users\Lenovo\AppData\Local\Programs\Python\Python313\Lib\site-packages\fastapi\routing.py", line 314, in run_endpoint_function
    return await run_in_threadpool(dependant.call, **values)
           ^^^^^^^^^^^^^^^^^^^^^^^^^^^^^^^^^^^^^^^^^^^^^^^^^
  File "C:\Users\Lenovo\AppData\Local\Programs\Python\Python313\Lib\site-packages\starlette\concurrency.py", line 32, in run_in_threadpool
    return await anyio.to_thread.run_sync(func)
           ^^^^^^^^^^^^^^^^^^^^^^^^^^^^^^^^^^^^
  File "C:\Users\Lenovo\AppData\Local\Programs\Python\Python313\Lib\site-packages\anyio\to_thread.py", line 65, in run_sync
    return await get_async_backend().run_sync_in_worker_thread(
           ^^^^^^^^^^^^^^^^^^^^^^^^^^^^^^^^^^^^^^^^^^^^^^^^^^^^
        func, args, abandon_on_cancel=abandon_on_cancel, limiter=limiter
        ^^^^^^^^^^^^^^^^^^^^^^^^^^^^^^^^^^^^^^^^^^^^^^^^^^^^^^^^^^^^^^^^
    )
    ^
  File "C:\Users\Lenovo\AppData\Local\Programs\Python\Python313\Lib\site-packages\anyio\_backends\_asyncio.py", line 2641, in run_sync_in_worker_thread
    return await future
           ^^^^^^^^^^^^
  File "C:\Users\Lenovo\AppData\Local\Programs\Python\Python313\Lib\site-packages\anyio\_backends\_asyncio.py", line 1033, in run
    result = context.run(func, *args)
  File "C:\Users\Lenovo\Desktop\SAAS\MyntReal_Latest\backend\app\api\v1\endpoints\community_services.py", line 64, in get_active_headers
    ).count()
      ~~~~~^^
  File "C:\Users\Lenovo\AppData\Local\Programs\Python\Python313\Lib\site-packages\sqlalchemy\orm\query.py", line 3146, in count
    self._legacy_from_self(col).enable_eagerloads(False).scalar()
    ~~~~~~~~~~~~~~~~~~~~~~~~~~~~~~~~~~~~~~~~~~~~~~~~~~~~~~~~~~~^^
  File "C:\Users\Lenovo\AppData\Local\Programs\Python\Python313\Lib\site-packages\sqlalchemy\orm\query.py", line 2835, in scalar
    ret = self.one()
  File "C:\Users\Lenovo\AppData\Local\Programs\Python\Python313\Lib\site-packages\sqlalchemy\orm\query.py", line 2808, in one
    return self._iter().one()  # type: ignore
           ~~~~~~~~~~^^
  File "C:\Users\Lenovo\AppData\Local\Programs\Python\Python313\Lib\site-packages\sqlalchemy\orm\query.py", line 2857, in _iter
    result: Union[ScalarResult[_T], Result[_T]] = self.session.execute(
                                                  ~~~~~~~~~~~~~~~~~~~~^
        statement,
        ^^^^^^^^^^
        params,
        ^^^^^^^
        execution_options={"_sa_orm_load_options": self.load_options},
        ^^^^^^^^^^^^^^^^^^^^^^^^^^^^^^^^^^^^^^^^^^^^^^^^^^^^^^^^^^^^^^
    )
    ^
  File "C:\Users\Lenovo\AppData\Local\Programs\Python\Python313\Lib\site-packages\sqlalchemy\orm\session.py", line 2351, in execute
    return self._execute_internal(
           ~~~~~~~~~~~~~~~~~~~~~~^
        statement,
        ^^^^^^^^^^
    ...<4 lines>...
        _add_event=_add_event,
        ^^^^^^^^^^^^^^^^^^^^^^
    )
    ^
  File "C:\Users\Lenovo\AppData\Local\Programs\Python\Python313\Lib\site-packages\sqlalchemy\orm\session.py", line 2249, in _execute_internal
    result: Result[Any] = compile_state_cls.orm_execute_statement(
                          ~~~~~~~~~~~~~~~~~~~~~~~~~~~~~~~~~~~~~~~^
        self,
        ^^^^^
    ...<4 lines>...
        conn,
        ^^^^^
    )
    ^
  File "C:\Users\Lenovo\AppData\Local\Programs\Python\Python313\Lib\site-packages\sqlalchemy\orm\context.py", line 306, in orm_execute_statement
    result = conn.execute(
        statement, params or {}, execution_options=execution_options
    )
  File "C:\Users\Lenovo\AppData\Local\Programs\Python\Python313\Lib\site-packages\sqlalchemy\engine\base.py", line 1419, in execute
    return meth(
        self,
        distilled_parameters,
        execution_options or NO_OPTIONS,
    )
  File "C:\Users\Lenovo\AppData\Local\Programs\Python\Python313\Lib\site-packages\sqlalchemy\sql\elements.py", line 527, in _execute_on_connection
    return connection._execute_clauseelement(
           ~~~~~~~~~~~~~~~~~~~~~~~~~~~~~~~~~^
        self, distilled_params, execution_options
        ^^^^^^^^^^^^^^^^^^^^^^^^^^^^^^^^^^^^^^^^^
    )
    ^
  File "C:\Users\Lenovo\AppData\Local\Programs\Python\Python313\Lib\site-packages\sqlalchemy\engine\base.py", line 1641, in _execute_clauseelement
    ret = self._execute_context(
        dialect,
    ...<8 lines>...
        cache_hit=cache_hit,
    )
  File "C:\Users\Lenovo\AppData\Local\Programs\Python\Python313\Lib\site-packages\sqlalchemy\engine\base.py", line 1846, in _execute_context
    return self._exec_single_context(
           ~~~~~~~~~~~~~~~~~~~~~~~~~^
        dialect, context, statement, parameters
        ^^^^^^^^^^^^^^^^^^^^^^^^^^^^^^^^^^^^^^^
    )
    ^
  File "C:\Users\Lenovo\AppData\Local\Programs\Python\Python313\Lib\site-packages\sqlalchemy\engine\base.py", line 1986, in _exec_single_context
    self._handle_dbapi_exception(
    ~~~~~~~~~~~~~~~~~~~~~~~~~~~~^
        e, str_statement, effective_parameters, cursor, context
        ^^^^^^^^^^^^^^^^^^^^^^^^^^^^^^^^^^^^^^^^^^^^^^^^^^^^^^^
    )
    ^
  File "C:\Users\Lenovo\AppData\Local\Programs\Python\Python313\Lib\site-packages\sqlalchemy\engine\base.py", line 2363, in _handle_dbapi_exception
    raise sqlalchemy_exception.with_traceback(exc_info[2]) from e
  File "C:\Users\Lenovo\AppData\Local\Programs\Python\Python313\Lib\site-packages\sqlalchemy\engine\base.py", line 1967, in _exec_single_context
    self.dialect.do_execute(
    ~~~~~~~~~~~~~~~~~~~~~~~^
        cursor, str_statement, effective_parameters, context
        ^^^^^^^^^^^^^^^^^^^^^^^^^^^^^^^^^^^^^^^^^^^^^^^^^^^^
    )
    ^
  File "C:\Users\Lenovo\AppData\Local\Programs\Python\Python313\Lib\site-packages\sqlalchemy\engine\default.py", line 952, in do_execute
    cursor.execute(statement, parameters)
    ~~~~~~~~~~~~~~^^^^^^^^^^^^^^^^^^^^^^^
sqlalchemy.exc.OperationalError: (psycopg2.OperationalError) SSL connection has been closed unexpectedly

[SQL: SELECT count(*) AS count_1 
FROM (SELECT community_registrations.id AS community_registrations_id, community_registrations.community_service_id AS community_registrations_community_service_id, community_registrations.submission_date AS community_registrations_submission_date, community_registrations.association_name AS community_registrations_association_name, community_registrations.primary_name AS community_registrations_primary_name, community_registrations.primary_phone_1 AS community_registrations_primary_phone_1, community_registrations.primary_phone_2 AS community_registrations_primary_phone_2, community_registrations.secondary_name AS community_registrations_secondary_name, community_registrations.secondary_phone_1 AS community_registrations_secondary_phone_1, community_registrations.secondary_phone_2 AS community_registrations_secondary_phone_2, community_registrations.area AS community_registrations_area, community_registrations.pin_code AS community_registrations_pin_code, community_registrations.district AS community_registrations_district, community_registrations.state AS community_registrations_state, community_registrations.ref1_member_id AS community_registrations_ref1_member_id, community_registrations.ref2_member_id AS community_registrations_ref2_member_id, community_registrations.referral_type AS community_registrations_referral_type, community_registrations.referral_code AS community_registrations_referral_code, community_registrations.kyc_uploads AS community_registrations_kyc_uploads, community_registrations.status AS community_registrations_status, community_registrations.user_id AS community_registrations_user_id, community_registrations.google_location AS community_registrations_google_location, community_registrations.application_no AS community_registrations_application_no, community_registrations.assembly_constituency AS community_registrations_assembly_constituency, community_registrations.president_name AS community_registrations_president_name, community_registrations.president_phone AS community_registrations_president_phone, community_registrations.secretary_name AS community_registrations_secretary_name, community_registrations.secretary_phone AS community_registrations_secretary_phone, community_registrations.treasurer_name AS community_registrations_treasurer_name, community_registrations.treasurer_phone AS community_registrations_treasurer_phone, community_registrations.mandap_location AS community_registrations_mandap_location, community_registrations.location_category AS community_registrations_location_category, community_registrations.location_owner_details AS community_registrations_location_owner_details, community_registrations.idol_height AS community_registrations_idol_height, community_registrations.idol_photo AS community_registrations_idol_photo, community_registrations.utsav_start_date AS community_registrations_utsav_start_date, community_registrations.utsav_end_date AS community_registrations_utsav_end_date, community_registrations.visarjan_date AS community_registrations_visarjan_date, community_registrations.visarjan_time AS community_registrations_visarjan_time, community_registrations.visarjan_phone AS community_registrations_visarjan_phone, community_registrations.mandap_volunteers AS community_registrations_mandap_volunteers, community_registrations.cultural_programs AS community_registrations_cultural_programs, community_registrations.sound_system_details AS community_registrations_sound_system_details, community_registrations.latitude AS community_registrations_latitude, community_registrations.longitude AS community_registrations_longitude, community_registrations.formatted_address AS community_registrations_formatted_address, community_registrations.applicant_signature AS community_registrations_applicant_signature, community_registrations.registered_from AS community_registrations_registered_from, community_registrations.landmark AS community_registrations_landmark, community_registrations.created_at AS community_registrations_created_at, community_registrations.updated_at AS community_registrations_updated_at 
FROM community_registrations 
WHERE community_registrations.status = %(status_1)s) AS anon_1]
[parameters: {'status_1': 'APPROVED'}]
(Background on this error at: https://sqlalche.me/e/20/e3q8)

INFO:     127.0.0.1:60171 - "GET /api/v1/community-services/public/active-headers HTTP/1.1" 200 OK
INFO:     127.0.0.1:49563 - "GET /api/v1/community-services/public/active-headers HTTP/1.1" 200 OK
INFO:     127.0.0.1:52483 - "GET /api/v1/community-services/public/active-headers HTTP/1.1" 500 Internal Server Error
INFO:     127.0.0.1:63827 - "GET /api/v1/community-services/public/active-headers HTTP/1.1" 200 OK
INFO:     127.0.0.1:60868 - "GET /api/v1/community-services/public/active-headers HTTP/1.1" 200 OK
INFO:     127.0.0.1:60500 - "WebSocket /api/v1/crm/ws/dialer/sync?token=eyJhbGciOiJIUzI1NiIsInR5cCI6IkpXVCJ9.eyJzdWIiOiIxIiwiZW1wX2NvZGUiOiJNUjEwMDAxIiwiZW1haWwiOiJhZG1pbkBteW50cmVhbC5jb20iLCJyb2xlIjoidmdrNHUiLCJzdGFmZl90eXBlIjoiVkdLNFUiLCJhZG1pbl9zY29wZSI6IlBMQVRGT1JNIiwiYmFzZV9jb21wYW55X2lkIjo0LCJ0ZW5hbnRfaWQiOjEsInRva2VuX3ZlcnNpb24iOjEsInRlYW1fdGFnIjpudWxsLCJ1c2VyX3R5cGUiOiJzdGFmZiIsImV4cCI6MTc5MDkwMTMxMX0.99JLVGiuLElMBHzOCXEWuWOaOQah3HpaAYRTPnntpL8" [accepted]
INFO:     connection open
INFO:     127.0.0.1:52870 - "GET /api/v1/staff/accounts/companies?status_filter=ALL&page_size=100 HTTP/1.1" 200 OK
INFO:     127.0.0.1:63826 - "GET /api/v1/staff/accounts/companies?status_filter=ALL&page_size=100 HTTP/1.1" 200 OK
ERROR:app.core.exceptions:SQLAlchemy Error on GET /api/v1/telephony/plivo/browser/token: SSL connection has been closed unexpectedly

ERROR:app.core.exceptions:Full traceback: Traceback (most recent call last):
  File "C:\Users\Lenovo\AppData\Local\Programs\Python\Python313\Lib\site-packages\sqlalchemy\engine\base.py", line 1967, in _exec_single_context
    self.dialect.do_execute(
    ~~~~~~~~~~~~~~~~~~~~~~~^
        cursor, str_statement, effective_parameters, context
        ^^^^^^^^^^^^^^^^^^^^^^^^^^^^^^^^^^^^^^^^^^^^^^^^^^^^
    )
    ^
  File "C:\Users\Lenovo\AppData\Local\Programs\Python\Python313\Lib\site-packages\sqlalchemy\engine\default.py", line 952, in do_execute
    cursor.execute(statement, parameters)
    ~~~~~~~~~~~~~~^^^^^^^^^^^^^^^^^^^^^^^
psycopg2.OperationalError: SSL connection has been closed unexpectedly


The above exception was the direct cause of the following exception:

Traceback (most recent call last):
  File "C:\Users\Lenovo\AppData\Local\Programs\Python\Python313\Lib\site-packages\starlette\_exception_handler.py", line 42, in wrapped_app
    await app(scope, receive, sender)
  File "C:\Users\Lenovo\AppData\Local\Programs\Python\Python313\Lib\site-packages\fastapi\routing.py", line 105, in app
    response = await f(request)
               ^^^^^^^^^^^^^^^^
  File "C:\Users\Lenovo\AppData\Local\Programs\Python\Python313\Lib\site-packages\fastapi\routing.py", line 426, in app
    raw_response = await run_endpoint_function(
                   ^^^^^^^^^^^^^^^^^^^^^^^^^^^^
    ...<3 lines>...
    )
    ^
  File "C:\Users\Lenovo\AppData\Local\Programs\Python\Python313\Lib\site-packages\fastapi\routing.py", line 314, in run_endpoint_function
    return await run_in_threadpool(dependant.call, **values)
           ^^^^^^^^^^^^^^^^^^^^^^^^^^^^^^^^^^^^^^^^^^^^^^^^^
  File "C:\Users\Lenovo\AppData\Local\Programs\Python\Python313\Lib\site-packages\starlette\concurrency.py", line 32, in run_in_threadpool
    return await anyio.to_thread.run_sync(func)
           ^^^^^^^^^^^^^^^^^^^^^^^^^^^^^^^^^^^^
  File "C:\Users\Lenovo\AppData\Local\Programs\Python\Python313\Lib\site-packages\anyio\to_thread.py", line 65, in run_sync
    return await get_async_backend().run_sync_in_worker_thread(
           ^^^^^^^^^^^^^^^^^^^^^^^^^^^^^^^^^^^^^^^^^^^^^^^^^^^^
        func, args, abandon_on_cancel=abandon_on_cancel, limiter=limiter
        ^^^^^^^^^^^^^^^^^^^^^^^^^^^^^^^^^^^^^^^^^^^^^^^^^^^^^^^^^^^^^^^^
    )
    ^
  File "C:\Users\Lenovo\AppData\Local\Programs\Python\Python313\Lib\site-packages\anyio\_backends\_asyncio.py", line 2641, in run_sync_in_worker_thread
    return await future
           ^^^^^^^^^^^^
  File "C:\Users\Lenovo\AppData\Local\Programs\Python\Python313\Lib\site-packages\anyio\_backends\_asyncio.py", line 1033, in run
    result = context.run(func, *args)
  File "C:\Users\Lenovo\Desktop\SAAS\MyntReal_Latest\backend\app\api\v1\endpoints\plivo_softphone_api.py", line 41, in get_browser_softphone_token
    return PlivoJWTService.generate_browser_token(
           ~~~~~~~~~~~~~~~~~~~~~~~~~~~~~~~~~~~~~~^
        db=db,
        ^^^^^^
        company_id=company_id,
        ^^^^^^^^^^^^^^^^^^^^^^
        staff=current_user
        ^^^^^^^^^^^^^^^^^^
    )
    ^
  File "C:\Users\Lenovo\Desktop\SAAS\MyntReal_Latest\backend\app\services\telephony\plivo_jwt_service.py", line 153, in generate_browser_token
    endpoint = cls.get_or_create_staff_endpoint(db, company_id, staff)
  File "C:\Users\Lenovo\Desktop\SAAS\MyntReal_Latest\backend\app\services\telephony\plivo_jwt_service.py", line 55, in get_or_create_staff_endpoint
    ).first()
      ~~~~~^^
  File "C:\Users\Lenovo\AppData\Local\Programs\Python\Python313\Lib\site-packages\sqlalchemy\orm\query.py", line 2759, in first
    return self.limit(1)._iter().first()  # type: ignore
           ~~~~~~~~~~~~~~~~~~~^^
  File "C:\Users\Lenovo\AppData\Local\Programs\Python\Python313\Lib\site-packages\sqlalchemy\orm\query.py", line 2857, in _iter
    result: Union[ScalarResult[_T], Result[_T]] = self.session.execute(
                                                  ~~~~~~~~~~~~~~~~~~~~^
        statement,
        ^^^^^^^^^^
        params,
        ^^^^^^^
        execution_options={"_sa_orm_load_options": self.load_options},
        ^^^^^^^^^^^^^^^^^^^^^^^^^^^^^^^^^^^^^^^^^^^^^^^^^^^^^^^^^^^^^^
    )
    ^
  File "C:\Users\Lenovo\AppData\Local\Programs\Python\Python313\Lib\site-packages\sqlalchemy\orm\session.py", line 2351, in execute
    return self._execute_internal(
           ~~~~~~~~~~~~~~~~~~~~~~^
        statement,
        ^^^^^^^^^^
    ...<4 lines>...
        _add_event=_add_event,
        ^^^^^^^^^^^^^^^^^^^^^^
    )
    ^
  File "C:\Users\Lenovo\AppData\Local\Programs\Python\Python313\Lib\site-packages\sqlalchemy\orm\session.py", line 2249, in _execute_internal
    result: Result[Any] = compile_state_cls.orm_execute_statement(
                          ~~~~~~~~~~~~~~~~~~~~~~~~~~~~~~~~~~~~~~~^
        self,
        ^^^^^
    ...<4 lines>...
        conn,
        ^^^^^
    )
    ^
  File "C:\Users\Lenovo\AppData\Local\Programs\Python\Python313\Lib\site-packages\sqlalchemy\orm\context.py", line 306, in orm_execute_statement
    result = conn.execute(
        statement, params or {}, execution_options=execution_options
    )
  File "C:\Users\Lenovo\AppData\Local\Programs\Python\Python313\Lib\site-packages\sqlalchemy\engine\base.py", line 1419, in execute
    return meth(
        self,
        distilled_parameters,
        execution_options or NO_OPTIONS,
    )
  File "C:\Users\Lenovo\AppData\Local\Programs\Python\Python313\Lib\site-packages\sqlalchemy\sql\elements.py", line 527, in _execute_on_connection
    return connection._execute_clauseelement(
           ~~~~~~~~~~~~~~~~~~~~~~~~~~~~~~~~~^
        self, distilled_params, execution_options
        ^^^^^^^^^^^^^^^^^^^^^^^^^^^^^^^^^^^^^^^^^
    )
    ^
  File "C:\Users\Lenovo\AppData\Local\Programs\Python\Python313\Lib\site-packages\sqlalchemy\engine\base.py", line 1641, in _execute_clauseelement
    ret = self._execute_context(
        dialect,
    ...<8 lines>...
        cache_hit=cache_hit,
    )
  File "C:\Users\Lenovo\AppData\Local\Programs\Python\Python313\Lib\site-packages\sqlalchemy\engine\base.py", line 1846, in _execute_context
    return self._exec_single_context(
           ~~~~~~~~~~~~~~~~~~~~~~~~~^
        dialect, context, statement, parameters
        ^^^^^^^^^^^^^^^^^^^^^^^^^^^^^^^^^^^^^^^
    )
    ^
  File "C:\Users\Lenovo\AppData\Local\Programs\Python\Python313\Lib\site-packages\sqlalchemy\engine\base.py", line 1986, in _exec_single_context
    self._handle_dbapi_exception(
    ~~~~~~~~~~~~~~~~~~~~~~~~~~~~^
        e, str_statement, effective_parameters, cursor, context
        ^^^^^^^^^^^^^^^^^^^^^^^^^^^^^^^^^^^^^^^^^^^^^^^^^^^^^^^
    )
    ^
  File "C:\Users\Lenovo\AppData\Local\Programs\Python\Python313\Lib\site-packages\sqlalchemy\engine\base.py", line 2363, in _handle_dbapi_exception
    raise sqlalchemy_exception.with_traceback(exc_info[2]) from e
  File "C:\Users\Lenovo\AppData\Local\Programs\Python\Python313\Lib\site-packages\sqlalchemy\engine\base.py", line 1967, in _exec_single_context
    self.dialect.do_execute(
    ~~~~~~~~~~~~~~~~~~~~~~~^
        cursor, str_statement, effective_parameters, context
        ^^^^^^^^^^^^^^^^^^^^^^^^^^^^^^^^^^^^^^^^^^^^^^^^^^^^
    )
    ^
  File "C:\Users\Lenovo\AppData\Local\Programs\Python\Python313\Lib\site-packages\sqlalchemy\engine\default.py", line 952, in do_execute
    cursor.execute(statement, parameters)
    ~~~~~~~~~~~~~~^^^^^^^^^^^^^^^^^^^^^^^
sqlalchemy.exc.OperationalError: (psycopg2.OperationalError) SSL connection has been closed unexpectedly

[SQL: SELECT telephony_plivo_endpoints.id AS telephony_plivo_endpoints_id, telephony_plivo_endpoints.company_id AS telephony_plivo_endpoints_company_id, telephony_plivo_endpoints.staff_id AS telephony_plivo_endpoints_staff_id, telephony_plivo_endpoints.plivo_endpoint_id AS telephony_plivo_endpoints_plivo_endpoint_id, telephony_plivo_endpoints.plivo_username AS telephony_plivo_endpoints_plivo_username, telephony_plivo_endpoints.plivo_alias AS telephony_plivo_endpoints_plivo_alias, telephony_plivo_endpoints.plivo_password_hash AS telephony_plivo_endpoints_plivo_password_hash, telephony_plivo_endpoints.is_registered AS telephony_plivo_endpoints_is_registered, telephony_plivo_endpoints.last_registered_at AS telephony_plivo_endpoints_last_registered_at, telephony_plivo_endpoints.created_at AS telephony_plivo_endpoints_created_at, telephony_plivo_endpoints.updated_at AS telephony_plivo_endpoints_updated_at 
FROM telephony_plivo_endpoints 
WHERE telephony_plivo_endpoints.company_id = %(company_id_1)s AND telephony_plivo_endpoints.staff_id = %(staff_id_1)s 
 LIMIT %(param_1)s]
[parameters: {'company_id_1': 4, 'staff_id_1': 1, 'param_1': 1}]
(Background on this error at: https://sqlalche.me/e/20/e3q8)

INFO:     127.0.0.1:49933 - "GET /api/v1/telephony/plivo/browser/token HTTP/1.1" 500 Internal Server Error
ERROR:app.core.exceptions:SQLAlchemy Error on GET /api/v1/telephony/plivo/browser/token: SSL connection has been closed unexpectedly

ERROR:app.core.exceptions:Full traceback: Traceback (most recent call last):
  File "C:\Users\Lenovo\AppData\Local\Programs\Python\Python313\Lib\site-packages\sqlalchemy\engine\base.py", line 1967, in _exec_single_context
    self.dialect.do_execute(
    ~~~~~~~~~~~~~~~~~~~~~~~^
        cursor, str_statement, effective_parameters, context
        ^^^^^^^^^^^^^^^^^^^^^^^^^^^^^^^^^^^^^^^^^^^^^^^^^^^^
    )
    ^
  File "C:\Users\Lenovo\AppData\Local\Programs\Python\Python313\Lib\site-packages\sqlalchemy\engine\default.py", line 952, in do_execute
    cursor.execute(statement, parameters)
    ~~~~~~~~~~~~~~^^^^^^^^^^^^^^^^^^^^^^^
psycopg2.OperationalError: SSL connection has been closed unexpectedly


The above exception was the direct cause of the following exception:

Traceback (most recent call last):
  File "C:\Users\Lenovo\AppData\Local\Programs\Python\Python313\Lib\site-packages\starlette\_exception_handler.py", line 42, in wrapped_app
    await app(scope, receive, sender)
  File "C:\Users\Lenovo\AppData\Local\Programs\Python\Python313\Lib\site-packages\fastapi\routing.py", line 105, in app
    response = await f(request)
               ^^^^^^^^^^^^^^^^
  File "C:\Users\Lenovo\AppData\Local\Programs\Python\Python313\Lib\site-packages\fastapi\routing.py", line 426, in app
    raw_response = await run_endpoint_function(
                   ^^^^^^^^^^^^^^^^^^^^^^^^^^^^
    ...<3 lines>...
    )
    ^
  File "C:\Users\Lenovo\AppData\Local\Programs\Python\Python313\Lib\site-packages\fastapi\routing.py", line 314, in run_endpoint_function
    return await run_in_threadpool(dependant.call, **values)
           ^^^^^^^^^^^^^^^^^^^^^^^^^^^^^^^^^^^^^^^^^^^^^^^^^
  File "C:\Users\Lenovo\AppData\Local\Programs\Python\Python313\Lib\site-packages\starlette\concurrency.py", line 32, in run_in_threadpool
    return await anyio.to_thread.run_sync(func)
           ^^^^^^^^^^^^^^^^^^^^^^^^^^^^^^^^^^^^
  File "C:\Users\Lenovo\AppData\Local\Programs\Python\Python313\Lib\site-packages\anyio\to_thread.py", line 65, in run_sync
    return await get_async_backend().run_sync_in_worker_thread(
           ^^^^^^^^^^^^^^^^^^^^^^^^^^^^^^^^^^^^^^^^^^^^^^^^^^^^
        func, args, abandon_on_cancel=abandon_on_cancel, limiter=limiter
        ^^^^^^^^^^^^^^^^^^^^^^^^^^^^^^^^^^^^^^^^^^^^^^^^^^^^^^^^^^^^^^^^
    )
    ^
  File "C:\Users\Lenovo\AppData\Local\Programs\Python\Python313\Lib\site-packages\anyio\_backends\_asyncio.py", line 2641, in run_sync_in_worker_thread
    return await future
           ^^^^^^^^^^^^
  File "C:\Users\Lenovo\AppData\Local\Programs\Python\Python313\Lib\site-packages\anyio\_backends\_asyncio.py", line 1033, in run
    result = context.run(func, *args)
  File "C:\Users\Lenovo\Desktop\SAAS\MyntReal_Latest\backend\app\api\v1\endpoints\plivo_softphone_api.py", line 41, in get_browser_softphone_token
    return PlivoJWTService.generate_browser_token(
           ~~~~~~~~~~~~~~~~~~~~~~~~~~~~~~~~~~~~~~^
        db=db,
        ^^^^^^
        company_id=company_id,
        ^^^^^^^^^^^^^^^^^^^^^^
        staff=current_user
        ^^^^^^^^^^^^^^^^^^
    )
    ^
  File "C:\Users\Lenovo\Desktop\SAAS\MyntReal_Latest\backend\app\services\telephony\plivo_jwt_service.py", line 153, in generate_browser_token
    endpoint = cls.get_or_create_staff_endpoint(db, company_id, staff)
  File "C:\Users\Lenovo\Desktop\SAAS\MyntReal_Latest\backend\app\services\telephony\plivo_jwt_service.py", line 55, in get_or_create_staff_endpoint
    ).first()
      ~~~~~^^
  File "C:\Users\Lenovo\AppData\Local\Programs\Python\Python313\Lib\site-packages\sqlalchemy\orm\query.py", line 2759, in first
    return self.limit(1)._iter().first()  # type: ignore
           ~~~~~~~~~~~~~~~~~~~^^
  File "C:\Users\Lenovo\AppData\Local\Programs\Python\Python313\Lib\site-packages\sqlalchemy\orm\query.py", line 2857, in _iter
    result: Union[ScalarResult[_T], Result[_T]] = self.session.execute(
                                                  ~~~~~~~~~~~~~~~~~~~~^
        statement,
        ^^^^^^^^^^
        params,
        ^^^^^^^
        execution_options={"_sa_orm_load_options": self.load_options},
        ^^^^^^^^^^^^^^^^^^^^^^^^^^^^^^^^^^^^^^^^^^^^^^^^^^^^^^^^^^^^^^
    )
    ^
  File "C:\Users\Lenovo\AppData\Local\Programs\Python\Python313\Lib\site-packages\sqlalchemy\orm\session.py", line 2351, in execute
    return self._execute_internal(
           ~~~~~~~~~~~~~~~~~~~~~~^
        statement,
        ^^^^^^^^^^
    ...<4 lines>...
        _add_event=_add_event,
        ^^^^^^^^^^^^^^^^^^^^^^
    )
    ^
  File "C:\Users\Lenovo\AppData\Local\Programs\Python\Python313\Lib\site-packages\sqlalchemy\orm\session.py", line 2249, in _execute_internal
    result: Result[Any] = compile_state_cls.orm_execute_statement(
                          ~~~~~~~~~~~~~~~~~~~~~~~~~~~~~~~~~~~~~~~^
        self,
        ^^^^^
    ...<4 lines>...
        conn,
        ^^^^^
    )
    ^
  File "C:\Users\Lenovo\AppData\Local\Programs\Python\Python313\Lib\site-packages\sqlalchemy\orm\context.py", line 306, in orm_execute_statement
    result = conn.execute(
        statement, params or {}, execution_options=execution_options
    )
  File "C:\Users\Lenovo\AppData\Local\Programs\Python\Python313\Lib\site-packages\sqlalchemy\engine\base.py", line 1419, in execute
    return meth(
        self,
        distilled_parameters,
        execution_options or NO_OPTIONS,
    )
  File "C:\Users\Lenovo\AppData\Local\Programs\Python\Python313\Lib\site-packages\sqlalchemy\sql\elements.py", line 527, in _execute_on_connection
    return connection._execute_clauseelement(
           ~~~~~~~~~~~~~~~~~~~~~~~~~~~~~~~~~^
        self, distilled_params, execution_options
        ^^^^^^^^^^^^^^^^^^^^^^^^^^^^^^^^^^^^^^^^^
    )
    ^
  File "C:\Users\Lenovo\AppData\Local\Programs\Python\Python313\Lib\site-packages\sqlalchemy\engine\base.py", line 1641, in _execute_clauseelement
    ret = self._execute_context(
        dialect,
    ...<8 lines>...
        cache_hit=cache_hit,
    )
  File "C:\Users\Lenovo\AppData\Local\Programs\Python\Python313\Lib\site-packages\sqlalchemy\engine\base.py", line 1846, in _execute_context
    return self._exec_single_context(
           ~~~~~~~~~~~~~~~~~~~~~~~~~^
        dialect, context, statement, parameters
        ^^^^^^^^^^^^^^^^^^^^^^^^^^^^^^^^^^^^^^^
    )
    ^
  File "C:\Users\Lenovo\AppData\Local\Programs\Python\Python313\Lib\site-packages\sqlalchemy\engine\base.py", line 1986, in _exec_single_context
    self._handle_dbapi_exception(
    ~~~~~~~~~~~~~~~~~~~~~~~~~~~~^
        e, str_statement, effective_parameters, cursor, context
        ^^^^^^^^^^^^^^^^^^^^^^^^^^^^^^^^^^^^^^^^^^^^^^^^^^^^^^^
    )
    ^
  File "C:\Users\Lenovo\AppData\Local\Programs\Python\Python313\Lib\site-packages\sqlalchemy\engine\base.py", line 2363, in _handle_dbapi_exception
    raise sqlalchemy_exception.with_traceback(exc_info[2]) from e
  File "C:\Users\Lenovo\AppData\Local\Programs\Python\Python313\Lib\site-packages\sqlalchemy\engine\base.py", line 1967, in _exec_single_context
    self.dialect.do_execute(
    ~~~~~~~~~~~~~~~~~~~~~~~^
        cursor, str_statement, effective_parameters, context
        ^^^^^^^^^^^^^^^^^^^^^^^^^^^^^^^^^^^^^^^^^^^^^^^^^^^^
    )
    ^
  File "C:\Users\Lenovo\AppData\Local\Programs\Python\Python313\Lib\site-packages\sqlalchemy\engine\default.py", line 952, in do_execute
    cursor.execute(statement, parameters)
    ~~~~~~~~~~~~~~^^^^^^^^^^^^^^^^^^^^^^^
sqlalchemy.exc.OperationalError: (psycopg2.OperationalError) SSL connection has been closed unexpectedly

[SQL: SELECT telephony_plivo_endpoints.id AS telephony_plivo_endpoints_id, telephony_plivo_endpoints.company_id AS telephony_plivo_endpoints_company_id, telephony_plivo_endpoints.staff_id AS telephony_plivo_endpoints_staff_id, telephony_plivo_endpoints.plivo_endpoint_id AS telephony_plivo_endpoints_plivo_endpoint_id, telephony_plivo_endpoints.plivo_username AS telephony_plivo_endpoints_plivo_username, telephony_plivo_endpoints.plivo_alias AS telephony_plivo_endpoints_plivo_alias, telephony_plivo_endpoints.plivo_password_hash AS telephony_plivo_endpoints_plivo_password_hash, telephony_plivo_endpoints.is_registered AS telephony_plivo_endpoints_is_registered, telephony_plivo_endpoints.last_registered_at AS telephony_plivo_endpoints_last_registered_at, telephony_plivo_endpoints.created_at AS telephony_plivo_endpoints_created_at, telephony_plivo_endpoints.updated_at AS telephony_plivo_endpoints_updated_at 
FROM telephony_plivo_endpoints 
WHERE telephony_plivo_endpoints.company_id = %(company_id_1)s AND telephony_plivo_endpoints.staff_id = %(staff_id_1)s 
 LIMIT %(param_1)s]
[parameters: {'company_id_1': 4, 'staff_id_1': 1, 'param_1': 1}]
(Background on this error at: https://sqlalche.me/e/20/e3q8)

INFO:     127.0.0.1:63881 - "GET /api/v1/telephony/plivo/browser/token HTTP/1.1" 500 Internal Server Error
ERROR:app.core.scheduler_retry_dispatcher:[RETRY-DISPATCHER] Fatal error in retry dispatcher: (psycopg2.OperationalError) connection to server at "myntreal-database.c5gywaicq6zu.ap-south-2.rds.amazonaws.com" (16.112.74.247), port 5432 failed: timeout expired

(Background on this error at: https://sqlalche.me/e/20/e3q8)
ERROR:app.core.scheduler_retry_dispatcher:[RETRY-DISPATCHER] Fatal error in retry dispatcher: (psycopg2.OperationalError) connection to server at "myntreal-database.c5gywaicq6zu.ap-south-2.rds.amazonaws.com" (16.112.74.247), port 5432 failed: timeout expired

(Background on this error at: https://sqlalche.me/e/20/e3q8)
WARNING:app.api.v1.endpoints.crm_dialer:[DC_DIALER_WS] PG listener error (server closed the connection unexpectedly
	This probably means the server terminated abnormally
	before or while processing the request.
server closed the connection unexpectedly
	This probably means the server terminated abnormally
	before or while processing the request.
) — reconnecting in 5s
WARNING:app.api.v1.endpoints.crm_dialer:[DC_DIALER_WS] PG listener error (connection to server at "myntreal-database.c5gywaicq6zu.ap-south-2.rds.amazonaws.com" (16.112.74.247), port 5432 failed: timeout expired
) — reconnecting in 5s
WARNING:app.api.v1.endpoints.crm_dialer:[DC_DIALER_WS] PG listener error (connection to server at "myntreal-database.c5gywaicq6zu.ap-south-2.rds.amazonaws.com" (16.112.74.247), port 5432 failed: timeout expired
) — reconnecting in 5s
WARNING:app.api.v1.endpoints.crm_dialer:[DC_DIALER_WS] PG listener error (connection to server at "myntreal-database.c5gywaicq6zu.ap-south-2.rds.amazonaws.com" (16.112.74.247), port 5432 failed: timeout expired
) — reconnecting in 5s
WARNING:app.services.facebook_leads_service:Meta Graph API error [VALIDATION] status=400: (#10) User has insufficient privileges on the page.
WARNING:app.services.facebook_leads_service:Meta Graph API error [AUTHENTICATION] status=400: Unsupported get request. Object with ID '1005465332641372' does not exist, cannot be loaded due to missing permissions, or does not support this operation. Please read the Graph API documentation at https://developers.facebook.com/docs/graph-api
WARNING:app.services.facebook_leads_service:Meta Graph API error [AUTHENTICATION] status=400: Unsupported get request. Object with ID '1019684831223211' does not exist, cannot be loaded due to missing permissions, or does not support this operation. Please read the Graph API documentation at https://developers.facebook.com/docs/graph-api
WARNING:app.services.facebook_leads_service:Error checking lead existence for 2310513233122266: (psycopg2.OperationalError) SSL connection has been closed unexpectedly

[SQL: SELECT meta_leads_attribution.id AS meta_leads_attribution_id 
FROM meta_leads_attribution 
WHERE meta_leads_attribution.meta_lead_id IN (%(meta_lead_id_1_1)s, %(meta_lead_id_1_2)s, %(meta_lead_id_1_3)s) 
 LIMIT %(param_1)s]
[parameters: {'param_1': 1, 'meta_lead_id_1_1': '2310513233122266', 'meta_lead_id_1_2': 'l:2310513233122266', 'meta_lead_id_1_3': '2310513233122266'}]
(Background on this error at: https://sqlalche.me/e/20/e3q8)
WARNING:app.services.facebook_leads_service:Error checking lead existence for 1582929240198811: (psycopg2.OperationalError) SSL connection has been closed unexpectedly

[SQL: SELECT meta_leads_attribution.id AS meta_leads_attribution_id 
FROM meta_leads_attribution 
WHERE meta_leads_attribution.meta_lead_id IN (%(meta_lead_id_1_1)s, %(meta_lead_id_1_2)s, %(meta_lead_id_1_3)s) 
 LIMIT %(param_1)s]
[parameters: {'param_1': 1, 'meta_lead_id_1_1': '1582929240198811', 'meta_lead_id_1_2': 'l:1582929240198811', 'meta_lead_id_1_3': '1582929240198811'}]
(Background on this error at: https://sqlalche.me/e/20/e3q8)
WARNING:app.services.facebook_leads_service:Error checking lead existence for 1582929240198811: (psycopg2.OperationalError) connection to server at "myntreal-database.c5gywaicq6zu.ap-south-2.rds.amazonaws.com" (16.112.74.247), port 5432 failed: timeout expired

(Background on this error at: https://sqlalche.me/e/20/e3q8)
WARNING:app.services.facebook_leads_service:Error checking lead existence for 1979799203406793: (psycopg2.OperationalError) SSL connection has been closed unexpectedly

[SQL: SELECT meta_leads_attribution.id AS meta_leads_attribution_id 
FROM meta_leads_attribution 
WHERE meta_leads_attribution.meta_lead_id IN (%(meta_lead_id_1_1)s, %(meta_lead_id_1_2)s, %(meta_lead_id_1_3)s) 
 LIMIT %(param_1)s]
[parameters: {'param_1': 1, 'meta_lead_id_1_1': '1979799203406793', 'meta_lead_id_1_2': 'l:1979799203406793', 'meta_lead_id_1_3': '1979799203406793'}]
(Background on this error at: https://sqlalche.me/e/20/e3q8)
WARNING:app.services.facebook_leads_service:Error checking lead existence for 1979799203406793: (psycopg2.OperationalError) connection to server at "myntreal-database.c5gywaicq6zu.ap-south-2.rds.amazonaws.com" (16.112.74.247), port 5432 failed: timeout expired

(Background on this error at: https://sqlalche.me/e/20/e3q8)
WARNING:app.services.facebook_leads_service:Error checking lead existence for 1085006167356594: (psycopg2.OperationalError) SSL connection has been closed unexpectedly

[SQL: SELECT id FROM crm_leads WHERE source IN ('Online - M', 'Facebook Lead Ads', 'Social Media') AND (source_details LIKE %(p1)s OR source_details LIKE %(p2)s) LIMIT 1]
[parameters: {'p1': "%'lead_id': '1085006167356594'%", 'p2': "%'lead_id': 'l:1085006167356594'%"}]
(Background on this error at: https://sqlalche.me/e/20/e3q8)
WARNING:app.services.facebook_leads_service:Error checking lead existence for 1407985294871943: (psycopg2.OperationalError) SSL connection has been closed unexpectedly

[SQL: SELECT id FROM crm_leads WHERE source IN ('Online - M', 'Facebook Lead Ads', 'Social Media') AND (source_details LIKE %(p1)s OR source_details LIKE %(p2)s) LIMIT 1]
[parameters: {'p1': "%'lead_id': '1407985294871943'%", 'p2': "%'lead_id': 'l:1407985294871943'%"}]
(Background on this error at: https://sqlalche.me/e/20/e3q8)
WARNING:app.services.facebook_leads_service:Error checking lead existence for 1407985294871943: (psycopg2.OperationalError) connection to server at "myntreal-database.c5gywaicq6zu.ap-south-2.rds.amazonaws.com" (16.112.74.247), port 5432 failed: timeout expired

(Background on this error at: https://sqlalche.me/e/20/e3q8)
WARNING:app.services.facebook_leads_service:Error checking lead existence for 1587665726478082: (psycopg2.OperationalError) SSL connection has been closed unexpectedly

[SQL: SELECT id FROM crm_leads WHERE source IN ('Online - M', 'Facebook Lead Ads', 'Social Media') AND (source_details LIKE %(p1)s OR source_details LIKE %(p2)s) LIMIT 1]
[parameters: {'p1': "%'lead_id': '1587665726478082'%", 'p2': "%'lead_id': 'l:1587665726478082'%"}]
(Background on this error at: https://sqlalche.me/e/20/e3q8)
WARNING:app.services.facebook_leads_service:Error checking lead existence for 1587665726478082: (psycopg2.OperationalError) connection to server at "myntreal-database.c5gywaicq6zu.ap-south-2.rds.amazonaws.com" (16.112.74.247), port 5432 failed: timeout expired

(Background on this error at: https://sqlalche.me/e/20/e3q8)
WARNING:app.services.facebook_leads_service:Error querying meta_form_mappings for form 940528145175748: (psycopg2.OperationalError) SSL connection has been closed unexpectedly

[SQL: 
                    SELECT company_id, category_id, crm_segment, segment_tag, looking_for, is_active
                    FROM meta_form_mappings
                    WHERE form_id = %(fid)s AND is_active = TRUE
                ]
[parameters: {'fid': '940528145175748'}]
(Background on this error at: https://sqlalche.me/e/20/e3q8)
WARNING:app.services.facebook_leads_service:Error querying facebook_pages for page 894208310452980: Can't reconnect until invalid transaction is rolled back.  Please rollback() fully before proceeding (Background on this error at: https://sqlalche.me/e/20/8s2b)
WARNING:app.services.facebook_leads_service:Error checking lead existence for 1737993110739916: (psycopg2.OperationalError) SSL connection has been closed unexpectedly

[SQL: SELECT meta_leads_attribution.id AS meta_leads_attribution_id 
FROM meta_leads_attribution 
WHERE meta_leads_attribution.meta_lead_id IN (%(meta_lead_id_1_1)s, %(meta_lead_id_1_2)s, %(meta_lead_id_1_3)s) 
 LIMIT %(param_1)s]
[parameters: {'param_1': 1, 'meta_lead_id_1_1': '1737993110739916', 'meta_lead_id_1_2': 'l:1737993110739916', 'meta_lead_id_1_3': '1737993110739916'}]
(Background on this error at: https://sqlalche.me/e/20/e3q8)
WARNING:app.services.facebook_leads_service:Meta Graph API error [AUTHENTICATION] status=400: Unsupported get request. Object with ID '921784744346805' does not exist, cannot be loaded due to missing permissions, or does not support this operation. Please read the Graph API documentation at https://developers.facebook.com/docs/graph-api
WARNING:app.services.facebook_leads_service:Network error calling Meta Graph API: HTTPSConnectionPool(host='graph.facebook.com', port=443): Read timed out. (read timeout=20)
WARNING:app.services.facebook_leads_service:Error checking lead existence for 2356721351739033: (psycopg2.OperationalError) SSL connection has been closed unexpectedly

[SQL: SELECT meta_leads_attribution.id AS meta_leads_attribution_id 
FROM meta_leads_attribution 
WHERE meta_leads_attribution.meta_lead_id IN (%(meta_lead_id_1_1)s, %(meta_lead_id_1_2)s, %(meta_lead_id_1_3)s) 
 LIMIT %(param_1)s]
[parameters: {'param_1': 1, 'meta_lead_id_1_1': '2356721351739033', 'meta_lead_id_1_2': 'l:2356721351739033', 'meta_lead_id_1_3': '2356721351739033'}]
(Background on this error at: https://sqlalche.me/e/20/e3q8)
WARNING:app.services.facebook_leads_service:Error checking lead existence for 2356721351739033: (psycopg2.OperationalError) connection to server at "myntreal-database.c5gywaicq6zu.ap-south-2.rds.amazonaws.com" (16.112.74.247), port 5432 failed: timeout expired

(Background on this error at: https://sqlalche.me/e/20/e3q8)
WARNING:app.services.facebook_leads_service:Error querying meta_form_mappings for form 1596737462160734: (psycopg2.OperationalError) connection to server at "myntreal-database.c5gywaicq6zu.ap-south-2.rds.amazonaws.com" (16.112.74.247), port 5432 failed: timeout expired

(Background on this error at: https://sqlalche.me/e/20/e3q8)
WARNING:app.services.facebook_leads_service:Error querying facebook_pages for page 442395068958730: (psycopg2.OperationalError) connection to server at "myntreal-database.c5gywaicq6zu.ap-south-2.rds.amazonaws.com" (16.112.74.247), port 5432 failed: timeout expired

(Background on this error at: https://sqlalche.me/e/20/e3q8)
INFO:     127.0.0.1:51023 - "GET /api/v1/health HTTP/1.1" 200 OK
ERROR:app.core.scheduler_retry_dispatcher:[RETRY-DISPATCHER] Fatal error in retry dispatcher: (psycopg2.OperationalError) connection to server at "myntreal-database.c5gywaicq6zu.ap-south-2.rds.amazonaws.com" (16.112.74.247), port 5432 failed: timeout expired

(Background on this error at: https://sqlalche.me/e/20/e3q8)
WARNING:app.services.facebook_leads_service:Error checking lead existence for 1100755239332476: (psycopg2.OperationalError) connection to server at "myntreal-database.c5gywaicq6zu.ap-south-2.rds.amazonaws.com" (16.112.74.247), port 5432 failed: timeout expired

(Background on this error at: https://sqlalche.me/e/20/e3q8)
INFO:     127.0.0.1:51027 - "GET /api/v1/platform-b2b/modules HTTP/1.1" 401 Unauthorized
WARNING:app.services.facebook_leads_service:Error checking lead existence for 26791680980530347: (psycopg2.OperationalError) SSL connection has been closed unexpectedly

[SQL: SELECT meta_leads_attribution.id AS meta_leads_attribution_id 
FROM meta_leads_attribution 
WHERE meta_leads_attribution.meta_lead_id IN (%(meta_lead_id_1_1)s, %(meta_lead_id_1_2)s, %(meta_lead_id_1_3)s) 
 LIMIT %(param_1)s]
[parameters: {'param_1': 1, 'meta_lead_id_1_1': '26791680980530347', 'meta_lead_id_1_2': 'l:26791680980530347', 'meta_lead_id_1_3': '26791680980530347'}]
(Background on this error at: https://sqlalche.me/e/20/e3q8)
WARNING:app.services.facebook_leads_service:Error checking lead existence for 26791680980530347: (psycopg2.OperationalError) connection to server at "myntreal-database.c5gywaicq6zu.ap-south-2.rds.amazonaws.com" (16.112.74.247), port 5432 failed: timeout expired

(Background on this error at: https://sqlalche.me/e/20/e3q8)
WARNING:app.services.facebook_leads_service:Error querying meta_form_mappings for form 1596737462160734: (psycopg2.OperationalError) connection to server at "myntreal-database.c5gywaicq6zu.ap-south-2.rds.amazonaws.com" (16.112.74.247), port 5432 failed: timeout expired

(Background on this error at: https://sqlalche.me/e/20/e3q8)
WARNING:app.services.facebook_leads_service:Error querying facebook_pages for page 442395068958730: (psycopg2.OperationalError) connection to server at "myntreal-database.c5gywaicq6zu.ap-south-2.rds.amazonaws.com" (16.112.74.247), port 5432 failed: timeout expired

(Background on this error at: https://sqlalche.me/e/20/e3q8)
WARNING:app.services.facebook_leads_service:Error checking lead existence for 2663447250770993: (psycopg2.OperationalError) SSL connection has been closed unexpectedly

[SQL: SELECT meta_leads_attribution.id AS meta_leads_attribution_id 
FROM meta_leads_attribution 
WHERE meta_leads_attribution.meta_lead_id IN (%(meta_lead_id_1_1)s, %(meta_lead_id_1_2)s, %(meta_lead_id_1_3)s) 
 LIMIT %(param_1)s]
[parameters: {'param_1': 1, 'meta_lead_id_1_1': '2663447250770993', 'meta_lead_id_1_2': 'l:2663447250770993', 'meta_lead_id_1_3': '2663447250770993'}]
(Background on this error at: https://sqlalche.me/e/20/e3q8)
WARNING:app.services.facebook_leads_service:Error checking lead existence for 2088791915055704: (psycopg2.OperationalError) SSL connection has been closed unexpectedly

[SQL: SELECT meta_leads_attribution.id AS meta_leads_attribution_id 
FROM meta_leads_attribution 
WHERE meta_leads_attribution.meta_lead_id IN (%(meta_lead_id_1_1)s, %(meta_lead_id_1_2)s, %(meta_lead_id_1_3)s) 
 LIMIT %(param_1)s]
[parameters: {'param_1': 1, 'meta_lead_id_1_1': '2088791915055704', 'meta_lead_id_1_2': 'l:2088791915055704', 'meta_lead_id_1_3': '2088791915055704'}]
(Background on this error at: https://sqlalche.me/e/20/e3q8)
INFO:     connection closed
INFO:     127.0.0.1:51152 - "WebSocket /api/v1/crm/ws/dialer/sync?token=eyJhbGciOiJIUzI1NiIsInR5cCI6IkpXVCJ9.eyJzdWIiOiIxIiwiZW1wX2NvZGUiOiJNUjEwMDAxIiwiZW1haWwiOiJhZG1pbkBteW50cmVhbC5jb20iLCJyb2xlIjoidmdrNHUiLCJzdGFmZl90eXBlIjoiVkdLNFUiLCJhZG1pbl9zY29wZSI6IlBMQVRGT1JNIiwiYmFzZV9jb21wYW55X2lkIjo0LCJ0ZW5hbnRfaWQiOjEsInRva2VuX3ZlcnNpb24iOjEsInRlYW1fdGFnIjpudWxsLCJ1c2VyX3R5cGUiOiJzdGFmZiIsImV4cCI6MTc5MDkwMTMxMX0.99JLVGiuLElMBHzOCXEWuWOaOQah3HpaAYRTPnntpL8" [accepted]
INFO:     connection open
ERROR:app.core.exceptions:SQLAlchemy Error on GET /api/v1/community-services/public/active-headers: SSL connection has been closed unexpectedly

ERROR:app.core.exceptions:Full traceback: Traceback (most recent call last):
  File "C:\Users\Lenovo\AppData\Local\Programs\Python\Python313\Lib\site-packages\sqlalchemy\engine\base.py", line 1967, in _exec_single_context
    self.dialect.do_execute(
    ~~~~~~~~~~~~~~~~~~~~~~~^
        cursor, str_statement, effective_parameters, context
        ^^^^^^^^^^^^^^^^^^^^^^^^^^^^^^^^^^^^^^^^^^^^^^^^^^^^
    )
    ^
  File "C:\Users\Lenovo\AppData\Local\Programs\Python\Python313\Lib\site-packages\sqlalchemy\engine\default.py", line 952, in do_execute
    cursor.execute(statement, parameters)
    ~~~~~~~~~~~~~~^^^^^^^^^^^^^^^^^^^^^^^
psycopg2.OperationalError: SSL connection has been closed unexpectedly


The above exception was the direct cause of the following exception:

Traceback (most recent call last):
  File "C:\Users\Lenovo\AppData\Local\Programs\Python\Python313\Lib\site-packages\starlette\_exception_handler.py", line 42, in wrapped_app
    await app(scope, receive, sender)
  File "C:\Users\Lenovo\AppData\Local\Programs\Python\Python313\Lib\site-packages\fastapi\routing.py", line 105, in app
    response = await f(request)
               ^^^^^^^^^^^^^^^^
  File "C:\Users\Lenovo\AppData\Local\Programs\Python\Python313\Lib\site-packages\fastapi\routing.py", line 426, in app
    raw_response = await run_endpoint_function(
                   ^^^^^^^^^^^^^^^^^^^^^^^^^^^^
    ...<3 lines>...
    )
    ^
  File "C:\Users\Lenovo\AppData\Local\Programs\Python\Python313\Lib\site-packages\fastapi\routing.py", line 314, in run_endpoint_function
    return await run_in_threadpool(dependant.call, **values)
           ^^^^^^^^^^^^^^^^^^^^^^^^^^^^^^^^^^^^^^^^^^^^^^^^^
  File "C:\Users\Lenovo\AppData\Local\Programs\Python\Python313\Lib\site-packages\starlette\concurrency.py", line 32, in run_in_threadpool
    return await anyio.to_thread.run_sync(func)
           ^^^^^^^^^^^^^^^^^^^^^^^^^^^^^^^^^^^^
  File "C:\Users\Lenovo\AppData\Local\Programs\Python\Python313\Lib\site-packages\anyio\to_thread.py", line 65, in run_sync
    return await get_async_backend().run_sync_in_worker_thread(
           ^^^^^^^^^^^^^^^^^^^^^^^^^^^^^^^^^^^^^^^^^^^^^^^^^^^^
        func, args, abandon_on_cancel=abandon_on_cancel, limiter=limiter
        ^^^^^^^^^^^^^^^^^^^^^^^^^^^^^^^^^^^^^^^^^^^^^^^^^^^^^^^^^^^^^^^^
    )
    ^
  File "C:\Users\Lenovo\AppData\Local\Programs\Python\Python313\Lib\site-packages\anyio\_backends\_asyncio.py", line 2641, in run_sync_in_worker_thread
    return await future
           ^^^^^^^^^^^^
  File "C:\Users\Lenovo\AppData\Local\Programs\Python\Python313\Lib\site-packages\anyio\_backends\_asyncio.py", line 1033, in run
    result = context.run(func, *args)
  File "C:\Users\Lenovo\Desktop\SAAS\MyntReal_Latest\backend\app\api\v1\endpoints\community_services.py", line 64, in get_active_headers
    ).count()
      ~~~~~^^
  File "C:\Users\Lenovo\AppData\Local\Programs\Python\Python313\Lib\site-packages\sqlalchemy\orm\query.py", line 3146, in count
    self._legacy_from_self(col).enable_eagerloads(False).scalar()
    ~~~~~~~~~~~~~~~~~~~~~~~~~~~~~~~~~~~~~~~~~~~~~~~~~~~~~~~~~~~^^
  File "C:\Users\Lenovo\AppData\Local\Programs\Python\Python313\Lib\site-packages\sqlalchemy\orm\query.py", line 2835, in scalar
    ret = self.one()
  File "C:\Users\Lenovo\AppData\Local\Programs\Python\Python313\Lib\site-packages\sqlalchemy\orm\query.py", line 2808, in one
    return self._iter().one()  # type: ignore
           ~~~~~~~~~~^^
  File "C:\Users\Lenovo\AppData\Local\Programs\Python\Python313\Lib\site-packages\sqlalchemy\orm\query.py", line 2857, in _iter
    result: Union[ScalarResult[_T], Result[_T]] = self.session.execute(
                                                  ~~~~~~~~~~~~~~~~~~~~^
        statement,
        ^^^^^^^^^^
        params,
        ^^^^^^^
        execution_options={"_sa_orm_load_options": self.load_options},
        ^^^^^^^^^^^^^^^^^^^^^^^^^^^^^^^^^^^^^^^^^^^^^^^^^^^^^^^^^^^^^^
    )
    ^
  File "C:\Users\Lenovo\AppData\Local\Programs\Python\Python313\Lib\site-packages\sqlalchemy\orm\session.py", line 2351, in execute
    return self._execute_internal(
           ~~~~~~~~~~~~~~~~~~~~~~^
        statement,
        ^^^^^^^^^^
    ...<4 lines>...
        _add_event=_add_event,
        ^^^^^^^^^^^^^^^^^^^^^^
    )
    ^
  File "C:\Users\Lenovo\AppData\Local\Programs\Python\Python313\Lib\site-packages\sqlalchemy\orm\session.py", line 2249, in _execute_internal
    result: Result[Any] = compile_state_cls.orm_execute_statement(
                          ~~~~~~~~~~~~~~~~~~~~~~~~~~~~~~~~~~~~~~~^
        self,
        ^^^^^
    ...<4 lines>...
        conn,
        ^^^^^
    )
    ^
  File "C:\Users\Lenovo\AppData\Local\Programs\Python\Python313\Lib\site-packages\sqlalchemy\orm\context.py", line 306, in orm_execute_statement
    result = conn.execute(
        statement, params or {}, execution_options=execution_options
    )
  File "C:\Users\Lenovo\AppData\Local\Programs\Python\Python313\Lib\site-packages\sqlalchemy\engine\base.py", line 1419, in execute
    return meth(
        self,
        distilled_parameters,
        execution_options or NO_OPTIONS,
    )
  File "C:\Users\Lenovo\AppData\Local\Programs\Python\Python313\Lib\site-packages\sqlalchemy\sql\elements.py", line 527, in _execute_on_connection
    return connection._execute_clauseelement(
           ~~~~~~~~~~~~~~~~~~~~~~~~~~~~~~~~~^
        self, distilled_params, execution_options
        ^^^^^^^^^^^^^^^^^^^^^^^^^^^^^^^^^^^^^^^^^
    )
    ^
  File "C:\Users\Lenovo\AppData\Local\Programs\Python\Python313\Lib\site-packages\sqlalchemy\engine\base.py", line 1641, in _execute_clauseelement
    ret = self._execute_context(
        dialect,
    ...<8 lines>...
        cache_hit=cache_hit,
    )
  File "C:\Users\Lenovo\AppData\Local\Programs\Python\Python313\Lib\site-packages\sqlalchemy\engine\base.py", line 1846, in _execute_context
    return self._exec_single_context(
           ~~~~~~~~~~~~~~~~~~~~~~~~~^
        dialect, context, statement, parameters
        ^^^^^^^^^^^^^^^^^^^^^^^^^^^^^^^^^^^^^^^
    )
    ^
  File "C:\Users\Lenovo\AppData\Local\Programs\Python\Python313\Lib\site-packages\sqlalchemy\engine\base.py", line 1986, in _exec_single_context
    self._handle_dbapi_exception(
    ~~~~~~~~~~~~~~~~~~~~~~~~~~~~^
        e, str_statement, effective_parameters, cursor, context
        ^^^^^^^^^^^^^^^^^^^^^^^^^^^^^^^^^^^^^^^^^^^^^^^^^^^^^^^
    )
    ^
  File "C:\Users\Lenovo\AppData\Local\Programs\Python\Python313\Lib\site-packages\sqlalchemy\engine\base.py", line 2363, in _handle_dbapi_exception
    raise sqlalchemy_exception.with_traceback(exc_info[2]) from e
  File "C:\Users\Lenovo\AppData\Local\Programs\Python\Python313\Lib\site-packages\sqlalchemy\engine\base.py", line 1967, in _exec_single_context
    self.dialect.do_execute(
    ~~~~~~~~~~~~~~~~~~~~~~~^
        cursor, str_statement, effective_parameters, context
        ^^^^^^^^^^^^^^^^^^^^^^^^^^^^^^^^^^^^^^^^^^^^^^^^^^^^
    )
    ^
  File "C:\Users\Lenovo\AppData\Local\Programs\Python\Python313\Lib\site-packages\sqlalchemy\engine\default.py", line 952, in do_execute
    cursor.execute(statement, parameters)
    ~~~~~~~~~~~~~~^^^^^^^^^^^^^^^^^^^^^^^
sqlalchemy.exc.OperationalError: (psycopg2.OperationalError) SSL connection has been closed unexpectedly

[SQL: SELECT count(*) AS count_1 
FROM (SELECT community_registrations.id AS community_registrations_id, community_registrations.community_service_id AS community_registrations_community_service_id, community_registrations.submission_date AS community_registrations_submission_date, community_registrations.association_name AS community_registrations_association_name, community_registrations.primary_name AS community_registrations_primary_name, community_registrations.primary_phone_1 AS community_registrations_primary_phone_1, community_registrations.primary_phone_2 AS community_registrations_primary_phone_2, community_registrations.secondary_name AS community_registrations_secondary_name, community_registrations.secondary_phone_1 AS community_registrations_secondary_phone_1, community_registrations.secondary_phone_2 AS community_registrations_secondary_phone_2, community_registrations.area AS community_registrations_area, community_registrations.pin_code AS community_registrations_pin_code, community_registrations.district AS community_registrations_district, community_registrations.state AS community_registrations_state, community_registrations.ref1_member_id AS community_registrations_ref1_member_id, community_registrations.ref2_member_id AS community_registrations_ref2_member_id, community_registrations.referral_type AS community_registrations_referral_type, community_registrations.referral_code AS community_registrations_referral_code, community_registrations.kyc_uploads AS community_registrations_kyc_uploads, community_registrations.status AS community_registrations_status, community_registrations.user_id AS community_registrations_user_id, community_registrations.google_location AS community_registrations_google_location, community_registrations.application_no AS community_registrations_application_no, community_registrations.assembly_constituency AS community_registrations_assembly_constituency, community_registrations.president_name AS community_registrations_president_name, community_registrations.president_phone AS community_registrations_president_phone, community_registrations.secretary_name AS community_registrations_secretary_name, community_registrations.secretary_phone AS community_registrations_secretary_phone, community_registrations.treasurer_name AS community_registrations_treasurer_name, community_registrations.treasurer_phone AS community_registrations_treasurer_phone, community_registrations.mandap_location AS community_registrations_mandap_location, community_registrations.location_category AS community_registrations_location_category, community_registrations.location_owner_details AS community_registrations_location_owner_details, community_registrations.idol_height AS community_registrations_idol_height, community_registrations.idol_photo AS community_registrations_idol_photo, community_registrations.utsav_start_date AS community_registrations_utsav_start_date, community_registrations.utsav_end_date AS community_registrations_utsav_end_date, community_registrations.visarjan_date AS community_registrations_visarjan_date, community_registrations.visarjan_time AS community_registrations_visarjan_time, community_registrations.visarjan_phone AS community_registrations_visarjan_phone, community_registrations.mandap_volunteers AS community_registrations_mandap_volunteers, community_registrations.cultural_programs AS community_registrations_cultural_programs, community_registrations.sound_system_details AS community_registrations_sound_system_details, community_registrations.latitude AS community_registrations_latitude, community_registrations.longitude AS community_registrations_longitude, community_registrations.formatted_address AS community_registrations_formatted_address, community_registrations.applicant_signature AS community_registrations_applicant_signature, community_registrations.registered_from AS community_registrations_registered_from, community_registrations.landmark AS community_registrations_landmark, community_registrations.created_at AS community_registrations_created_at, community_registrations.updated_at AS community_registrations_updated_at 
FROM community_registrations 
WHERE community_registrations.status = %(status_1)s) AS anon_1]
[parameters: {'status_1': 'APPROVED'}]
(Background on this error at: https://sqlalche.me/e/20/e3q8)

INFO:     127.0.0.1:64553 - "GET /api/v1/community-services/public/active-headers HTTP/1.1" 500 Internal Server Error
ERROR:app.api.v1.endpoints.staff_auth:[STAFF-AUTH-DB] Database dependency unavailable during authentication: (psycopg2.OperationalError) connection to server at "myntreal-database.c5gywaicq6zu.ap-south-2.rds.amazonaws.com" (16.112.74.247), port 5432 failed: timeout expired

(Background on this error at: https://sqlalche.me/e/20/e3q8)
INFO:     127.0.0.1:64552 - "GET /api/v1/staff/accounts/companies?status_filter=ALL&page_size=100 HTTP/1.1" 503 Service Unavailable
ERROR:app.api.v1.endpoints.staff_auth:[STAFF-AUTH-DB] Database dependency unavailable during authentication: (psycopg2.OperationalError) connection to server at "myntreal-database.c5gywaicq6zu.ap-south-2.rds.amazonaws.com" (16.112.74.247), port 5432 failed: timeout expired

(Background on this error at: https://sqlalche.me/e/20/e3q8)
ERROR:app.core.exceptions:SQLAlchemy Error on GET /api/v1/community-services/public/active-headers: connection to server at "myntreal-database.c5gywaicq6zu.ap-south-2.rds.amazonaws.com" (16.112.74.247), port 5432 failed: timeout expired

ERROR:app.core.exceptions:Full traceback: Traceback (most recent call last):
  File "C:\Users\Lenovo\AppData\Local\Programs\Python\Python313\Lib\site-packages\sqlalchemy\engine\base.py", line 143, in __init__
    self._dbapi_connection = engine.raw_connection()
                             ~~~~~~~~~~~~~~~~~~~~~^^
  File "C:\Users\Lenovo\AppData\Local\Programs\Python\Python313\Lib\site-packages\sqlalchemy\engine\base.py", line 3309, in raw_connection
    return self.pool.connect()
           ~~~~~~~~~~~~~~~~~^^
  File "C:\Users\Lenovo\AppData\Local\Programs\Python\Python313\Lib\site-packages\sqlalchemy\pool\base.py", line 447, in connect
    return _ConnectionFairy._checkout(self)
           ~~~~~~~~~~~~~~~~~~~~~~~~~~^^^^^^
  File "C:\Users\Lenovo\AppData\Local\Programs\Python\Python313\Lib\site-packages\sqlalchemy\pool\base.py", line 1264, in _checkout
    fairy = _ConnectionRecord.checkout(pool)
  File "C:\Users\Lenovo\AppData\Local\Programs\Python\Python313\Lib\site-packages\sqlalchemy\pool\base.py", line 716, in checkout
    with util.safe_reraise():
         ~~~~~~~~~~~~~~~~~^^
  File "C:\Users\Lenovo\AppData\Local\Programs\Python\Python313\Lib\site-packages\sqlalchemy\util\langhelpers.py", line 224, in __exit__
    raise exc_value.with_traceback(exc_tb)
  File "C:\Users\Lenovo\AppData\Local\Programs\Python\Python313\Lib\site-packages\sqlalchemy\pool\base.py", line 714, in checkout
    dbapi_connection = rec.get_connection()
  File "C:\Users\Lenovo\AppData\Local\Programs\Python\Python313\Lib\site-packages\sqlalchemy\pool\base.py", line 865, in get_connection
    self.__connect()
    ~~~~~~~~~~~~~~^^
  File "C:\Users\Lenovo\AppData\Local\Programs\Python\Python313\Lib\site-packages\sqlalchemy\pool\base.py", line 899, in __connect
    with util.safe_reraise():
         ~~~~~~~~~~~~~~~~~^^
  File "C:\Users\Lenovo\AppData\Local\Programs\Python\Python313\Lib\site-packages\sqlalchemy\util\langhelpers.py", line 224, in __exit__
    raise exc_value.with_traceback(exc_tb)
  File "C:\Users\Lenovo\AppData\Local\Programs\Python\Python313\Lib\site-packages\sqlalchemy\pool\base.py", line 895, in __connect
    self.dbapi_connection = connection = pool._invoke_creator(self)
                                         ~~~~~~~~~~~~~~~~~~~~^^^^^^
  File "C:\Users\Lenovo\AppData\Local\Programs\Python\Python313\Lib\site-packages\sqlalchemy\engine\create.py", line 661, in connect
    return dialect.connect(*cargs, **cparams)
           ~~~~~~~~~~~~~~~^^^^^^^^^^^^^^^^^^^
  File "C:\Users\Lenovo\AppData\Local\Programs\Python\Python313\Lib\site-packages\sqlalchemy\engine\default.py", line 630, in connect
    return self.loaded_dbapi.connect(*cargs, **cparams)  # type: ignore[no-any-return]  # NOQA: E501
           ~~~~~~~~~~~~~~~~~~~~~~~~~^^^^^^^^^^^^^^^^^^^
  File "C:\Users\Lenovo\AppData\Local\Programs\Python\Python313\Lib\site-packages\psycopg2\__init__.py", line 135, in connect
    conn = _connect(dsn, connection_factory=connection_factory, **kwasync)
psycopg2.OperationalError: connection to server at "myntreal-database.c5gywaicq6zu.ap-south-2.rds.amazonaws.com" (16.112.74.247), port 5432 failed: timeout expired


The above exception was the direct cause of the following exception:

Traceback (most recent call last):
  File "C:\Users\Lenovo\AppData\Local\Programs\Python\Python313\Lib\site-packages\starlette\_exception_handler.py", line 42, in wrapped_app
    await app(scope, receive, sender)
  File "C:\Users\Lenovo\AppData\Local\Programs\Python\Python313\Lib\site-packages\fastapi\routing.py", line 105, in app
    response = await f(request)
               ^^^^^^^^^^^^^^^^
  File "C:\Users\Lenovo\AppData\Local\Programs\Python\Python313\Lib\site-packages\fastapi\routing.py", line 426, in app
    raw_response = await run_endpoint_function(
                   ^^^^^^^^^^^^^^^^^^^^^^^^^^^^
    ...<3 lines>...
    )
    ^
  File "C:\Users\Lenovo\AppData\Local\Programs\Python\Python313\Lib\site-packages\fastapi\routing.py", line 314, in run_endpoint_function
    return await run_in_threadpool(dependant.call, **values)
           ^^^^^^^^^^^^^^^^^^^^^^^^^^^^^^^^^^^^^^^^^^^^^^^^^
  File "C:\Users\Lenovo\AppData\Local\Programs\Python\Python313\Lib\site-packages\starlette\concurrency.py", line 32, in run_in_threadpool
    return await anyio.to_thread.run_sync(func)
           ^^^^^^^^^^^^^^^^^^^^^^^^^^^^^^^^^^^^
  File "C:\Users\Lenovo\AppData\Local\Programs\Python\Python313\Lib\site-packages\anyio\to_thread.py", line 65, in run_sync
    return await get_async_backend().run_sync_in_worker_thread(
           ^^^^^^^^^^^^^^^^^^^^^^^^^^^^^^^^^^^^^^^^^^^^^^^^^^^^
        func, args, abandon_on_cancel=abandon_on_cancel, limiter=limiter
        ^^^^^^^^^^^^^^^^^^^^^^^^^^^^^^^^^^^^^^^^^^^^^^^^^^^^^^^^^^^^^^^^
    )
    ^
  File "C:\Users\Lenovo\AppData\Local\Programs\Python\Python313\Lib\site-packages\anyio\_backends\_asyncio.py", line 2641, in run_sync_in_worker_thread
    return await future
           ^^^^^^^^^^^^
  File "C:\Users\Lenovo\AppData\Local\Programs\Python\Python313\Lib\site-packages\anyio\_backends\_asyncio.py", line 1033, in run
    result = context.run(func, *args)
  File "C:\Users\Lenovo\Desktop\SAAS\MyntReal_Latest\backend\app\api\v1\endpoints\community_services.py", line 55, in get_active_headers
    ).all()
      ~~~^^
  File "C:\Users\Lenovo\AppData\Local\Programs\Python\Python313\Lib\site-packages\sqlalchemy\orm\query.py", line 2704, in all
    return self._iter().all()  # type: ignore
           ~~~~~~~~~~^^
  File "C:\Users\Lenovo\AppData\Local\Programs\Python\Python313\Lib\site-packages\sqlalchemy\orm\query.py", line 2857, in _iter
    result: Union[ScalarResult[_T], Result[_T]] = self.session.execute(
                                                  ~~~~~~~~~~~~~~~~~~~~^
        statement,
        ^^^^^^^^^^
        params,
        ^^^^^^^
        execution_options={"_sa_orm_load_options": self.load_options},
        ^^^^^^^^^^^^^^^^^^^^^^^^^^^^^^^^^^^^^^^^^^^^^^^^^^^^^^^^^^^^^^
    )
    ^
  File "C:\Users\Lenovo\AppData\Local\Programs\Python\Python313\Lib\site-packages\sqlalchemy\orm\session.py", line 2351, in execute
    return self._execute_internal(
           ~~~~~~~~~~~~~~~~~~~~~~^
        statement,
        ^^^^^^^^^^
    ...<4 lines>...
        _add_event=_add_event,
        ^^^^^^^^^^^^^^^^^^^^^^
    )
    ^
  File "C:\Users\Lenovo\AppData\Local\Programs\Python\Python313\Lib\site-packages\sqlalchemy\orm\session.py", line 2239, in _execute_internal
    conn = self._connection_for_bind(bind)
  File "C:\Users\Lenovo\AppData\Local\Programs\Python\Python313\Lib\site-packages\sqlalchemy\orm\session.py", line 2108, in _connection_for_bind
    return trans._connection_for_bind(engine, execution_options)
           ~~~~~~~~~~~~~~~~~~~~~~~~~~^^^^^^^^^^^^^^^^^^^^^^^^^^^
  File "<string>", line 2, in _connection_for_bind
  File "C:\Users\Lenovo\AppData\Local\Programs\Python\Python313\Lib\site-packages\sqlalchemy\orm\state_changes.py", line 137, in _go
    ret_value = fn(self, *arg, **kw)
  File "C:\Users\Lenovo\AppData\Local\Programs\Python\Python313\Lib\site-packages\sqlalchemy\orm\session.py", line 1187, in _connection_for_bind
    conn = bind.connect()
  File "C:\Users\Lenovo\AppData\Local\Programs\Python\Python313\Lib\site-packages\sqlalchemy\engine\base.py", line 3285, in connect
    return self._connection_cls(self)
           ~~~~~~~~~~~~~~~~~~~~^^^^^^
  File "C:\Users\Lenovo\AppData\Local\Programs\Python\Python313\Lib\site-packages\sqlalchemy\engine\base.py", line 145, in __init__
    Connection._handle_dbapi_exception_noconnection(
    ~~~~~~~~~~~~~~~~~~~~~~~~~~~~~~~~~~~~~~~~~~~~~~~^
        err, dialect, engine
        ^^^^^^^^^^^^^^^^^^^^
    )
    ^
  File "C:\Users\Lenovo\AppData\Local\Programs\Python\Python313\Lib\site-packages\sqlalchemy\engine\base.py", line 2448, in _handle_dbapi_exception_noconnection
    raise sqlalchemy_exception.with_traceback(exc_info[2]) from e
  File "C:\Users\Lenovo\AppData\Local\Programs\Python\Python313\Lib\site-packages\sqlalchemy\engine\base.py", line 143, in __init__
    self._dbapi_connection = engine.raw_connection()
                             ~~~~~~~~~~~~~~~~~~~~~^^
  File "C:\Users\Lenovo\AppData\Local\Programs\Python\Python313\Lib\site-packages\sqlalchemy\engine\base.py", line 3309, in raw_connection
    return self.pool.connect()
           ~~~~~~~~~~~~~~~~~^^
  File "C:\Users\Lenovo\AppData\Local\Programs\Python\Python313\Lib\site-packages\sqlalchemy\pool\base.py", line 447, in connect
    return _ConnectionFairy._checkout(self)
           ~~~~~~~~~~~~~~~~~~~~~~~~~~^^^^^^
  File "C:\Users\Lenovo\AppData\Local\Programs\Python\Python313\Lib\site-packages\sqlalchemy\pool\base.py", line 1264, in _checkout
    fairy = _ConnectionRecord.checkout(pool)
  File "C:\Users\Lenovo\AppData\Local\Programs\Python\Python313\Lib\site-packages\sqlalchemy\pool\base.py", line 716, in checkout
    with util.safe_reraise():
         ~~~~~~~~~~~~~~~~~^^
  File "C:\Users\Lenovo\AppData\Local\Programs\Python\Python313\Lib\site-packages\sqlalchemy\util\langhelpers.py", line 224, in __exit__
    raise exc_value.with_traceback(exc_tb)
  File "C:\Users\Lenovo\AppData\Local\Programs\Python\Python313\Lib\site-packages\sqlalchemy\pool\base.py", line 714, in checkout
    dbapi_connection = rec.get_connection()
  File "C:\Users\Lenovo\AppData\Local\Programs\Python\Python313\Lib\site-packages\sqlalchemy\pool\base.py", line 865, in get_connection
    self.__connect()
    ~~~~~~~~~~~~~~^^
  File "C:\Users\Lenovo\AppData\Local\Programs\Python\Python313\Lib\site-packages\sqlalchemy\pool\base.py", line 899, in __connect
    with util.safe_reraise():
         ~~~~~~~~~~~~~~~~~^^
  File "C:\Users\Lenovo\AppData\Local\Programs\Python\Python313\Lib\site-packages\sqlalchemy\util\langhelpers.py", line 224, in __exit__
    raise exc_value.with_traceback(exc_tb)
  File "C:\Users\Lenovo\AppData\Local\Programs\Python\Python313\Lib\site-packages\sqlalchemy\pool\base.py", line 895, in __connect
    self.dbapi_connection = connection = pool._invoke_creator(self)
                                         ~~~~~~~~~~~~~~~~~~~~^^^^^^
  File "C:\Users\Lenovo\AppData\Local\Programs\Python\Python313\Lib\site-packages\sqlalchemy\engine\create.py", line 661, in connect
    return dialect.connect(*cargs, **cparams)
           ~~~~~~~~~~~~~~~^^^^^^^^^^^^^^^^^^^
  File "C:\Users\Lenovo\AppData\Local\Programs\Python\Python313\Lib\site-packages\sqlalchemy\engine\default.py", line 630, in connect
    return self.loaded_dbapi.connect(*cargs, **cparams)  # type: ignore[no-any-return]  # NOQA: E501
           ~~~~~~~~~~~~~~~~~~~~~~~~~^^^^^^^^^^^^^^^^^^^
  File "C:\Users\Lenovo\AppData\Local\Programs\Python\Python313\Lib\site-packages\psycopg2\__init__.py", line 135, in connect
    conn = _connect(dsn, connection_factory=connection_factory, **kwasync)
sqlalchemy.exc.OperationalError: (psycopg2.OperationalError) connection to server at "myntreal-database.c5gywaicq6zu.ap-south-2.rds.amazonaws.com" (16.112.74.247), port 5432 failed: timeout expired

(Background on this error at: https://sqlalche.me/e/20/e3q8)

INFO:     127.0.0.1:53398 - "GET /api/v1/community-services/public/active-headers HTTP/1.1" 500 Internal Server Error
INFO:     127.0.0.1:51153 - "GET /api/v1/telephony/plivo/browser/token HTTP/1.1" 503 Service Unavailable
WARNING:app.services.facebook_leads_service:Error checking lead existence for 2954492598216430: (psycopg2.OperationalError) SSL connection has been closed unexpectedly

[SQL: SELECT meta_leads_attribution.id AS meta_leads_attribution_id 
FROM meta_leads_attribution 
WHERE meta_leads_attribution.meta_lead_id IN (%(meta_lead_id_1_1)s, %(meta_lead_id_1_2)s, %(meta_lead_id_1_3)s) 
 LIMIT %(param_1)s]
[parameters: {'param_1': 1, 'meta_lead_id_1_1': '2954492598216430', 'meta_lead_id_1_2': 'l:2954492598216430', 'meta_lead_id_1_3': '2954492598216430'}]
(Background on this error at: https://sqlalche.me/e/20/e3q8)
ERROR:app.services.facebook_leads_service:[DB-INTEGRITY-ERROR] Integrity error ingesting lead 2584191212042184: (psycopg2.errors.UniqueViolation) duplicate key value violates unique constraint "ux_crm_leads_phone"
DETAIL:  Key (phone)=(+916300209352) already exists.

[SQL: INSERT INTO crm_leads (tenant_id, company_id, name, gender, email, phone, phone_primary_whatsapp, alternate_phone, phone_secondary_whatsapp, category_id, source, source_details, status, priority, handler_type, handler_id, description, requirements, looking_for, recent_comments, budget_min, budget_max, address, area, city, state, pincode, expected_close_date, actual_close_date, deal_value, deal_value_total, deal_value_excl_tax, deal_tax_rate, deal_value_received, deal_value_balance, points_evaluated_dvr, confirmed_final_value, solar_value, lost_reason, tags, last_contact_date, next_followup_date, depends_on_staff_id, telecaller_id, field_staff_id, associated_partner_id, direct_team_lead_points_awarded, direct_team_lead_points_awarded_at, direct_team_lead_sponsor_id, vendor_id, mnr_handler_id, is_vgk_program, vgk_field_support_id, solar_brand_id, community_id, aadhaar_number, pan_number, electricity_bill_number, google_maps_link, bank_account_number, ifsc_code, subsidy_status, application_no, accepted_date, loan_bank, bank_branch, documents_folder_link, material_reach_date, installation_date, existing_association, bank_entry_updated, bank_statement_available, regular_income_available, monthly_income, co_applicant_name, co_applicant_phone, co_applicant_aadhaar, co_applicant_pan, co_applicant_bank_account, co_applicant_ifsc, solar_pipeline_status, solar_pipeline_status_updated_at, submit_date, complete_date, first_dvr_confirmed_at, first_payment_received_date, remaining_stage1_advance, remaining_stage1_advance_l1, remaining_stage1_advance_l2, cibil_confirmed, cibil_score, cibil_score_updated_at, ev_b2b_stage, kw_size, discom, sc_number, consumer_no, sanction_date, mnre_app_ref, discom_reg_no, latitude, longitude, grid_phase, investment_capacity, planning_to_start, full_time_business, guru_id, z_guru_id, adi_guru_id, core_id, guru_name, z_guru_name, core_name, team_senior_partner_id, team_extended_partner_id, team_core_partner_id, source_ref_type, source_ref_id, source_ref_name, field_support_ref_type, field_support_ref_id, field_support_ref_name, technical_id, support_staff_id, technical_staff1_id, guru_supported, z_guru_supported, adi_guru_supported, core_supported, telecaller_supported, showroom_supported, technical_supported, field_support_supported, support_staff_supported, technical_staff1_supported, showroom_vgk_id, primary_owner_type, primary_owner_id, property_id, lost_at, created_at, updated_at, created_by_type, created_by_id) VALUES (%(tenant_id)s, %(company_id)s, %(name)s, %(gender)s, %(email)s, %(phone)s, %(phone_primary_whatsapp)s, %(alternate_phone)s, %(phone_secondary_whatsapp)s, %(category_id)s, %(source)s, %(source_details)s, %(status)s, %(priority)s, %(handler_type)s, %(handler_id)s, %(description)s, %(requirements)s, %(looking_for)s, %(recent_comments)s, %(budget_min)s, %(budget_max)s, %(address)s, %(area)s, %(city)s, %(state)s, %(pincode)s, %(expected_close_date)s, %(actual_close_date)s, %(deal_value)s, %(deal_value_total)s, %(deal_value_excl_tax)s, %(deal_tax_rate)s, %(deal_value_received)s, %(deal_value_balance)s, %(points_evaluated_dvr)s, %(confirmed_final_value)s, %(solar_value)s, %(lost_reason)s, %(tags)s, %(last_contact_date)s, %(next_followup_date)s, %(depends_on_staff_id)s, %(telecaller_id)s, %(field_staff_id)s, %(associated_partner_id)s, %(direct_team_lead_points_awarded)s, %(direct_team_lead_points_awarded_at)s, %(direct_team_lead_sponsor_id)s, %(vendor_id)s, %(mnr_handler_id)s, %(is_vgk_program)s, %(vgk_field_support_id)s, %(solar_brand_id)s, %(community_id)s, %(aadhaar_number)s, %(pan_number)s, %(electricity_bill_number)s, %(google_maps_link)s, %(bank_account_number)s, %(ifsc_code)s, %(subsidy_status)s, %(application_no)s, %(accepted_date)s, %(loan_bank)s, %(bank_branch)s, %(documents_folder_link)s, %(material_reach_date)s, %(installation_date)s, %(existing_association)s, %(bank_entry_updated)s, %(bank_statement_available)s, %(regular_income_available)s, %(monthly_income)s, %(co_applicant_name)s, %(co_applicant_phone)s, %(co_applicant_aadhaar)s, %(co_applicant_pan)s, %(co_applicant_bank_account)s, %(co_applicant_ifsc)s, %(solar_pipeline_status)s, %(solar_pipeline_status_updated_at)s, %(submit_date)s, %(complete_date)s, %(first_dvr_confirmed_at)s, %(first_payment_received_date)s, %(remaining_stage1_advance)s, %(remaining_stage1_advance_l1)s, %(remaining_stage1_advance_l2)s, %(cibil_confirmed)s, %(cibil_score)s, %(cibil_score_updated_at)s, %(ev_b2b_stage)s, %(kw_size)s, %(discom)s, %(sc_number)s, %(consumer_no)s, %(sanction_date)s, %(mnre_app_ref)s, %(discom_reg_no)s, %(latitude)s, %(longitude)s, %(grid_phase)s, %(investment_capacity)s, %(planning_to_start)s, %(full_time_business)s, %(guru_id)s, %(z_guru_id)s, %(adi_guru_id)s, %(core_id)s, %(guru_name)s, %(z_guru_name)s, %(core_name)s, %(team_senior_partner_id)s, %(team_extended_partner_id)s, %(team_core_partner_id)s, %(source_ref_type)s, %(source_ref_id)s, %(source_ref_name)s, %(field_support_ref_type)s, %(field_support_ref_id)s, %(field_support_ref_name)s, %(technical_id)s, %(support_staff_id)s, %(technical_staff1_id)s, %(guru_supported)s, %(z_guru_supported)s, %(adi_guru_supported)s, %(core_supported)s, %(telecaller_supported)s, %(showroom_supported)s, %(technical_supported)s, %(field_support_supported)s, %(support_staff_supported)s, %(technical_staff1_supported)s, %(showroom_vgk_id)s, %(primary_owner_type)s, %(primary_owner_id)s, %(property_id)s, %(lost_at)s, %(created_at)s, %(updated_at)s, %(created_by_type)s, %(created_by_id)s) RETURNING crm_leads.id]
[parameters: {'tenant_id': 1, 'company_id': 2, 'name': 'Rajakumar', 'gender': None, 'email': 'rajak67742@gmail.com', 'phone': '+916300209352', 'phone_primary_whatsapp': False, 'alternate_phone': None, 'phone_secondary_whatsapp': False, 'category_id': 42, 'source': 'Online - M', 'source_details': '{"lead_id": "2584191212042184", "form_id": "1596737462160734", "page_id": "442395068958730", "page_name": "EV Craze4u", "page_segment": "EV_SPARES",  ... (166 characters truncated) ... , "email": "rajak67742@gmail.com", "full_name": "Rajakumar", "phone_number": "+916300209352", "zip_code": "504204", "phone_number_verified": "true"}}', 'status': 'new', 'priority': 'high', 'handler_type': 'unassigned', 'handler_id': None, 'description': 'Facebook Lead — EV Craze4u\nWhat Are You Interested In?: ev_technician_career', 'requirements': None, 'looking_for': 'ETC Training', 'recent_comments': None, 'budget_min': None, 'budget_max': None, 'address': None, 'area': None, 'city': 'Adilabad', 'state': 'Telangana', 'pincode': '504204', 'expected_close_date': None, 'actual_close_date': None, 'deal_value': None, 'deal_value_total': 0, 'deal_value_excl_tax': 0, 'deal_tax_rate': 0, 'deal_value_received': 0, 'deal_value_balance': 0, 'points_evaluated_dvr': 0.0, 'confirmed_final_value': None, 'solar_value': None, 'lost_reason': None, 'tags': 'etc_training', 'last_contact_date': None, 'next_followup_date': None, 'depends_on_staff_id': None, 'telecaller_id': None, 'field_staff_id': None, 'associated_partner_id': None, 'direct_team_lead_points_awarded': False, 'direct_team_lead_points_awarded_at': None, 'direct_team_lead_sponsor_id': None, 'vendor_id': None ... 44 parameters truncated ... 'discom': None, 'sc_number': None, 'consumer_no': None, 'sanction_date': None, 'mnre_app_ref': None, 'discom_reg_no': None, 'latitude': None, 'longitude': None, 'grid_phase': None, 'investment_capacity': None, 'planning_to_start': None, 'full_time_business': None, 'guru_id': None, 'z_guru_id': None, 'adi_guru_id': None, 'core_id': None, 'guru_name': None, 'z_guru_name': None, 'core_name': None, 'team_senior_partner_id': None, 'team_extended_partner_id': None, 'team_core_partner_id': None, 'source_ref_type': None, 'source_ref_id': None, 'source_ref_name': None, 'field_support_ref_type': None, 'field_support_ref_id': None, 'field_support_ref_name': None, 'technical_id': None, 'support_staff_id': None, 'technical_staff1_id': None, 'guru_supported': None, 'z_guru_supported': None, 'adi_guru_supported': None, 'core_supported': None, 'telecaller_supported': None, 'showroom_supported': None, 'technical_supported': None, 'field_support_supported': None, 'support_staff_supported': None, 'technical_staff1_supported': None, 'showroom_vgk_id': None, 'primary_owner_type': None, 'primary_owner_id': None, 'property_id': None, 'lost_at': None, 'created_at': datetime.datetime(2026, 9, 7, 7, 10, 54), 'updated_at': datetime.datetime(2026, 9, 7, 7, 10, 54), 'created_by_type': 'system', 'created_by_id': 'facebook_webhook'}]
(Background on this error at: https://sqlalche.me/e/20/gkpj)
ERROR:apscheduler.executors.default:Job "Meta Ads: 15-Minute Automated Lead Ingestion & Graph API Sync (trigger: cron[minute='*/15'], next run at: 2026-10-01 06:45:00 IST)" raised an exception
Traceback (most recent call last):
  File "C:\Users\Lenovo\AppData\Local\Programs\Python\Python313\Lib\site-packages\sqlalchemy\engine\base.py", line 1128, in _rollback_impl
    self.engine.dialect.do_rollback(self.connection)
    ~~~~~~~~~~~~~~~~~~~~~~~~~~~~~~~^^^^^^^^^^^^^^^^^
  File "C:\Users\Lenovo\AppData\Local\Programs\Python\Python313\Lib\site-packages\sqlalchemy\engine\default.py", line 712, in do_rollback
    dbapi_connection.rollback()
    ~~~~~~~~~~~~~~~~~~~~~~~~~^^
psycopg2.OperationalError: SSL connection has been closed unexpectedly


The above exception was the direct cause of the following exception:

Traceback (most recent call last):
  File "C:\Users\Lenovo\AppData\Local\Programs\Python\Python313\Lib\site-packages\apscheduler\executors\base.py", line 131, in run_job
    retval = job.func(*job.args, **job.kwargs)
  File "C:\Users\Lenovo\Desktop\SAAS\MyntReal_Latest\backend\app\core\scheduler.py", line 5036, in run_meta_leads_periodic_sync_job
    db.close()
    ~~~~~~~~^^
  File "C:\Users\Lenovo\AppData\Local\Programs\Python\Python313\Lib\site-packages\sqlalchemy\orm\session.py", line 2507, in close
    self._close_impl(invalidate=False)
    ~~~~~~~~~~~~~~~~^^^^^^^^^^^^^^^^^^
  File "C:\Users\Lenovo\AppData\Local\Programs\Python\Python313\Lib\site-packages\sqlalchemy\orm\session.py", line 2576, in _close_impl
    transaction.close(invalidate)
    ~~~~~~~~~~~~~~~~~^^^^^^^^^^^^
  File "<string>", line 2, in close
  File "C:\Users\Lenovo\AppData\Local\Programs\Python\Python313\Lib\site-packages\sqlalchemy\orm\state_changes.py", line 137, in _go
    ret_value = fn(self, *arg, **kw)
  File "C:\Users\Lenovo\AppData\Local\Programs\Python\Python313\Lib\site-packages\sqlalchemy\orm\session.py", line 1417, in close
    transaction.close()
    ~~~~~~~~~~~~~~~~~^^
  File "C:\Users\Lenovo\AppData\Local\Programs\Python\Python313\Lib\site-packages\sqlalchemy\engine\base.py", line 2597, in close
    self._do_close()
    ~~~~~~~~~~~~~~^^
  File "C:\Users\Lenovo\AppData\Local\Programs\Python\Python313\Lib\site-packages\sqlalchemy\engine\base.py", line 2735, in _do_close
    self._close_impl()
    ~~~~~~~~~~~~~~~~^^
  File "C:\Users\Lenovo\AppData\Local\Programs\Python\Python313\Lib\site-packages\sqlalchemy\engine\base.py", line 2721, in _close_impl
    self._connection_rollback_impl()
    ~~~~~~~~~~~~~~~~~~~~~~~~~~~~~~^^
  File "C:\Users\Lenovo\AppData\Local\Programs\Python\Python313\Lib\site-packages\sqlalchemy\engine\base.py", line 2713, in _connection_rollback_impl
    self.connection._rollback_impl()
    ~~~~~~~~~~~~~~~~~~~~~~~~~~~~~~^^
  File "C:\Users\Lenovo\AppData\Local\Programs\Python\Python313\Lib\site-packages\sqlalchemy\engine\base.py", line 1130, in _rollback_impl
    self._handle_dbapi_exception(e, None, None, None, None)
    ~~~~~~~~~~~~~~~~~~~~~~~~~~~~^^^^^^^^^^^^^^^^^^^^^^^^^^^
  File "C:\Users\Lenovo\AppData\Local\Programs\Python\Python313\Lib\site-packages\sqlalchemy\engine\base.py", line 2363, in _handle_dbapi_exception
    raise sqlalchemy_exception.with_traceback(exc_info[2]) from e
  File "C:\Users\Lenovo\AppData\Local\Programs\Python\Python313\Lib\site-packages\sqlalchemy\engine\base.py", line 1128, in _rollback_impl
    self.engine.dialect.do_rollback(self.connection)
    ~~~~~~~~~~~~~~~~~~~~~~~~~~~~~~~^^^^^^^^^^^^^^^^^
  File "C:\Users\Lenovo\AppData\Local\Programs\Python\Python313\Lib\site-packages\sqlalchemy\engine\default.py", line 712, in do_rollback
    dbapi_connection.rollback()
    ~~~~~~~~~~~~~~~~~~~~~~~~~^^
sqlalchemy.exc.OperationalError: (psycopg2.OperationalError) SSL connection has been closed unexpectedly

(Background on this error at: https://sqlalche.me/e/20/e3q8)
ERROR:app.api.v1.endpoints.staff_auth:[STAFF-AUTH-DB] Database dependency unavailable during authentication: (psycopg2.OperationalError) SSL connection has been closed unexpectedly

[SQL: SELECT staff_employees.id AS staff_employees_id, staff_employees.emp_code AS staff_employees_emp_code, staff_employees.staff_type AS staff_employees_staff_type, staff_employees.salutation AS staff_employees_salutation, staff_employees.first_name AS staff_employees_first_name, staff_employees.last_name AS staff_employees_last_name, staff_employees.full_name AS staff_employees_full_name, staff_employees.email AS staff_employees_email, staff_employees.phone AS staff_employees_phone, staff_employees.department_id AS staff_employees_department_id, staff_employees.designation AS staff_employees_designation, staff_employees.role_id AS staff_employees_role_id, staff_employees.status AS staff_employees_status, staff_employees.date_of_joining AS staff_employees_date_of_joining, staff_employees.password_hash AS staff_employees_password_hash, staff_employees.status_changed_at AS staff_employees_status_changed_at, staff_employees.status_changed_by AS staff_employees_status_changed_by, staff_employees.status_change_reason AS staff_employees_status_change_reason, staff_employees.last_working_date AS staff_employees_last_working_date, staff_employees.restart_date AS staff_employees_restart_date, staff_employees.requires_password_change AS staff_employees_requires_password_change, staff_employees.password_last_reset_by AS staff_employees_password_last_reset_by, staff_employees.password_last_reset_at AS staff_employees_password_last_reset_at, staff_employees.failed_login_attempts AS staff_employees_failed_login_attempts, staff_employees.locked_until AS staff_employees_locked_until, staff_employees.totp_secret AS staff_employees_totp_secret, staff_employees.totp_enabled AS staff_employees_totp_enabled, staff_employees.last_password_change AS staff_employees_last_password_change, staff_employees.last_login AS staff_employees_last_login, staff_employees.kyc_status AS staff_employees_kyc_status, staff_employees.reporting_manager_id AS staff_employees_reporting_manager_id, staff_employees.base_company_id AS staff_employees_base_company_id, staff_employees.data_companies AS staff_employees_data_companies, staff_employees.dialer_category_priority AS staff_employees_dialer_category_priority, staff_employees.is_experienced AS staff_employees_is_experienced, staff_employees.call_tracking_enabled AS staff_employees_call_tracking_enabled, staff_employees.is_quarterly_bonus_eligible AS staff_employees_is_quarterly_bonus_eligible, staff_employees.team_tag AS staff_employees_team_tag, staff_employees.linked_partner_id AS staff_employees_linked_partner_id, staff_employees.freelancer_access_mode AS staff_employees_freelancer_access_mode, staff_employees.admin_scope AS staff_employees_admin_scope, staff_employees.assigned_modules AS staff_employees_assigned_modules, staff_employees.employment_type AS staff_employees_employment_type, staff_employees.probation_period_months AS staff_employees_probation_period_months, staff_employees.probation_start_date AS staff_employees_probation_start_date, staff_employees.probation_end_date AS staff_employees_probation_end_date, staff_employees.confirmation_date AS staff_employees_confirmation_date, staff_employees.probation_extended AS staff_employees_probation_extended, staff_employees.probation_extension_count AS staff_employees_probation_extension_count, staff_employees.probation_notes AS staff_employees_probation_notes, staff_employees.created_by AS staff_employees_created_by, staff_employees.created_at AS staff_employees_created_at, staff_employees.updated_at AS staff_employees_updated_at, staff_employees.tenant_id AS staff_employees_tenant_id, staff_employees.token_version AS staff_employees_token_version, staff_employees.is_deleted AS staff_employees_is_deleted, staff_employees.deleted_at AS staff_employees_deleted_at, staff_employees.deleted_by AS staff_employees_deleted_by, staff_departments_1.id AS staff_departments_1_id, staff_departments_1.name AS staff_departments_1_name, staff_departments_1.department_code AS staff_departments_1_department_code, staff_departments_1.description AS staff_departments_1_description, staff_departments_1.head_id AS staff_departments_1_head_id, staff_departments_1.is_freelancer_dept AS staff_departments_1_is_freelancer_dept, staff_departments_1.role_permissions AS staff_departments_1_role_permissions, staff_departments_1.data_assignments AS staff_departments_1_data_assignments, staff_departments_1.system_features AS staff_departments_1_system_features, staff_departments_1.company_id AS staff_departments_1_company_id, staff_departments_1.is_active AS staff_departments_1_is_active, staff_departments_1.created_by AS staff_departments_1_created_by, staff_departments_1.updated_by AS staff_departments_1_updated_by, staff_departments_1.created_at AS staff_departments_1_created_at, staff_departments_1.updated_at AS staff_departments_1_updated_at, staff_roles_1.id AS staff_roles_1_id, staff_roles_1.role_code AS staff_roles_1_role_code, staff_roles_1.role_name AS staff_roles_1_role_name, staff_roles_1.hierarchy_level AS staff_roles_1_hierarchy_level, staff_roles_1.description AS staff_roles_1_description, staff_roles_1.is_active AS staff_roles_1_is_active, staff_roles_1.created_at AS staff_roles_1_created_at, associated_companies_1.id AS associated_companies_1_id, associated_companies_1.company_code AS associated_companies_1_company_code, associated_companies_1.company_name AS associated_companies_1_company_name, associated_companies_1.company_type AS associated_companies_1_company_type, associated_companies_1.gst_number AS associated_companies_1_gst_number, associated_companies_1.pan_number AS associated_companies_1_pan_number, associated_companies_1.cin_number AS associated_companies_1_cin_number, associated_companies_1.phone AS associated_companies_1_phone, associated_companies_1.email AS associated_companies_1_email, associated_companies_1.website AS associated_companies_1_website, associated_companies_1.address AS associated_companies_1_address, associated_companies_1.city AS associated_companies_1_city, associated_companies_1.state AS associated_companies_1_state, associated_companies_1.pincode AS associated_companies_1_pincode, associated_companies_1.bank_name AS associated_companies_1_bank_name, associated_companies_1.bank_branch AS associated_companies_1_bank_branch, associated_companies_1.account_number AS associated_companies_1_account_number, associated_companies_1.ifsc_code AS associated_companies_1_ifsc_code, associated_companies_1.account_type AS associated_companies_1_account_type, associated_companies_1.upi_id AS associated_companies_1_upi_id, associated_companies_1.logo_path AS associated_companies_1_logo_path, associated_companies_1.stamp_path AS associated_companies_1_stamp_path, associated_companies_1.signature_path AS associated_companies_1_signature_path, associated_companies_1.signatory_name AS associated_companies_1_signatory_name, associated_companies_1.signatory_designation AS associated_companies_1_signatory_designation, associated_companies_1.receipt_prefix AS associated_companies_1_receipt_prefix, associated_companies_1.invoice_prefix AS associated_companies_1_invoice_prefix, associated_companies_1.receipt_counter AS associated_companies_1_receipt_counter, associated_companies_1.invoice_counter AS associated_companies_1_invoice_counter, associated_companies_1.is_book_keeper AS associated_companies_1_is_book_keeper, associated_companies_1.is_marketplace_endpoint AS associated_companies_1_is_marketplace_endpoint, associated_companies_1.company_segment AS associated_companies_1_company_segment, associated_companies_1.licensed_modules AS associated_companies_1_licensed_modules, associated_companies_1.is_active AS associated_companies_1_is_active, associated_companies_1.client_id AS associated_companies_1_client_id, associated_companies_1.created_by_id AS associated_companies_1_created_by_id, associated_companies_1.updated_by_id AS associated_companies_1_updated_by_id, associated_companies_1.created_at AS associated_companies_1_created_at, associated_companies_1.updated_at AS associated_companies_1_updated_at 
FROM staff_employees LEFT OUTER JOIN staff_departments AS staff_departments_1 ON staff_departments_1.id = staff_employees.department_id LEFT OUTER JOIN staff_roles AS staff_roles_1 ON staff_roles_1.id = staff_employees.role_id LEFT OUTER JOIN associated_companies AS associated_companies_1 ON associated_companies_1.id = staff_employees.base_company_id 
WHERE staff_employees.id = %(id_1)s 
 LIMIT %(param_1)s]
[parameters: {'id_1': 1, 'param_1': 1}]
(Background on this error at: https://sqlalche.me/e/20/e3q8)
INFO:     127.0.0.1:64864 - "GET /api/v1/staff/accounts/companies?status_filter=ALL&page_size=100&_t=1790817163134 HTTP/1.1" 503 Service Unavailable
ERROR:app.api.v1.endpoints.staff_auth:[STAFF-AUTH-DB] Database dependency unavailable during authentication: (psycopg2.OperationalError) connection to server at "myntreal-database.c5gywaicq6zu.ap-south-2.rds.amazonaws.com" (16.112.74.247), port 5432 failed: timeout expired

(Background on this error at: https://sqlalche.me/e/20/e3q8)
INFO:     127.0.0.1:57640 - "GET /api/v1/staff/accounts/companies?status_filter=ALL&page_size=100&_t=1790817164751 HTTP/1.1" 503 Service Unavailable
WARNING:app.services.facebook_leads_service:Network error calling Meta Graph API: HTTPSConnectionPool(host='graph.facebook.com', port=443): Read timed out. (read timeout=15)
WARNING:app.services.facebook_leads_service:Meta Graph API error [VALIDATION] status=400: (#10) User has insufficient privileges on the page.
WARNING:app.services.facebook_leads_service:Meta Graph API error [AUTHENTICATION] status=400: Unsupported get request. Object with ID '1005465332641372' does not exist, cannot be loaded due to missing permissions, or does not support this operation. Please read the Graph API documentation at https://developers.facebook.com/docs/graph-api
ERROR:app.api.v1.endpoints.staff_auth:[STAFF-AUTH-DB] Database dependency unavailable during authentication: (psycopg2.OperationalError) connection to server at "myntreal-database.c5gywaicq6zu.ap-south-2.rds.amazonaws.com" (16.112.74.247), port 5432 failed: timeout expired

(Background on this error at: https://sqlalche.me/e/20/e3q8)
INFO:     127.0.0.1:50572 - "GET /api/v1/staff/accounts/companies?status_filter=ALL&page_size=100&_t=1790817337072 HTTP/1.1" 503 Service Unavailable
WARNING:app.services.facebook_leads_service:Meta Graph API error [AUTHENTICATION] status=400: Unsupported get request. Object with ID '1019684831223211' does not exist, cannot be loaded due to missing permissions, or does not support this operation. Please read the Graph API documentation at https://developers.facebook.com/docs/graph-api
INFO:     127.0.0.1:49461 - "POST /api/v1/platform-b2b/calculate-pricing HTTP/1.1" 200 OK
WARNING:app.services.facebook_leads_service:Error checking lead existence for 2310513233122266: (psycopg2.OperationalError) SSL connection has been closed unexpectedly

[SQL: SELECT meta_leads_attribution.id AS meta_leads_attribution_id 
FROM meta_leads_attribution 
WHERE meta_leads_attribution.meta_lead_id IN (%(meta_lead_id_1_1)s, %(meta_lead_id_1_2)s, %(meta_lead_id_1_3)s) 
 LIMIT %(param_1)s]
[parameters: {'param_1': 1, 'meta_lead_id_1_1': '2310513233122266', 'meta_lead_id_1_2': 'l:2310513233122266', 'meta_lead_id_1_3': '2310513233122266'}]
(Background on this error at: https://sqlalche.me/e/20/e3q8)
WARNING:app.services.facebook_leads_service:Meta Graph API error [AUTHENTICATION] status=400: Unsupported get request. Object with ID '921784744346805' does not exist, cannot be loaded due to missing permissions, or does not support this operation. Please read the Graph API documentation at https://developers.facebook.com/docs/graph-api
INFO:     127.0.0.1:50820 - "POST /api/v1/platform-b2b/calculate-pricing HTTP/1.1" 200 OK
INFO:     127.0.0.1:54601 - "POST /api/v1/platform-b2b/calculate-pricing HTTP/1.1" 200 OK
WARNING:app.services.facebook_leads_service:Error checking lead existence for 2356721351739033: (psycopg2.OperationalError) SSL connection has been closed unexpectedly

[SQL: SELECT meta_leads_attribution.id AS meta_leads_attribution_id 
FROM meta_leads_attribution 
WHERE meta_leads_attribution.meta_lead_id IN (%(meta_lead_id_1_1)s, %(meta_lead_id_1_2)s, %(meta_lead_id_1_3)s) 
 LIMIT %(param_1)s]
[parameters: {'param_1': 1, 'meta_lead_id_1_1': '2356721351739033', 'meta_lead_id_1_2': 'l:2356721351739033', 'meta_lead_id_1_3': '2356721351739033'}]
(Background on this error at: https://sqlalche.me/e/20/e3q8)
WARNING:app.services.facebook_leads_service:Error checking lead existence for 1037727322425571: (psycopg2.OperationalError) SSL connection has been closed unexpectedly

[SQL: SELECT meta_leads_attribution.id AS meta_leads_attribution_id 
FROM meta_leads_attribution 
WHERE meta_leads_attribution.meta_lead_id IN (%(meta_lead_id_1_1)s, %(meta_lead_id_1_2)s, %(meta_lead_id_1_3)s) 
 LIMIT %(param_1)s]
[parameters: {'param_1': 1, 'meta_lead_id_1_1': '1037727322425571', 'meta_lead_id_1_2': 'l:1037727322425571', 'meta_lead_id_1_3': '1037727322425571'}]
(Background on this error at: https://sqlalche.me/e/20/e3q8)
WARNING:app.services.facebook_leads_service:Error checking lead existence for 1037727322425571: (psycopg2.OperationalError) connection to server at "myntreal-database.c5gywaicq6zu.ap-south-2.rds.amazonaws.com" (16.112.74.247), port 5432 failed: timeout expired

(Background on this error at: https://sqlalche.me/e/20/e3q8)
ERROR:app.services.facebook_leads_service:[DB-INTEGRITY-ERROR] Integrity error ingesting lead 2584191212042184: (psycopg2.errors.UniqueViolation) duplicate key value violates unique constraint "ux_crm_leads_phone"
DETAIL:  Key (phone)=(+916300209352) already exists.

[SQL: INSERT INTO crm_leads (tenant_id, company_id, name, gender, email, phone, phone_primary_whatsapp, alternate_phone, phone_secondary_whatsapp, category_id, source, source_details, status, priority, handler_type, handler_id, description, requirements, looking_for, recent_comments, budget_min, budget_max, address, area, city, state, pincode, expected_close_date, actual_close_date, deal_value, deal_value_total, deal_value_excl_tax, deal_tax_rate, deal_value_received, deal_value_balance, points_evaluated_dvr, confirmed_final_value, solar_value, lost_reason, tags, last_contact_date, next_followup_date, depends_on_staff_id, telecaller_id, field_staff_id, associated_partner_id, direct_team_lead_points_awarded, direct_team_lead_points_awarded_at, direct_team_lead_sponsor_id, vendor_id, mnr_handler_id, is_vgk_program, vgk_field_support_id, solar_brand_id, community_id, aadhaar_number, pan_number, electricity_bill_number, google_maps_link, bank_account_number, ifsc_code, subsidy_status, application_no, accepted_date, loan_bank, bank_branch, documents_folder_link, material_reach_date, installation_date, existing_association, bank_entry_updated, bank_statement_available, regular_income_available, monthly_income, co_applicant_name, co_applicant_phone, co_applicant_aadhaar, co_applicant_pan, co_applicant_bank_account, co_applicant_ifsc, solar_pipeline_status, solar_pipeline_status_updated_at, submit_date, complete_date, first_dvr_confirmed_at, first_payment_received_date, remaining_stage1_advance, remaining_stage1_advance_l1, remaining_stage1_advance_l2, cibil_confirmed, cibil_score, cibil_score_updated_at, ev_b2b_stage, kw_size, discom, sc_number, consumer_no, sanction_date, mnre_app_ref, discom_reg_no, latitude, longitude, grid_phase, investment_capacity, planning_to_start, full_time_business, guru_id, z_guru_id, adi_guru_id, core_id, guru_name, z_guru_name, core_name, team_senior_partner_id, team_extended_partner_id, team_core_partner_id, source_ref_type, source_ref_id, source_ref_name, field_support_ref_type, field_support_ref_id, field_support_ref_name, technical_id, support_staff_id, technical_staff1_id, guru_supported, z_guru_supported, adi_guru_supported, core_supported, telecaller_supported, showroom_supported, technical_supported, field_support_supported, support_staff_supported, technical_staff1_supported, showroom_vgk_id, primary_owner_type, primary_owner_id, property_id, lost_at, created_at, updated_at, created_by_type, created_by_id) VALUES (%(tenant_id)s, %(company_id)s, %(name)s, %(gender)s, %(email)s, %(phone)s, %(phone_primary_whatsapp)s, %(alternate_phone)s, %(phone_secondary_whatsapp)s, %(category_id)s, %(source)s, %(source_details)s, %(status)s, %(priority)s, %(handler_type)s, %(handler_id)s, %(description)s, %(requirements)s, %(looking_for)s, %(recent_comments)s, %(budget_min)s, %(budget_max)s, %(address)s, %(area)s, %(city)s, %(state)s, %(pincode)s, %(expected_close_date)s, %(actual_close_date)s, %(deal_value)s, %(deal_value_total)s, %(deal_value_excl_tax)s, %(deal_tax_rate)s, %(deal_value_received)s, %(deal_value_balance)s, %(points_evaluated_dvr)s, %(confirmed_final_value)s, %(solar_value)s, %(lost_reason)s, %(tags)s, %(last_contact_date)s, %(next_followup_date)s, %(depends_on_staff_id)s, %(telecaller_id)s, %(field_staff_id)s, %(associated_partner_id)s, %(direct_team_lead_points_awarded)s, %(direct_team_lead_points_awarded_at)s, %(direct_team_lead_sponsor_id)s, %(vendor_id)s, %(mnr_handler_id)s, %(is_vgk_program)s, %(vgk_field_support_id)s, %(solar_brand_id)s, %(community_id)s, %(aadhaar_number)s, %(pan_number)s, %(electricity_bill_number)s, %(google_maps_link)s, %(bank_account_number)s, %(ifsc_code)s, %(subsidy_status)s, %(application_no)s, %(accepted_date)s, %(loan_bank)s, %(bank_branch)s, %(documents_folder_link)s, %(material_reach_date)s, %(installation_date)s, %(existing_association)s, %(bank_entry_updated)s, %(bank_statement_available)s, %(regular_income_available)s, %(monthly_income)s, %(co_applicant_name)s, %(co_applicant_phone)s, %(co_applicant_aadhaar)s, %(co_applicant_pan)s, %(co_applicant_bank_account)s, %(co_applicant_ifsc)s, %(solar_pipeline_status)s, %(solar_pipeline_status_updated_at)s, %(submit_date)s, %(complete_date)s, %(first_dvr_confirmed_at)s, %(first_payment_received_date)s, %(remaining_stage1_advance)s, %(remaining_stage1_advance_l1)s, %(remaining_stage1_advance_l2)s, %(cibil_confirmed)s, %(cibil_score)s, %(cibil_score_updated_at)s, %(ev_b2b_stage)s, %(kw_size)s, %(discom)s, %(sc_number)s, %(consumer_no)s, %(sanction_date)s, %(mnre_app_ref)s, %(discom_reg_no)s, %(latitude)s, %(longitude)s, %(grid_phase)s, %(investment_capacity)s, %(planning_to_start)s, %(full_time_business)s, %(guru_id)s, %(z_guru_id)s, %(adi_guru_id)s, %(core_id)s, %(guru_name)s, %(z_guru_name)s, %(core_name)s, %(team_senior_partner_id)s, %(team_extended_partner_id)s, %(team_core_partner_id)s, %(source_ref_type)s, %(source_ref_id)s, %(source_ref_name)s, %(field_support_ref_type)s, %(field_support_ref_id)s, %(field_support_ref_name)s, %(technical_id)s, %(support_staff_id)s, %(technical_staff1_id)s, %(guru_supported)s, %(z_guru_supported)s, %(adi_guru_supported)s, %(core_supported)s, %(telecaller_supported)s, %(showroom_supported)s, %(technical_supported)s, %(field_support_supported)s, %(support_staff_supported)s, %(technical_staff1_supported)s, %(showroom_vgk_id)s, %(primary_owner_type)s, %(primary_owner_id)s, %(property_id)s, %(lost_at)s, %(created_at)s, %(updated_at)s, %(created_by_type)s, %(created_by_id)s) RETURNING crm_leads.id]
[parameters: {'tenant_id': 1, 'company_id': 2, 'name': 'Rajakumar', 'gender': None, 'email': 'rajak67742@gmail.com', 'phone': '+916300209352', 'phone_primary_whatsapp': False, 'alternate_phone': None, 'phone_secondary_whatsapp': False, 'category_id': 42, 'source': 'Online - M', 'source_details': '{"lead_id": "2584191212042184", "form_id": "1596737462160734", "page_id": "442395068958730", "page_name": "EV Craze4u", "page_segment": "EV_SPARES",  ... (166 characters truncated) ... , "email": "rajak67742@gmail.com", "full_name": "Rajakumar", "phone_number": "+916300209352", "zip_code": "504204", "phone_number_verified": "true"}}', 'status': 'new', 'priority': 'high', 'handler_type': 'unassigned', 'handler_id': None, 'description': 'Facebook Lead — EV Craze4u\nWhat Are You Interested In?: ev_technician_career', 'requirements': None, 'looking_for': 'ETC Training', 'recent_comments': None, 'budget_min': None, 'budget_max': None, 'address': None, 'area': None, 'city': 'Adilabad', 'state': 'Telangana', 'pincode': '504204', 'expected_close_date': None, 'actual_close_date': None, 'deal_value': None, 'deal_value_total': 0, 'deal_value_excl_tax': 0, 'deal_tax_rate': 0, 'deal_value_received': 0, 'deal_value_balance': 0, 'points_evaluated_dvr': 0.0, 'confirmed_final_value': None, 'solar_value': None, 'lost_reason': None, 'tags': 'etc_training', 'last_contact_date': None, 'next_followup_date': None, 'depends_on_staff_id': None, 'telecaller_id': None, 'field_staff_id': None, 'associated_partner_id': None, 'direct_team_lead_points_awarded': False, 'direct_team_lead_points_awarded_at': None, 'direct_team_lead_sponsor_id': None, 'vendor_id': None ... 44 parameters truncated ... 'discom': None, 'sc_number': None, 'consumer_no': None, 'sanction_date': None, 'mnre_app_ref': None, 'discom_reg_no': None, 'latitude': None, 'longitude': None, 'grid_phase': None, 'investment_capacity': None, 'planning_to_start': None, 'full_time_business': None, 'guru_id': None, 'z_guru_id': None, 'adi_guru_id': None, 'core_id': None, 'guru_name': None, 'z_guru_name': None, 'core_name': None, 'team_senior_partner_id': None, 'team_extended_partner_id': None, 'team_core_partner_id': None, 'source_ref_type': None, 'source_ref_id': None, 'source_ref_name': None, 'field_support_ref_type': None, 'field_support_ref_id': None, 'field_support_ref_name': None, 'technical_id': None, 'support_staff_id': None, 'technical_staff1_id': None, 'guru_supported': None, 'z_guru_supported': None, 'adi_guru_supported': None, 'core_supported': None, 'telecaller_supported': None, 'showroom_supported': None, 'technical_supported': None, 'field_support_supported': None, 'support_staff_supported': None, 'technical_staff1_supported': None, 'showroom_vgk_id': None, 'primary_owner_type': None, 'primary_owner_id': None, 'property_id': None, 'lost_at': None, 'created_at': datetime.datetime(2026, 9, 7, 7, 10, 54), 'updated_at': datetime.datetime(2026, 9, 7, 7, 10, 54), 'created_by_type': 'system', 'created_by_id': 'facebook_webhook'}]
(Background on this error at: https://sqlalche.me/e/20/gkpj)
ERROR:app.core.scheduler:❌ DC_WITHDRAW_GUARD_001: guard failed — job will NOT proceed. Reason: (psycopg2.OperationalError) SSL connection has been closed unexpectedly

[SQL: SELECT scheduler_log.id AS scheduler_log_id, scheduler_log.job_id AS scheduler_log_job_id, scheduler_log.job_name AS scheduler_log_job_name, scheduler_log.scheduled_date AS scheduler_log_scheduled_date, scheduler_log.triggered_at AS scheduler_log_triggered_at, scheduler_log.completed_at AS scheduler_log_completed_at, scheduler_log.income_triggered AS scheduler_log_income_triggered, scheduler_log.direct_referral_status AS scheduler_log_direct_referral_status, scheduler_log.matching_status AS scheduler_log_matching_status, scheduler_log.ved_income_status AS scheduler_log_ved_income_status, scheduler_log.awards_status AS scheduler_log_awards_status, scheduler_log.guru_dakshina_status AS scheduler_log_guru_dakshina_status, scheduler_log.field_allowance_status AS scheduler_log_field_allowance_status, scheduler_log.bonanza_status AS scheduler_log_bonanza_status, scheduler_log.wallet_sync_status AS scheduler_log_wallet_sync_status, scheduler_log.withdrawal_status AS scheduler_log_withdrawal_status, scheduler_log.total_incomes_created AS scheduler_log_total_incomes_created, scheduler_log.total_users_affected AS scheduler_log_total_users_affected, scheduler_log.overall_status AS scheduler_log_overall_status, scheduler_log.error_message AS scheduler_log_error_message 
FROM scheduler_log 
WHERE scheduler_log.job_id = %(job_id_1)s AND date(scheduler_log.scheduled_date) = %(date_1)s AND scheduler_log.overall_status = %(overall_status_1)s 
 LIMIT %(param_1)s]
[parameters: {'job_id_1': 'auto_withdrawal_generation', 'date_1': datetime.date(2026, 10, 1), 'overall_status_1': 'Running', 'param_1': 1}]
(Background on this error at: https://sqlalche.me/e/20/e3q8)
WARNING:app.core.scheduler:⚠️ [META-AUTO-SYNC] Error during scheduled Meta lead sync: (psycopg2.OperationalError) connection to server at "myntreal-database.c5gywaicq6zu.ap-south-2.rds.amazonaws.com" (16.112.74.247), port 5432 failed: timeout expired

(Background on this error at: https://sqlalche.me/e/20/e3q8)
ERROR:app.core.scheduler_retry_dispatcher:[RETRY-DISPATCHER] Fatal error in retry dispatcher: (psycopg2.OperationalError) SSL connection has been closed unexpectedly

[SQL: SELECT background_jobs.id AS background_jobs_id, background_jobs.job_type AS background_jobs_job_type, background_jobs.job_key AS background_jobs_job_key, background_jobs.job_data AS background_jobs_job_data, background_jobs.status AS background_jobs_status, background_jobs.attempts AS background_jobs_attempts, background_jobs.max_attempts AS background_jobs_max_attempts, background_jobs.result AS background_jobs_result, background_jobs.error_message AS background_jobs_error_message, background_jobs.error_traceback AS background_jobs_error_traceback, background_jobs.created_at AS background_jobs_created_at, background_jobs.started_at AS background_jobs_started_at, background_jobs.completed_at AS background_jobs_completed_at, background_jobs.processing_duration_ms AS background_jobs_processing_duration_ms, background_jobs.created_by AS background_jobs_created_by, background_jobs.created_ip AS background_jobs_created_ip, background_jobs.scheduled_for AS background_jobs_scheduled_for, background_jobs.priority AS background_jobs_priority, background_jobs.scheduler_status AS background_jobs_scheduler_status, background_jobs.job_handler_module AS background_jobs_job_handler_module, background_jobs.job_handler_function AS background_jobs_job_handler_function, background_jobs.scheduler_job_id AS background_jobs_scheduler_job_id, background_jobs.last_scheduler_attempt AS background_jobs_last_scheduler_attempt, background_jobs.updated_at AS background_jobs_updated_at 
FROM background_jobs 
WHERE background_jobs.scheduler_status = %(scheduler_status_1)s AND background_jobs.created_at >= %(created_at_1)s AND background_jobs.status IN (%(status_1_1)s, %(status_1_2)s) ORDER BY background_jobs.created_at ASC 
 LIMIT %(param_1)s]
[parameters: {'scheduler_status_1': 'failed', 'created_at_1': datetime.datetime(2026, 9, 30, 1, 36, 44, 859495), 'param_1': 50, 'status_1_1': 'pending', 'status_1_2': 'retrying'}]
(Background on this error at: https://sqlalche.me/e/20/e3q8)
ERROR:app.core.scheduler_retry_dispatcher:[RETRY-DISPATCHER] Fatal error in retry dispatcher: (psycopg2.OperationalError) connection to server at "myntreal-database.c5gywaicq6zu.ap-south-2.rds.amazonaws.com" (16.112.74.247), port 5432 failed: timeout expired

(Background on this error at: https://sqlalche.me/e/20/e3q8)
WARNING:app.services.facebook_leads_service:Meta Graph API error [VALIDATION] status=400: (#10) User has insufficient privileges on the page.
WARNING:app.services.facebook_leads_service:Meta Graph API error [AUTHENTICATION] status=400: Unsupported get request. Object with ID '1005465332641372' does not exist, cannot be loaded due to missing permissions, or does not support this operation. Please read the Graph API documentation at https://developers.facebook.com/docs/graph-api
WARNING:app.services.facebook_leads_service:Meta Graph API error [AUTHENTICATION] status=400: Unsupported get request. Object with ID '1019684831223211' does not exist, cannot be loaded due to missing permissions, or does not support this operation. Please read the Graph API documentation at https://developers.facebook.com/docs/graph-api
WARNING:app.services.facebook_leads_service:Error checking lead existence for 2310513233122266: (psycopg2.OperationalError) SSL connection has been closed unexpectedly

[SQL: SELECT meta_leads_attribution.id AS meta_leads_attribution_id 
FROM meta_leads_attribution 
WHERE meta_leads_attribution.meta_lead_id IN (%(meta_lead_id_1_1)s, %(meta_lead_id_1_2)s, %(meta_lead_id_1_3)s) 
 LIMIT %(param_1)s]
[parameters: {'param_1': 1, 'meta_lead_id_1_1': '2310513233122266', 'meta_lead_id_1_2': 'l:2310513233122266', 'meta_lead_id_1_3': '2310513233122266'}]
(Background on this error at: https://sqlalche.me/e/20/e3q8)
WARNING:app.services.facebook_leads_service:Meta Graph API error [AUTHENTICATION] status=400: Unsupported get request. Object with ID '921784744346805' does not exist, cannot be loaded due to missing permissions, or does not support this operation. Please read the Graph API documentation at https://developers.facebook.com/docs/graph-api
WARNING:app.services.facebook_leads_service:Error checking lead existence for 2356721351739033: (psycopg2.OperationalError) SSL connection has been closed unexpectedly

[SQL: SELECT meta_leads_attribution.id AS meta_leads_attribution_id 
FROM meta_leads_attribution 
WHERE meta_leads_attribution.meta_lead_id IN (%(meta_lead_id_1_1)s, %(meta_lead_id_1_2)s, %(meta_lead_id_1_3)s) 
 LIMIT %(param_1)s]
[parameters: {'param_1': 1, 'meta_lead_id_1_1': '2356721351739033', 'meta_lead_id_1_2': 'l:2356721351739033', 'meta_lead_id_1_3': '2356721351739033'}]
(Background on this error at: https://sqlalche.me/e/20/e3q8)
WARNING:app.services.facebook_leads_service:Error checking lead existence for 1114266644492650: (psycopg2.OperationalError) SSL connection has been closed unexpectedly

[SQL: SELECT meta_leads_attribution.id AS meta_leads_attribution_id 
FROM meta_leads_attribution 
WHERE meta_leads_attribution.meta_lead_id IN (%(meta_lead_id_1_1)s, %(meta_lead_id_1_2)s, %(meta_lead_id_1_3)s) 
 LIMIT %(param_1)s]
[parameters: {'param_1': 1, 'meta_lead_id_1_1': '1114266644492650', 'meta_lead_id_1_2': 'l:1114266644492650', 'meta_lead_id_1_3': '1114266644492650'}]
(Background on this error at: https://sqlalche.me/e/20/e3q8)
WARNING:app.services.facebook_leads_service:Error checking lead existence for 1114266644492650: (psycopg2.OperationalError) connection to server at "myntreal-database.c5gywaicq6zu.ap-south-2.rds.amazonaws.com" (16.112.74.247), port 5432 failed: timeout expired

(Background on this error at: https://sqlalche.me/e/20/e3q8)
ERROR:app.services.facebook_leads_service:[DB-INTEGRITY-ERROR] Integrity error ingesting lead 2584191212042184: (psycopg2.errors.UniqueViolation) duplicate key value violates unique constraint "ux_crm_leads_phone"
DETAIL:  Key (phone)=(+916300209352) already exists.

[SQL: INSERT INTO crm_leads (tenant_id, company_id, name, gender, email, phone, phone_primary_whatsapp, alternate_phone, phone_secondary_whatsapp, category_id, source, source_details, status, priority, handler_type, handler_id, description, requirements, looking_for, recent_comments, budget_min, budget_max, address, area, city, state, pincode, expected_close_date, actual_close_date, deal_value, deal_value_total, deal_value_excl_tax, deal_tax_rate, deal_value_received, deal_value_balance, points_evaluated_dvr, confirmed_final_value, solar_value, lost_reason, tags, last_contact_date, next_followup_date, depends_on_staff_id, telecaller_id, field_staff_id, associated_partner_id, direct_team_lead_points_awarded, direct_team_lead_points_awarded_at, direct_team_lead_sponsor_id, vendor_id, mnr_handler_id, is_vgk_program, vgk_field_support_id, solar_brand_id, community_id, aadhaar_number, pan_number, electricity_bill_number, google_maps_link, bank_account_number, ifsc_code, subsidy_status, application_no, accepted_date, loan_bank, bank_branch, documents_folder_link, material_reach_date, installation_date, existing_association, bank_entry_updated, bank_statement_available, regular_income_available, monthly_income, co_applicant_name, co_applicant_phone, co_applicant_aadhaar, co_applicant_pan, co_applicant_bank_account, co_applicant_ifsc, solar_pipeline_status, solar_pipeline_status_updated_at, submit_date, complete_date, first_dvr_confirmed_at, first_payment_received_date, remaining_stage1_advance, remaining_stage1_advance_l1, remaining_stage1_advance_l2, cibil_confirmed, cibil_score, cibil_score_updated_at, ev_b2b_stage, kw_size, discom, sc_number, consumer_no, sanction_date, mnre_app_ref, discom_reg_no, latitude, longitude, grid_phase, investment_capacity, planning_to_start, full_time_business, guru_id, z_guru_id, adi_guru_id, core_id, guru_name, z_guru_name, core_name, team_senior_partner_id, team_extended_partner_id, team_core_partner_id, source_ref_type, source_ref_id, source_ref_name, field_support_ref_type, field_support_ref_id, field_support_ref_name, technical_id, support_staff_id, technical_staff1_id, guru_supported, z_guru_supported, adi_guru_supported, core_supported, telecaller_supported, showroom_supported, technical_supported, field_support_supported, support_staff_supported, technical_staff1_supported, showroom_vgk_id, primary_owner_type, primary_owner_id, property_id, lost_at, created_at, updated_at, created_by_type, created_by_id) VALUES (%(tenant_id)s, %(company_id)s, %(name)s, %(gender)s, %(email)s, %(phone)s, %(phone_primary_whatsapp)s, %(alternate_phone)s, %(phone_secondary_whatsapp)s, %(category_id)s, %(source)s, %(source_details)s, %(status)s, %(priority)s, %(handler_type)s, %(handler_id)s, %(description)s, %(requirements)s, %(looking_for)s, %(recent_comments)s, %(budget_min)s, %(budget_max)s, %(address)s, %(area)s, %(city)s, %(state)s, %(pincode)s, %(expected_close_date)s, %(actual_close_date)s, %(deal_value)s, %(deal_value_total)s, %(deal_value_excl_tax)s, %(deal_tax_rate)s, %(deal_value_received)s, %(deal_value_balance)s, %(points_evaluated_dvr)s, %(confirmed_final_value)s, %(solar_value)s, %(lost_reason)s, %(tags)s, %(last_contact_date)s, %(next_followup_date)s, %(depends_on_staff_id)s, %(telecaller_id)s, %(field_staff_id)s, %(associated_partner_id)s, %(direct_team_lead_points_awarded)s, %(direct_team_lead_points_awarded_at)s, %(direct_team_lead_sponsor_id)s, %(vendor_id)s, %(mnr_handler_id)s, %(is_vgk_program)s, %(vgk_field_support_id)s, %(solar_brand_id)s, %(community_id)s, %(aadhaar_number)s, %(pan_number)s, %(electricity_bill_number)s, %(google_maps_link)s, %(bank_account_number)s, %(ifsc_code)s, %(subsidy_status)s, %(application_no)s, %(accepted_date)s, %(loan_bank)s, %(bank_branch)s, %(documents_folder_link)s, %(material_reach_date)s, %(installation_date)s, %(existing_association)s, %(bank_entry_updated)s, %(bank_statement_available)s, %(regular_income_available)s, %(monthly_income)s, %(co_applicant_name)s, %(co_applicant_phone)s, %(co_applicant_aadhaar)s, %(co_applicant_pan)s, %(co_applicant_bank_account)s, %(co_applicant_ifsc)s, %(solar_pipeline_status)s, %(solar_pipeline_status_updated_at)s, %(submit_date)s, %(complete_date)s, %(first_dvr_confirmed_at)s, %(first_payment_received_date)s, %(remaining_stage1_advance)s, %(remaining_stage1_advance_l1)s, %(remaining_stage1_advance_l2)s, %(cibil_confirmed)s, %(cibil_score)s, %(cibil_score_updated_at)s, %(ev_b2b_stage)s, %(kw_size)s, %(discom)s, %(sc_number)s, %(consumer_no)s, %(sanction_date)s, %(mnre_app_ref)s, %(discom_reg_no)s, %(latitude)s, %(longitude)s, %(grid_phase)s, %(investment_capacity)s, %(planning_to_start)s, %(full_time_business)s, %(guru_id)s, %(z_guru_id)s, %(adi_guru_id)s, %(core_id)s, %(guru_name)s, %(z_guru_name)s, %(core_name)s, %(team_senior_partner_id)s, %(team_extended_partner_id)s, %(team_core_partner_id)s, %(source_ref_type)s, %(source_ref_id)s, %(source_ref_name)s, %(field_support_ref_type)s, %(field_support_ref_id)s, %(field_support_ref_name)s, %(technical_id)s, %(support_staff_id)s, %(technical_staff1_id)s, %(guru_supported)s, %(z_guru_supported)s, %(adi_guru_supported)s, %(core_supported)s, %(telecaller_supported)s, %(showroom_supported)s, %(technical_supported)s, %(field_support_supported)s, %(support_staff_supported)s, %(technical_staff1_supported)s, %(showroom_vgk_id)s, %(primary_owner_type)s, %(primary_owner_id)s, %(property_id)s, %(lost_at)s, %(created_at)s, %(updated_at)s, %(created_by_type)s, %(created_by_id)s) RETURNING crm_leads.id]
[parameters: {'tenant_id': 1, 'company_id': 2, 'name': 'Rajakumar', 'gender': None, 'email': 'rajak67742@gmail.com', 'phone': '+916300209352', 'phone_primary_whatsapp': False, 'alternate_phone': None, 'phone_secondary_whatsapp': False, 'category_id': 42, 'source': 'Online - M', 'source_details': '{"lead_id": "2584191212042184", "form_id": "1596737462160734", "page_id": "442395068958730", "page_name": "EV Craze4u", "page_segment": "EV_SPARES",  ... (166 characters truncated) ... , "email": "rajak67742@gmail.com", "full_name": "Rajakumar", "phone_number": "+916300209352", "zip_code": "504204", "phone_number_verified": "true"}}', 'status': 'new', 'priority': 'high', 'handler_type': 'unassigned', 'handler_id': None, 'description': 'Facebook Lead — EV Craze4u\nWhat Are You Interested In?: ev_technician_career', 'requirements': None, 'looking_for': 'ETC Training', 'recent_comments': None, 'budget_min': None, 'budget_max': None, 'address': None, 'area': None, 'city': 'Adilabad', 'state': 'Telangana', 'pincode': '504204', 'expected_close_date': None, 'actual_close_date': None, 'deal_value': None, 'deal_value_total': 0, 'deal_value_excl_tax': 0, 'deal_tax_rate': 0, 'deal_value_received': 0, 'deal_value_balance': 0, 'points_evaluated_dvr': 0.0, 'confirmed_final_value': None, 'solar_value': None, 'lost_reason': None, 'tags': 'etc_training', 'last_contact_date': None, 'next_followup_date': None, 'depends_on_staff_id': None, 'telecaller_id': None, 'field_staff_id': None, 'associated_partner_id': None, 'direct_team_lead_points_awarded': False, 'direct_team_lead_points_awarded_at': None, 'direct_team_lead_sponsor_id': None, 'vendor_id': None ... 44 parameters truncated ... 'discom': None, 'sc_number': None, 'consumer_no': None, 'sanction_date': None, 'mnre_app_ref': None, 'discom_reg_no': None, 'latitude': None, 'longitude': None, 'grid_phase': None, 'investment_capacity': None, 'planning_to_start': None, 'full_time_business': None, 'guru_id': None, 'z_guru_id': None, 'adi_guru_id': None, 'core_id': None, 'guru_name': None, 'z_guru_name': None, 'core_name': None, 'team_senior_partner_id': None, 'team_extended_partner_id': None, 'team_core_partner_id': None, 'source_ref_type': None, 'source_ref_id': None, 'source_ref_name': None, 'field_support_ref_type': None, 'field_support_ref_id': None, 'field_support_ref_name': None, 'technical_id': None, 'support_staff_id': None, 'technical_staff1_id': None, 'guru_supported': None, 'z_guru_supported': None, 'adi_guru_supported': None, 'core_supported': None, 'telecaller_supported': None, 'showroom_supported': None, 'technical_supported': None, 'field_support_supported': None, 'support_staff_supported': None, 'technical_staff1_supported': None, 'showroom_vgk_id': None, 'primary_owner_type': None, 'primary_owner_id': None, 'property_id': None, 'lost_at': None, 'created_at': datetime.datetime(2026, 9, 7, 7, 10, 54), 'updated_at': datetime.datetime(2026, 9, 7, 7, 10, 54), 'created_by_type': 'system', 'created_by_id': 'facebook_webhook'}]
(Background on this error at: https://sqlalche.me/e/20/gkpj)
ERROR:app.core.scheduler_retry_dispatcher:[RETRY-DISPATCHER] Fatal error in retry dispatcher: (psycopg2.OperationalError) SSL connection has been closed unexpectedly

[SQL: SELECT background_jobs.id AS background_jobs_id, background_jobs.job_type AS background_jobs_job_type, background_jobs.job_key AS background_jobs_job_key, background_jobs.job_data AS background_jobs_job_data, background_jobs.status AS background_jobs_status, background_jobs.attempts AS background_jobs_attempts, background_jobs.max_attempts AS background_jobs_max_attempts, background_jobs.result AS background_jobs_result, background_jobs.error_message AS background_jobs_error_message, background_jobs.error_traceback AS background_jobs_error_traceback, background_jobs.created_at AS background_jobs_created_at, background_jobs.started_at AS background_jobs_started_at, background_jobs.completed_at AS background_jobs_completed_at, background_jobs.processing_duration_ms AS background_jobs_processing_duration_ms, background_jobs.created_by AS background_jobs_created_by, background_jobs.created_ip AS background_jobs_created_ip, background_jobs.scheduled_for AS background_jobs_scheduled_for, background_jobs.priority AS background_jobs_priority, background_jobs.scheduler_status AS background_jobs_scheduler_status, background_jobs.job_handler_module AS background_jobs_job_handler_module, background_jobs.job_handler_function AS background_jobs_job_handler_function, background_jobs.scheduler_job_id AS background_jobs_scheduler_job_id, background_jobs.last_scheduler_attempt AS background_jobs_last_scheduler_attempt, background_jobs.updated_at AS background_jobs_updated_at 
FROM background_jobs 
WHERE background_jobs.scheduler_status = %(scheduler_status_1)s AND background_jobs.created_at >= %(created_at_1)s AND background_jobs.status IN (%(status_1_1)s, %(status_1_2)s) ORDER BY background_jobs.created_at ASC 
 LIMIT %(param_1)s]
[parameters: {'scheduler_status_1': 'failed', 'created_at_1': datetime.datetime(2026, 9, 30, 1, 51, 44, 846539), 'param_1': 50, 'status_1_1': 'pending', 'status_1_2': 'retrying'}]
(Background on this error at: https://sqlalche.me/e/20/e3q8)
INFO:     connection closed
WARNING:app.api.v1.endpoints.feedback:[PUBLIC-ANNOUNCEMENTS] Non-fatal announcements query error (safe fallback): (psycopg2.OperationalError) connection to server at "myntreal-database.c5gywaicq6zu.ap-south-2.rds.amazonaws.com" (16.112.74.247), port 5432 failed: timeout expired

(Background on this error at: https://sqlalche.me/e/20/e3q8)
INFO:     127.0.0.1:64020 - "GET /api/v1/feedback/public/announcements?limit=10 HTTP/1.1" 200 OK
WARNING:apscheduler.executors.default:Run time of job "MyOperator: Periodic Call Log Sync (every 30 min) (trigger: cron[minute='*/30'], next run at: 2026-10-01 08:00:00 IST)" was missed by 0:16:48.330304
WARNING:apscheduler.executors.default:Run time of job "WhatsApp: Daily VGK Member 7:30AM Revenue Statement Dispatch (trigger: cron[hour='7', minute='30'], next run at: 2026-10-02 07:30:00 IST)" was missed by 0:16:48.347762
WARNING:apscheduler.executors.default:Run time of job "WhatsApp: Daily VGK 0-Lead 7:30AM Motivational Dispatch (trigger: cron[hour='7', minute='30'], next run at: 2026-10-02 07:30:00 IST)" was missed by 0:16:48.348292
WARNING:app.services.facebook_leads_service:Meta Graph API error [VALIDATION] status=400: (#10) User has insufficient privileges on the page.
WARNING:app.services.facebook_leads_service:Meta Graph API error [AUTHENTICATION] status=400: Unsupported get request. Object with ID '1005465332641372' does not exist, cannot be loaded due to missing permissions, or does not support this operation. Please read the Graph API documentation at https://developers.facebook.com/docs/graph-api
WARNING:app.services.facebook_leads_service:Meta Graph API error [AUTHENTICATION] status=400: Unsupported get request. Object with ID '1019684831223211' does not exist, cannot be loaded due to missing permissions, or does not support this operation. Please read the Graph API documentation at https://developers.facebook.com/docs/graph-api
WARNING:app.services.facebook_leads_service:Error checking lead existence for 2310513233122266: (psycopg2.OperationalError) SSL connection has been closed unexpectedly

[SQL: SELECT meta_leads_attribution.id AS meta_leads_attribution_id 
FROM meta_leads_attribution 
WHERE meta_leads_attribution.meta_lead_id IN (%(meta_lead_id_1_1)s, %(meta_lead_id_1_2)s, %(meta_lead_id_1_3)s) 
 LIMIT %(param_1)s]
[parameters: {'param_1': 1, 'meta_lead_id_1_1': '2310513233122266', 'meta_lead_id_1_2': 'l:2310513233122266', 'meta_lead_id_1_3': '2310513233122266'}]
(Background on this error at: https://sqlalche.me/e/20/e3q8)
INFO:     127.0.0.1:61257 - "GET /health HTTP/1.1" 200 OK
WARNING:app.services.facebook_leads_service:Meta Graph API error [AUTHENTICATION] status=400: Unsupported get request. Object with ID '921784744346805' does not exist, cannot be loaded due to missing permissions, or does not support this operation. Please read the Graph API documentation at https://developers.facebook.com/docs/graph-api
WARNING:app.services.facebook_leads_service:Error checking lead existence for 2356721351739033: (psycopg2.OperationalError) SSL connection has been closed unexpectedly

[SQL: SELECT meta_leads_attribution.id AS meta_leads_attribution_id 
FROM meta_leads_attribution 
WHERE meta_leads_attribution.meta_lead_id IN (%(meta_lead_id_1_1)s, %(meta_lead_id_1_2)s, %(meta_lead_id_1_3)s) 
 LIMIT %(param_1)s]
[parameters: {'param_1': 1, 'meta_lead_id_1_1': '2356721351739033', 'meta_lead_id_1_2': 'l:2356721351739033', 'meta_lead_id_1_3': '2356721351739033'}]
(Background on this error at: https://sqlalche.me/e/20/e3q8)
ERROR:app.services.facebook_leads_service:[DB-INTEGRITY-ERROR] Integrity error ingesting lead 2584191212042184: (psycopg2.errors.UniqueViolation) duplicate key value violates unique constraint "ux_crm_leads_phone"
DETAIL:  Key (phone)=(+916300209352) already exists.

[SQL: INSERT INTO crm_leads (tenant_id, company_id, name, gender, email, phone, phone_primary_whatsapp, alternate_phone, phone_secondary_whatsapp, category_id, source, source_details, status, priority, handler_type, handler_id, description, requirements, looking_for, recent_comments, budget_min, budget_max, address, area, city, state, pincode, expected_close_date, actual_close_date, deal_value, deal_value_total, deal_value_excl_tax, deal_tax_rate, deal_value_received, deal_value_balance, points_evaluated_dvr, confirmed_final_value, solar_value, lost_reason, tags, last_contact_date, next_followup_date, depends_on_staff_id, telecaller_id, field_staff_id, associated_partner_id, direct_team_lead_points_awarded, direct_team_lead_points_awarded_at, direct_team_lead_sponsor_id, vendor_id, mnr_handler_id, is_vgk_program, vgk_field_support_id, solar_brand_id, community_id, aadhaar_number, pan_number, electricity_bill_number, google_maps_link, bank_account_number, ifsc_code, subsidy_status, application_no, accepted_date, loan_bank, bank_branch, documents_folder_link, material_reach_date, installation_date, existing_association, bank_entry_updated, bank_statement_available, regular_income_available, monthly_income, co_applicant_name, co_applicant_phone, co_applicant_aadhaar, co_applicant_pan, co_applicant_bank_account, co_applicant_ifsc, solar_pipeline_status, solar_pipeline_status_updated_at, submit_date, complete_date, first_dvr_confirmed_at, first_payment_received_date, remaining_stage1_advance, remaining_stage1_advance_l1, remaining_stage1_advance_l2, cibil_confirmed, cibil_score, cibil_score_updated_at, ev_b2b_stage, kw_size, discom, sc_number, consumer_no, sanction_date, mnre_app_ref, discom_reg_no, latitude, longitude, grid_phase, investment_capacity, planning_to_start, full_time_business, guru_id, z_guru_id, adi_guru_id, core_id, guru_name, z_guru_name, core_name, team_senior_partner_id, team_extended_partner_id, team_core_partner_id, source_ref_type, source_ref_id, source_ref_name, field_support_ref_type, field_support_ref_id, field_support_ref_name, technical_id, support_staff_id, technical_staff1_id, guru_supported, z_guru_supported, adi_guru_supported, core_supported, telecaller_supported, showroom_supported, technical_supported, field_support_supported, support_staff_supported, technical_staff1_supported, showroom_vgk_id, primary_owner_type, primary_owner_id, property_id, lost_at, created_at, updated_at, created_by_type, created_by_id) VALUES (%(tenant_id)s, %(company_id)s, %(name)s, %(gender)s, %(email)s, %(phone)s, %(phone_primary_whatsapp)s, %(alternate_phone)s, %(phone_secondary_whatsapp)s, %(category_id)s, %(source)s, %(source_details)s, %(status)s, %(priority)s, %(handler_type)s, %(handler_id)s, %(description)s, %(requirements)s, %(looking_for)s, %(recent_comments)s, %(budget_min)s, %(budget_max)s, %(address)s, %(area)s, %(city)s, %(state)s, %(pincode)s, %(expected_close_date)s, %(actual_close_date)s, %(deal_value)s, %(deal_value_total)s, %(deal_value_excl_tax)s, %(deal_tax_rate)s, %(deal_value_received)s, %(deal_value_balance)s, %(points_evaluated_dvr)s, %(confirmed_final_value)s, %(solar_value)s, %(lost_reason)s, %(tags)s, %(last_contact_date)s, %(next_followup_date)s, %(depends_on_staff_id)s, %(telecaller_id)s, %(field_staff_id)s, %(associated_partner_id)s, %(direct_team_lead_points_awarded)s, %(direct_team_lead_points_awarded_at)s, %(direct_team_lead_sponsor_id)s, %(vendor_id)s, %(mnr_handler_id)s, %(is_vgk_program)s, %(vgk_field_support_id)s, %(solar_brand_id)s, %(community_id)s, %(aadhaar_number)s, %(pan_number)s, %(electricity_bill_number)s, %(google_maps_link)s, %(bank_account_number)s, %(ifsc_code)s, %(subsidy_status)s, %(application_no)s, %(accepted_date)s, %(loan_bank)s, %(bank_branch)s, %(documents_folder_link)s, %(material_reach_date)s, %(installation_date)s, %(existing_association)s, %(bank_entry_updated)s, %(bank_statement_available)s, %(regular_income_available)s, %(monthly_income)s, %(co_applicant_name)s, %(co_applicant_phone)s, %(co_applicant_aadhaar)s, %(co_applicant_pan)s, %(co_applicant_bank_account)s, %(co_applicant_ifsc)s, %(solar_pipeline_status)s, %(solar_pipeline_status_updated_at)s, %(submit_date)s, %(complete_date)s, %(first_dvr_confirmed_at)s, %(first_payment_received_date)s, %(remaining_stage1_advance)s, %(remaining_stage1_advance_l1)s, %(remaining_stage1_advance_l2)s, %(cibil_confirmed)s, %(cibil_score)s, %(cibil_score_updated_at)s, %(ev_b2b_stage)s, %(kw_size)s, %(discom)s, %(sc_number)s, %(consumer_no)s, %(sanction_date)s, %(mnre_app_ref)s, %(discom_reg_no)s, %(latitude)s, %(longitude)s, %(grid_phase)s, %(investment_capacity)s, %(planning_to_start)s, %(full_time_business)s, %(guru_id)s, %(z_guru_id)s, %(adi_guru_id)s, %(core_id)s, %(guru_name)s, %(z_guru_name)s, %(core_name)s, %(team_senior_partner_id)s, %(team_extended_partner_id)s, %(team_core_partner_id)s, %(source_ref_type)s, %(source_ref_id)s, %(source_ref_name)s, %(field_support_ref_type)s, %(field_support_ref_id)s, %(field_support_ref_name)s, %(technical_id)s, %(support_staff_id)s, %(technical_staff1_id)s, %(guru_supported)s, %(z_guru_supported)s, %(adi_guru_supported)s, %(core_supported)s, %(telecaller_supported)s, %(showroom_supported)s, %(technical_supported)s, %(field_support_supported)s, %(support_staff_supported)s, %(technical_staff1_supported)s, %(showroom_vgk_id)s, %(primary_owner_type)s, %(primary_owner_id)s, %(property_id)s, %(lost_at)s, %(created_at)s, %(updated_at)s, %(created_by_type)s, %(created_by_id)s) RETURNING crm_leads.id]
[parameters: {'tenant_id': 1, 'company_id': 2, 'name': 'Rajakumar', 'gender': None, 'email': 'rajak67742@gmail.com', 'phone': '+916300209352', 'phone_primary_whatsapp': False, 'alternate_phone': None, 'phone_secondary_whatsapp': False, 'category_id': 42, 'source': 'Online - M', 'source_details': '{"lead_id": "2584191212042184", "form_id": "1596737462160734", "page_id": "442395068958730", "page_name": "EV Craze4u", "page_segment": "EV_SPARES",  ... (166 characters truncated) ... , "email": "rajak67742@gmail.com", "full_name": "Rajakumar", "phone_number": "+916300209352", "zip_code": "504204", "phone_number_verified": "true"}}', 'status': 'new', 'priority': 'high', 'handler_type': 'unassigned', 'handler_id': None, 'description': 'Facebook Lead — EV Craze4u\nWhat Are You Interested In?: ev_technician_career', 'requirements': None, 'looking_for': 'ETC Training', 'recent_comments': None, 'budget_min': None, 'budget_max': None, 'address': None, 'area': None, 'city': 'Adilabad', 'state': 'Telangana', 'pincode': '504204', 'expected_close_date': None, 'actual_close_date': None, 'deal_value': None, 'deal_value_total': 0, 'deal_value_excl_tax': 0, 'deal_tax_rate': 0, 'deal_value_received': 0, 'deal_value_balance': 0, 'points_evaluated_dvr': 0.0, 'confirmed_final_value': None, 'solar_value': None, 'lost_reason': None, 'tags': 'etc_training', 'last_contact_date': None, 'next_followup_date': None, 'depends_on_staff_id': None, 'telecaller_id': None, 'field_staff_id': None, 'associated_partner_id': None, 'direct_team_lead_points_awarded': False, 'direct_team_lead_points_awarded_at': None, 'direct_team_lead_sponsor_id': None, 'vendor_id': None ... 44 parameters truncated ... 'discom': None, 'sc_number': None, 'consumer_no': None, 'sanction_date': None, 'mnre_app_ref': None, 'discom_reg_no': None, 'latitude': None, 'longitude': None, 'grid_phase': None, 'investment_capacity': None, 'planning_to_start': None, 'full_time_business': None, 'guru_id': None, 'z_guru_id': None, 'adi_guru_id': None, 'core_id': None, 'guru_name': None, 'z_guru_name': None, 'core_name': None, 'team_senior_partner_id': None, 'team_extended_partner_id': None, 'team_core_partner_id': None, 'source_ref_type': None, 'source_ref_id': None, 'source_ref_name': None, 'field_support_ref_type': None, 'field_support_ref_id': None, 'field_support_ref_name': None, 'technical_id': None, 'support_staff_id': None, 'technical_staff1_id': None, 'guru_supported': None, 'z_guru_supported': None, 'adi_guru_supported': None, 'core_supported': None, 'telecaller_supported': None, 'showroom_supported': None, 'technical_supported': None, 'field_support_supported': None, 'support_staff_supported': None, 'technical_staff1_supported': None, 'showroom_vgk_id': None, 'primary_owner_type': None, 'primary_owner_id': None, 'property_id': None, 'lost_at': None, 'created_at': datetime.datetime(2026, 9, 7, 7, 10, 54), 'updated_at': datetime.datetime(2026, 9, 7, 7, 10, 54), 'created_by_type': 'system', 'created_by_id': 'facebook_webhook'}]
(Background on this error at: https://sqlalche.me/e/20/gkpj)
