[DC-DB-INIT] Database module loading...
[DC-DB-INIT] DATABASE_URL found: postgresql://postgres:***@myntreal-database.c5gywaicq6zu.ap-south-2.rds.amazonaws.com:5432/postgres
[DC-DB-INIT] Using config DATABASE_URL: postgresql://postgres:***@myntreal-database.c5gywaicq6zu.ap-south-2.rds.amazonaws.com:5432/postgres
[DC-DB-INIT] Creating PostgreSQL engine (Neon cloud mode)...
[DC-DB-INIT] Engine created successfully
[DC-STATIC] ✅ Public assets mounted: /public -> /Users/viswanathkari/Documents/Mynt OS/MyntReal_Latest/frontend/public
[DC-STATIC] ✅ Marketplace images mounted: /marketplace/product-images -> /Users/viswanathkari/Documents/Mynt OS/MyntReal_Latest/frontend/public/marketplace/product-images
[DC-MODULE-PRELOAD] ✅ 198 migration keys cached for module-level blocks
[DC-VEH-COLOR-001] ✅ Tables already exist (skipped)
[DC-VEH-COLOR-SEED-001] ✅ Already seeded (skipped)
[DC-VEH-COLOR-OB-001] ✅ Already seeded (skipped)
[DC-VEH-COLOR-PARTY-002] ✅ Already applied (skipped)
[DC-VEH-COLOR-BATCH-PARTY-003] ✅ Already applied (skipped)
[DC-ACC-INV-001] ✅ Tables already exist (skipped)
[DC-ACC-INV-SEED-001] ✅ Seed already applied (skipped)
[DC-ACC-SUBTYPE-001] ✅ Already applied (skipped)
[DC-ACC-DATA-V2-001] ✅ Already applied (skipped)
[DC-PL-ACCT-BACKFILL-001] ✅ Already applied (skipped)
[DC-PL-CONSTRAINT-FIX-001] ✅ Already applied (skipped)
[DC-VENDOR-REPAIR-TRACKER-001] ✅ Already applied — skip
[DC-CUSTOMER-SPARE-001] ✅ Already applied — skip
[DC-STANDALONE-SPARE-001] ✅ Already applied — skip
[DC-VGK-STAGE1-001] ✅ Already applied — skip
[DC-PURCHASE-DEDUP-001] ✅ Already applied — skip
[DC-SI-NET-PAY-001] ✅ Already applied — skip
[DC-VGK-MKT-ENHANCE-001] ✅ Already applied — skip
[DC-OPCALL-CALLNOTE-001] ✅ Already applied — skip
[DC-WA-ACK-TEMPLATES-001] ✅ Already applied — skip
[DC-INCENTIVE-EMP-TARGETS-001] ✅ Already applied — skip
[DC-VGK-L4CORE-001] ✅ Already applied — skip
[DC-CRM-DATE-BACKFILL-001] ✅ Already applied — skip
[DC-PL-JV-PARTY-REPAIR-001] ✅ Already applied — skip
[DC-REFERRAL-BONUS-001] ✅ Already applied — skip
[DC-SHOWROOM-CFG-001] ✅ Already applied — skip
[DC-SUBMIT-DATE-REPAIR-001] ✅ Already applied — skip
[DC-CANCEL-REGEN-001] ✅ Already applied — skip
[DC-VGK-BRAND-001] ✅ Already applied — skip
[DC-VGK-BRAND-LEVEL-001] ⚠️ error: name 'text' is not defined
[DC-VGK-BRAND-LEAD-001] ✅ Already applied — skip
[DC-VGK-MULTI-ADV-001] ✅ Already applied — skip
[DC-VGK-CASH-KIND-001] ✅ Already applied — skip
[DC-VGK-CASH-KIND-002] ✅ Already applied — skip
[DC-VGK-BRAND-SEED-001] ✅ Already applied — skip
[DC-RETURN-001] ✅ Already applied — skip
[DC-RETURN-INV-001] ✅ Already applied — skip
[DC-LEDGER-TYPE-001] ✅ Already applied — skip
[DC-JV-COMPOUND-001] ✅ Already applied — skip
[DC-AL-CHAIN-REPAIR-001] ✅ Already applied — skip
[DC-AL-SIGN-REPAIR-001] ✅ Already applied — skip
[DC-TDS-CHALLAN-001] ✅ Already applied — skip
[DC-DRAFT-001] ⏭️ Already applied — skipping
[DC-CIBIL-DATE-OVERRIDE-001] ⏭️ Already applied — skipping
[DC-ADV-CONSTRAINT-FIX-001] ⏭️ Already applied — skipping
[DC-BONANZA-TRACK-IDX-001] ⏭️ Already applied — skipping
[DC-TEAM-UPLINE-BACKFILL-001] ⏭️ Already applied — skipping
[DC-TEAM-CORE-BACKFILL-001] ⏭️ Already applied — skipping
[DC-VGK-NO-AUTO-JV-001] ⏭️ Already applied — skipping
[DC-SUPPORT-TECH1-STAFF-001] ⏭️ Already applied — skipping
[DC-HCI-001] ⏭️ Already applied — skipping
[DC-SLAB-L1-ONLY-CLEANUP-001] ⏭️ Already applied — skipping
[DC-ADV-KIND-CONSTRAINT-001] ⏭️ Already applied — skipping
[DC-BKFILL-001] ⏭️ Already applied — skipping
[DC-KIND-DVR-ADVANCE-001] ⏭️ Already applied — skipping
[DC-DVR-MIRROR-BKFILL] ⏭️ Already applied — skipping
[DC-ADVANCE-4000-FIX] ⏭️ Already applied — skipping
[DC-VCI-4000-FIX2] ⏭️ Already applied — skipping
[DC-SLAB-NISSI-LOOP-FIX] ⏭️ Already applied — skipping
[DC-PREMATURE-SOLAR-DRAFT] ⏭️ Already applied — skipping
[DC-EXTRA-COMM-001] ⏭️ Already applied — skipping
[DC-FIRST-PMT-001] ⏭️ Already applied — skipping
[DC-FIRST-PMT-BACKFILL-V2] ⏭️ Already applied — skipping
[DC-ASSOC-PARTNER-SRC-BACKFILL] ⏭️ Already applied — skipping
[DC-AWARD-TRIGGER-001] ⏭️  Already applied — skipping
[DC-EC-PER-LEVEL-TRIGGER-001] ⏭️  Already applied — skipping
[DC-EC-POSITIVE-TARGET-RELAX-001] ⏭️  Already applied — skipping
[DC-FREELANCER-ACCESS-001] ⏭️  Already applied — skipping
INFO:     Started server process [3212]
INFO:     Waiting for application startup.
[DC-STARTUP] Background startup worker started
[DC-STARTUP] ✅ Server ready — background startup in progress
INFO:     Application startup complete.
INFO:     Uvicorn running on http://0.0.0.0:8000 (Press CTRL+C to quit)
[DC-STARTUP] ✅ DB connected (attempt 1)
[DC-STARTUP] ✅ Migration key cache: 198 keys preloaded (fast-skip active)
INFO:     127.0.0.1:50356 - "HEAD /docs HTTP/1.1" 404 Not Found
WARNING:dc.security:[DC-VERIFY-003] passlib verify raised: hash could not be identified — returning False
INFO:     127.0.0.1:50357 - "POST /api/v1/staff/auth/login HTTP/1.1" 401 Unauthorized
[DC-STARTUP] ✅ Critical unique indexes & constraints verified/ensured on DB tables
[DC-OP-SCHEMA-001] ✅ official_partners (7) + vendor_master (2) missing columns ensured + manual_party_master table ready
[DC_CONSOLIDATED_EARLY_001] ✅ is_direct_expense column ensured on expense_main_category
[DC_EXPENSE_SUBCATEGORY_NULLABLE_001] ✅ expense_entries.sub_category_id is now nullable
INFO:     127.0.0.1:50364 - "GET /api/v1/feedback/public/announcements?limit=10 HTTP/1.1" 200 OK
[DC-NAME-GENDER] ✅ name_title/first_name/last_name/gender columns ensured on official_partners + promo_influencers
[DC-VGK-SEED] ✅ VGK07102207 root member already exists — skipping
[DC-WELCOME-FIX] Current positive_amounts: CHECK (((package_value >= 0) AND (total_amount >= (0)::numeric) AND (payment_amount >= (0)::numeric)))
[DC-WELCOME-FIX] Current valid_package_type: CHECK (((package_type)::text = ANY (ARRAY[('15000'::character varying)::text, ('7500'::character varying)::text, ('1000'::character varying)::text, ('500'::character varying)::text, ('0'::character varying)::text])))
[DC-WELCOME-FIX] Constraints already correct — no changes needed
INFO:     127.0.0.1:50368 - "POST /api/v1/staff/auth/login HTTP/1.1" 200 OK
[DC-VGK-COUPON] ✅ vgk_coupon_ledger schema updated: bonus_credit, manual_adjustment, reference_id
[DC-VGK-HOLD] ✅ vgk_team_income_entries: HOLD status + required_points_debit added
INFO:     127.0.0.1:50375 - "POST /api/v1/staff/auth/login HTTP/1.1" 200 OK
[DC-VGK-LOYAL] ✅ is_loyal_coupon column + LOYAL_BONUS reason code added
[DC-RD-VGK] ✅ vgk_l1_pct..l4_pct columns added to rd_properties
[DC-MARKET-SEG] ✅ segment_type column added to marketplace_segments
[DC-VGK-CASH] ✅ vgk_cash_income_entries table + vgk_cash_wallet column + indexes created
[DC-VGK-WALLET] ✅ vgk_cash_earned_total + vgk_wallet_transactions created
INFO:     127.0.0.1:50384 - "POST /api/v1/staff/auth/login HTTP/1.1" 200 OK
INFO:     127.0.0.1:50383 - "GET /api/v1/feedback/public/announcements?limit=10 HTTP/1.1" 200 OK
[DC-FIX-2605-TXN-CHECK] ✅ vgk_wallet_transactions txn_type CHECK constraint expanded (11 types)
[DC-VGK-VENDOR] ✅ All 8 VGK Vendor system tables created
[DC-VGK-VENDOR] ✅ logo_url + banner_url columns ensured on vgk_vendors
INFO:     127.0.0.1:50383 - "POST /api/v1/staff/auth/login HTTP/1.1" 200 OK
INFO:     127.0.0.1:50388 - "GET /api/v1/staff/auth/me HTTP/1.1" 200 OK
INFO:     127.0.0.1:50388 - "GET /api/v1/auth/me HTTP/1.1" 401 Unauthorized
INFO:     127.0.0.1:50394 - "GET /api/v1/staff/menu-settings/registry?audience=staff&include_sections=true HTTP/1.1" 200 OK
[DC-STARTUP] ✅ marketplace_spares columns all present — no ALTER TABLE needed
ERROR:app.core.exceptions:SQLAlchemy Error on GET /api/v1/staff/auth/me: connection to server at "myntreal-database.c5gywaicq6zu.ap-south-2.rds.amazonaws.com" (16.112.74.247), port 5432 failed: timeout expired

ERROR:app.core.exceptions:Full traceback: Traceback (most recent call last):
  File "/Library/Frameworks/Python.framework/Versions/3.13/lib/python3.13/site-packages/sqlalchemy/engine/base.py", line 143, in __init__
    self._dbapi_connection = engine.raw_connection()
                             ~~~~~~~~~~~~~~~~~~~~~^^
  File "/Library/Frameworks/Python.framework/Versions/3.13/lib/python3.13/site-packages/sqlalchemy/engine/base.py", line 3309, in raw_connection
    return self.pool.connect()
           ~~~~~~~~~~~~~~~~~^^
  File "/Library/Frameworks/Python.framework/Versions/3.13/lib/python3.13/site-packages/sqlalchemy/pool/base.py", line 447, in connect
    return _ConnectionFairy._checkout(self)
           ~~~~~~~~~~~~~~~~~~~~~~~~~~^^^^^^
  File "/Library/Frameworks/Python.framework/Versions/3.13/lib/python3.13/site-packages/sqlalchemy/pool/base.py", line 1264, in _checkout
    fairy = _ConnectionRecord.checkout(pool)
  File "/Library/Frameworks/Python.framework/Versions/3.13/lib/python3.13/site-packages/sqlalchemy/pool/base.py", line 711, in checkout
    rec = pool._do_get()
  File "/Library/Frameworks/Python.framework/Versions/3.13/lib/python3.13/site-packages/sqlalchemy/pool/impl.py", line 177, in _do_get
    with util.safe_reraise():
         ~~~~~~~~~~~~~~~~~^^
  File "/Library/Frameworks/Python.framework/Versions/3.13/lib/python3.13/site-packages/sqlalchemy/util/langhelpers.py", line 224, in __exit__
    raise exc_value.with_traceback(exc_tb)
  File "/Library/Frameworks/Python.framework/Versions/3.13/lib/python3.13/site-packages/sqlalchemy/pool/impl.py", line 175, in _do_get
    return self._create_connection()
           ~~~~~~~~~~~~~~~~~~~~~~~^^
  File "/Library/Frameworks/Python.framework/Versions/3.13/lib/python3.13/site-packages/sqlalchemy/pool/base.py", line 388, in _create_connection
    return _ConnectionRecord(self)
  File "/Library/Frameworks/Python.framework/Versions/3.13/lib/python3.13/site-packages/sqlalchemy/pool/base.py", line 673, in __init__
    self.__connect()
    ~~~~~~~~~~~~~~^^
  File "/Library/Frameworks/Python.framework/Versions/3.13/lib/python3.13/site-packages/sqlalchemy/pool/base.py", line 899, in __connect
    with util.safe_reraise():
         ~~~~~~~~~~~~~~~~~^^
  File "/Library/Frameworks/Python.framework/Versions/3.13/lib/python3.13/site-packages/sqlalchemy/util/langhelpers.py", line 224, in __exit__
    raise exc_value.with_traceback(exc_tb)
  File "/Library/Frameworks/Python.framework/Versions/3.13/lib/python3.13/site-packages/sqlalchemy/pool/base.py", line 895, in __connect
    self.dbapi_connection = connection = pool._invoke_creator(self)
                                         ~~~~~~~~~~~~~~~~~~~~^^^^^^
  File "/Library/Frameworks/Python.framework/Versions/3.13/lib/python3.13/site-packages/sqlalchemy/engine/create.py", line 661, in connect
    return dialect.connect(*cargs, **cparams)
           ~~~~~~~~~~~~~~~^^^^^^^^^^^^^^^^^^^
  File "/Library/Frameworks/Python.framework/Versions/3.13/lib/python3.13/site-packages/sqlalchemy/engine/default.py", line 630, in connect
    return self.loaded_dbapi.connect(*cargs, **cparams)  # type: ignore[no-any-return]  # NOQA: E501
           ~~~~~~~~~~~~~~~~~~~~~~~~~^^^^^^^^^^^^^^^^^^^
  File "/Library/Frameworks/Python.framework/Versions/3.13/lib/python3.13/site-packages/psycopg2/__init__.py", line 122, in connect
    conn = _connect(dsn, connection_factory=connection_factory, **kwasync)
psycopg2.OperationalError: connection to server at "myntreal-database.c5gywaicq6zu.ap-south-2.rds.amazonaws.com" (16.112.74.247), port 5432 failed: timeout expired


The above exception was the direct cause of the following exception:

Traceback (most recent call last):
  File "/Library/Frameworks/Python.framework/Versions/3.13/lib/python3.13/site-packages/starlette/_exception_handler.py", line 42, in wrapped_app
    await app(scope, receive, sender)
  File "/Library/Frameworks/Python.framework/Versions/3.13/lib/python3.13/site-packages/fastapi/routing.py", line 105, in app
    response = await f(request)
               ^^^^^^^^^^^^^^^^
  File "/Library/Frameworks/Python.framework/Versions/3.13/lib/python3.13/site-packages/fastapi/routing.py", line 416, in app
    solved_result = await solve_dependencies(
                    ^^^^^^^^^^^^^^^^^^^^^^^^^
    ...<6 lines>...
    )
    ^
  File "/Library/Frameworks/Python.framework/Versions/3.13/lib/python3.13/site-packages/fastapi/dependencies/utils.py", line 647, in solve_dependencies
    solved_result = await solve_dependencies(
                    ^^^^^^^^^^^^^^^^^^^^^^^^^
    ...<9 lines>...
    )
    ^
  File "/Library/Frameworks/Python.framework/Versions/3.13/lib/python3.13/site-packages/fastapi/dependencies/utils.py", line 670, in solve_dependencies
    solved = await _solve_generator(
             ^^^^^^^^^^^^^^^^^^^^^^^
    ...<3 lines>...
    )
    ^
  File "/Library/Frameworks/Python.framework/Versions/3.13/lib/python3.13/site-packages/fastapi/dependencies/utils.py", line 584, in _solve_generator
    return await stack.enter_async_context(cm)
           ^^^^^^^^^^^^^^^^^^^^^^^^^^^^^^^^^^^
  File "/Library/Frameworks/Python.framework/Versions/3.13/lib/python3.13/contextlib.py", line 668, in enter_async_context
    result = await _enter(cm)
             ^^^^^^^^^^^^^^^^
  File "/Library/Frameworks/Python.framework/Versions/3.13/lib/python3.13/contextlib.py", line 214, in __aenter__
    return await anext(self.gen)
           ^^^^^^^^^^^^^^^^^^^^^
  File "/Library/Frameworks/Python.framework/Versions/3.13/lib/python3.13/site-packages/fastapi/concurrency.py", line 37, in contextmanager_in_threadpool
    raise e
  File "/Library/Frameworks/Python.framework/Versions/3.13/lib/python3.13/site-packages/fastapi/concurrency.py", line 29, in contextmanager_in_threadpool
    yield await run_in_threadpool(cm.__enter__)
          ^^^^^^^^^^^^^^^^^^^^^^^^^^^^^^^^^^^^^
  File "/Library/Frameworks/Python.framework/Versions/3.13/lib/python3.13/site-packages/starlette/concurrency.py", line 32, in run_in_threadpool
    return await anyio.to_thread.run_sync(func)
           ^^^^^^^^^^^^^^^^^^^^^^^^^^^^^^^^^^^^
  File "/Library/Frameworks/Python.framework/Versions/3.13/lib/python3.13/site-packages/anyio/to_thread.py", line 61, in run_sync
    return await get_async_backend().run_sync_in_worker_thread(
           ^^^^^^^^^^^^^^^^^^^^^^^^^^^^^^^^^^^^^^^^^^^^^^^^^^^^
        func, args, abandon_on_cancel=abandon_on_cancel, limiter=limiter
        ^^^^^^^^^^^^^^^^^^^^^^^^^^^^^^^^^^^^^^^^^^^^^^^^^^^^^^^^^^^^^^^^
    )
    ^
  File "/Library/Frameworks/Python.framework/Versions/3.13/lib/python3.13/site-packages/anyio/_backends/_asyncio.py", line 2525, in run_sync_in_worker_thread
    return await future
           ^^^^^^^^^^^^
  File "/Library/Frameworks/Python.framework/Versions/3.13/lib/python3.13/site-packages/anyio/_backends/_asyncio.py", line 986, in run
    result = context.run(func, *args)
  File "/Library/Frameworks/Python.framework/Versions/3.13/lib/python3.13/contextlib.py", line 141, in __enter__
    return next(self.gen)
  File "/Users/viswanathkari/Documents/Mynt OS/MyntReal_Latest/backend/app/core/database.py", line 148, in get_db
    db.execute(_text("SET statement_timeout = 25000"))
    ~~~~~~~~~~^^^^^^^^^^^^^^^^^^^^^^^^^^^^^^^^^^^^^^^^
  File "/Library/Frameworks/Python.framework/Versions/3.13/lib/python3.13/site-packages/sqlalchemy/orm/session.py", line 2351, in execute
    return self._execute_internal(
           ~~~~~~~~~~~~~~~~~~~~~~^
        statement,
        ^^^^^^^^^^
    ...<4 lines>...
        _add_event=_add_event,
        ^^^^^^^^^^^^^^^^^^^^^^
    )
    ^
  File "/Library/Frameworks/Python.framework/Versions/3.13/lib/python3.13/site-packages/sqlalchemy/orm/session.py", line 2239, in _execute_internal
    conn = self._connection_for_bind(bind)
  File "/Library/Frameworks/Python.framework/Versions/3.13/lib/python3.13/site-packages/sqlalchemy/orm/session.py", line 2108, in _connection_for_bind
    return trans._connection_for_bind(engine, execution_options)
           ~~~~~~~~~~~~~~~~~~~~~~~~~~^^^^^^^^^^^^^^^^^^^^^^^^^^^
  File "<string>", line 2, in _connection_for_bind
  File "/Library/Frameworks/Python.framework/Versions/3.13/lib/python3.13/site-packages/sqlalchemy/orm/state_changes.py", line 137, in _go
    ret_value = fn(self, *arg, **kw)
  File "/Library/Frameworks/Python.framework/Versions/3.13/lib/python3.13/site-packages/sqlalchemy/orm/session.py", line 1187, in _connection_for_bind
    conn = bind.connect()
  File "/Library/Frameworks/Python.framework/Versions/3.13/lib/python3.13/site-packages/sqlalchemy/engine/base.py", line 3285, in connect
    return self._connection_cls(self)
           ~~~~~~~~~~~~~~~~~~~~^^^^^^
  File "/Library/Frameworks/Python.framework/Versions/3.13/lib/python3.13/site-packages/sqlalchemy/engine/base.py", line 145, in __init__
    Connection._handle_dbapi_exception_noconnection(
    ~~~~~~~~~~~~~~~~~~~~~~~~~~~~~~~~~~~~~~~~~~~~~~~^
        err, dialect, engine
        ^^^^^^^^^^^^^^^^^^^^
    )
    ^
  File "/Library/Frameworks/Python.framework/Versions/3.13/lib/python3.13/site-packages/sqlalchemy/engine/base.py", line 2448, in _handle_dbapi_exception_noconnection
    raise sqlalchemy_exception.with_traceback(exc_info[2]) from e
  File "/Library/Frameworks/Python.framework/Versions/3.13/lib/python3.13/site-packages/sqlalchemy/engine/base.py", line 143, in __init__
    self._dbapi_connection = engine.raw_connection()
                             ~~~~~~~~~~~~~~~~~~~~~^^
  File "/Library/Frameworks/Python.framework/Versions/3.13/lib/python3.13/site-packages/sqlalchemy/engine/base.py", line 3309, in raw_connection
    return self.pool.connect()
           ~~~~~~~~~~~~~~~~~^^
  File "/Library/Frameworks/Python.framework/Versions/3.13/lib/python3.13/site-packages/sqlalchemy/pool/base.py", line 447, in connect
    return _ConnectionFairy._checkout(self)
           ~~~~~~~~~~~~~~~~~~~~~~~~~~^^^^^^
  File "/Library/Frameworks/Python.framework/Versions/3.13/lib/python3.13/site-packages/sqlalchemy/pool/base.py", line 1264, in _checkout
    fairy = _ConnectionRecord.checkout(pool)
  File "/Library/Frameworks/Python.framework/Versions/3.13/lib/python3.13/site-packages/sqlalchemy/pool/base.py", line 711, in checkout
    rec = pool._do_get()
  File "/Library/Frameworks/Python.framework/Versions/3.13/lib/python3.13/site-packages/sqlalchemy/pool/impl.py", line 177, in _do_get
    with util.safe_reraise():
         ~~~~~~~~~~~~~~~~~^^
  File "/Library/Frameworks/Python.framework/Versions/3.13/lib/python3.13/site-packages/sqlalchemy/util/langhelpers.py", line 224, in __exit__
    raise exc_value.with_traceback(exc_tb)
  File "/Library/Frameworks/Python.framework/Versions/3.13/lib/python3.13/site-packages/sqlalchemy/pool/impl.py", line 175, in _do_get
    return self._create_connection()
           ~~~~~~~~~~~~~~~~~~~~~~~^^
  File "/Library/Frameworks/Python.framework/Versions/3.13/lib/python3.13/site-packages/sqlalchemy/pool/base.py", line 388, in _create_connection
    return _ConnectionRecord(self)
  File "/Library/Frameworks/Python.framework/Versions/3.13/lib/python3.13/site-packages/sqlalchemy/pool/base.py", line 673, in __init__
    self.__connect()
    ~~~~~~~~~~~~~~^^
  File "/Library/Frameworks/Python.framework/Versions/3.13/lib/python3.13/site-packages/sqlalchemy/pool/base.py", line 899, in __connect
    with util.safe_reraise():
         ~~~~~~~~~~~~~~~~~^^
  File "/Library/Frameworks/Python.framework/Versions/3.13/lib/python3.13/site-packages/sqlalchemy/util/langhelpers.py", line 224, in __exit__
    raise exc_value.with_traceback(exc_tb)
  File "/Library/Frameworks/Python.framework/Versions/3.13/lib/python3.13/site-packages/sqlalchemy/pool/base.py", line 895, in __connect
    self.dbapi_connection = connection = pool._invoke_creator(self)
                                         ~~~~~~~~~~~~~~~~~~~~^^^^^^
  File "/Library/Frameworks/Python.framework/Versions/3.13/lib/python3.13/site-packages/sqlalchemy/engine/create.py", line 661, in connect
    return dialect.connect(*cargs, **cparams)
           ~~~~~~~~~~~~~~~^^^^^^^^^^^^^^^^^^^
  File "/Library/Frameworks/Python.framework/Versions/3.13/lib/python3.13/site-packages/sqlalchemy/engine/default.py", line 630, in connect
    return self.loaded_dbapi.connect(*cargs, **cparams)  # type: ignore[no-any-return]  # NOQA: E501
           ~~~~~~~~~~~~~~~~~~~~~~~~~^^^^^^^^^^^^^^^^^^^
  File "/Library/Frameworks/Python.framework/Versions/3.13/lib/python3.13/site-packages/psycopg2/__init__.py", line 122, in connect
    conn = _connect(dsn, connection_factory=connection_factory, **kwasync)
sqlalchemy.exc.OperationalError: (psycopg2.OperationalError) connection to server at "myntreal-database.c5gywaicq6zu.ap-south-2.rds.amazonaws.com" (16.112.74.247), port 5432 failed: timeout expired

(Background on this error at: https://sqlalche.me/e/20/e3q8)

INFO:     127.0.0.1:50398 - "GET /api/v1/staff/auth/me HTTP/1.1" 500 Internal Server Error
[DC-STARTUP] ⚠️ marketplace_segments column check failed (non-fatal): (psycopg2.OperationalError) connection to server at "myntreal-database.c5gywaicq6zu.ap-south-2.rds.amazonaws.com" (16.112.74.247), port 5432 failed: timeout expired

(Background on this error at: https://sqlalche.me/e/20/e3q8)
[DC-STARTUP] ⚠️ marketplace_category_config column check failed (non-fatal): (psycopg2.OperationalError) connection to server at "myntreal-database.c5gywaicq6zu.ap-south-2.rds.amazonaws.com" (16.112.74.247), port 5432 failed: timeout expired

(Background on this error at: https://sqlalche.me/e/20/e3q8)
ERROR:app.core.exceptions:SQLAlchemy Error on GET /api/v1/community-services/public/active-headers: connection to server at "myntreal-database.c5gywaicq6zu.ap-south-2.rds.amazonaws.com" (16.112.74.247), port 5432 failed: timeout expired

ERROR:app.core.exceptions:Full traceback: Traceback (most recent call last):
  File "/Library/Frameworks/Python.framework/Versions/3.13/lib/python3.13/site-packages/sqlalchemy/engine/base.py", line 143, in __init__
    self._dbapi_connection = engine.raw_connection()
                             ~~~~~~~~~~~~~~~~~~~~~^^
  File "/Library/Frameworks/Python.framework/Versions/3.13/lib/python3.13/site-packages/sqlalchemy/engine/base.py", line 3309, in raw_connection
    return self.pool.connect()
           ~~~~~~~~~~~~~~~~~^^
  File "/Library/Frameworks/Python.framework/Versions/3.13/lib/python3.13/site-packages/sqlalchemy/pool/base.py", line 447, in connect
    return _ConnectionFairy._checkout(self)
           ~~~~~~~~~~~~~~~~~~~~~~~~~~^^^^^^
  File "/Library/Frameworks/Python.framework/Versions/3.13/lib/python3.13/site-packages/sqlalchemy/pool/base.py", line 1264, in _checkout
    fairy = _ConnectionRecord.checkout(pool)
  File "/Library/Frameworks/Python.framework/Versions/3.13/lib/python3.13/site-packages/sqlalchemy/pool/base.py", line 711, in checkout
    rec = pool._do_get()
  File "/Library/Frameworks/Python.framework/Versions/3.13/lib/python3.13/site-packages/sqlalchemy/pool/impl.py", line 177, in _do_get
    with util.safe_reraise():
         ~~~~~~~~~~~~~~~~~^^
  File "/Library/Frameworks/Python.framework/Versions/3.13/lib/python3.13/site-packages/sqlalchemy/util/langhelpers.py", line 224, in __exit__
    raise exc_value.with_traceback(exc_tb)
  File "/Library/Frameworks/Python.framework/Versions/3.13/lib/python3.13/site-packages/sqlalchemy/pool/impl.py", line 175, in _do_get
    return self._create_connection()
           ~~~~~~~~~~~~~~~~~~~~~~~^^
  File "/Library/Frameworks/Python.framework/Versions/3.13/lib/python3.13/site-packages/sqlalchemy/pool/base.py", line 388, in _create_connection
    return _ConnectionRecord(self)
  File "/Library/Frameworks/Python.framework/Versions/3.13/lib/python3.13/site-packages/sqlalchemy/pool/base.py", line 673, in __init__
    self.__connect()
    ~~~~~~~~~~~~~~^^
  File "/Library/Frameworks/Python.framework/Versions/3.13/lib/python3.13/site-packages/sqlalchemy/pool/base.py", line 899, in __connect
    with util.safe_reraise():
         ~~~~~~~~~~~~~~~~~^^
  File "/Library/Frameworks/Python.framework/Versions/3.13/lib/python3.13/site-packages/sqlalchemy/util/langhelpers.py", line 224, in __exit__
    raise exc_value.with_traceback(exc_tb)
  File "/Library/Frameworks/Python.framework/Versions/3.13/lib/python3.13/site-packages/sqlalchemy/pool/base.py", line 895, in __connect
    self.dbapi_connection = connection = pool._invoke_creator(self)
                                         ~~~~~~~~~~~~~~~~~~~~^^^^^^
  File "/Library/Frameworks/Python.framework/Versions/3.13/lib/python3.13/site-packages/sqlalchemy/engine/create.py", line 661, in connect
    return dialect.connect(*cargs, **cparams)
           ~~~~~~~~~~~~~~~^^^^^^^^^^^^^^^^^^^
  File "/Library/Frameworks/Python.framework/Versions/3.13/lib/python3.13/site-packages/sqlalchemy/engine/default.py", line 630, in connect
    return self.loaded_dbapi.connect(*cargs, **cparams)  # type: ignore[no-any-return]  # NOQA: E501
           ~~~~~~~~~~~~~~~~~~~~~~~~~^^^^^^^^^^^^^^^^^^^
  File "/Library/Frameworks/Python.framework/Versions/3.13/lib/python3.13/site-packages/psycopg2/__init__.py", line 122, in connect
    conn = _connect(dsn, connection_factory=connection_factory, **kwasync)
psycopg2.OperationalError: connection to server at "myntreal-database.c5gywaicq6zu.ap-south-2.rds.amazonaws.com" (16.112.74.247), port 5432 failed: timeout expired


The above exception was the direct cause of the following exception:

Traceback (most recent call last):
  File "/Library/Frameworks/Python.framework/Versions/3.13/lib/python3.13/site-packages/starlette/_exception_handler.py", line 42, in wrapped_app
    await app(scope, receive, sender)
  File "/Library/Frameworks/Python.framework/Versions/3.13/lib/python3.13/site-packages/fastapi/routing.py", line 105, in app
    response = await f(request)
               ^^^^^^^^^^^^^^^^
  File "/Library/Frameworks/Python.framework/Versions/3.13/lib/python3.13/site-packages/fastapi/routing.py", line 416, in app
    solved_result = await solve_dependencies(
                    ^^^^^^^^^^^^^^^^^^^^^^^^^
    ...<6 lines>...
    )
    ^
  File "/Library/Frameworks/Python.framework/Versions/3.13/lib/python3.13/site-packages/fastapi/dependencies/utils.py", line 670, in solve_dependencies
    solved = await _solve_generator(
             ^^^^^^^^^^^^^^^^^^^^^^^
    ...<3 lines>...
    )
    ^
  File "/Library/Frameworks/Python.framework/Versions/3.13/lib/python3.13/site-packages/fastapi/dependencies/utils.py", line 584, in _solve_generator
    return await stack.enter_async_context(cm)
           ^^^^^^^^^^^^^^^^^^^^^^^^^^^^^^^^^^^
  File "/Library/Frameworks/Python.framework/Versions/3.13/lib/python3.13/contextlib.py", line 668, in enter_async_context
    result = await _enter(cm)
             ^^^^^^^^^^^^^^^^
  File "/Library/Frameworks/Python.framework/Versions/3.13/lib/python3.13/contextlib.py", line 214, in __aenter__
    return await anext(self.gen)
           ^^^^^^^^^^^^^^^^^^^^^
  File "/Library/Frameworks/Python.framework/Versions/3.13/lib/python3.13/site-packages/fastapi/concurrency.py", line 37, in contextmanager_in_threadpool
    raise e
  File "/Library/Frameworks/Python.framework/Versions/3.13/lib/python3.13/site-packages/fastapi/concurrency.py", line 29, in contextmanager_in_threadpool
    yield await run_in_threadpool(cm.__enter__)
          ^^^^^^^^^^^^^^^^^^^^^^^^^^^^^^^^^^^^^
  File "/Library/Frameworks/Python.framework/Versions/3.13/lib/python3.13/site-packages/starlette/concurrency.py", line 32, in run_in_threadpool
    return await anyio.to_thread.run_sync(func)
           ^^^^^^^^^^^^^^^^^^^^^^^^^^^^^^^^^^^^
  File "/Library/Frameworks/Python.framework/Versions/3.13/lib/python3.13/site-packages/anyio/to_thread.py", line 61, in run_sync
    return await get_async_backend().run_sync_in_worker_thread(
           ^^^^^^^^^^^^^^^^^^^^^^^^^^^^^^^^^^^^^^^^^^^^^^^^^^^^
        func, args, abandon_on_cancel=abandon_on_cancel, limiter=limiter
        ^^^^^^^^^^^^^^^^^^^^^^^^^^^^^^^^^^^^^^^^^^^^^^^^^^^^^^^^^^^^^^^^
    )
    ^
  File "/Library/Frameworks/Python.framework/Versions/3.13/lib/python3.13/site-packages/anyio/_backends/_asyncio.py", line 2525, in run_sync_in_worker_thread
    return await future
           ^^^^^^^^^^^^
  File "/Library/Frameworks/Python.framework/Versions/3.13/lib/python3.13/site-packages/anyio/_backends/_asyncio.py", line 986, in run
    result = context.run(func, *args)
  File "/Library/Frameworks/Python.framework/Versions/3.13/lib/python3.13/contextlib.py", line 141, in __enter__
    return next(self.gen)
  File "/Users/viswanathkari/Documents/Mynt OS/MyntReal_Latest/backend/app/core/database.py", line 148, in get_db
    db.execute(_text("SET statement_timeout = 25000"))
    ~~~~~~~~~~^^^^^^^^^^^^^^^^^^^^^^^^^^^^^^^^^^^^^^^^
  File "/Library/Frameworks/Python.framework/Versions/3.13/lib/python3.13/site-packages/sqlalchemy/orm/session.py", line 2351, in execute
    return self._execute_internal(
           ~~~~~~~~~~~~~~~~~~~~~~^
        statement,
        ^^^^^^^^^^
    ...<4 lines>...
        _add_event=_add_event,
        ^^^^^^^^^^^^^^^^^^^^^^
    )
    ^
  File "/Library/Frameworks/Python.framework/Versions/3.13/lib/python3.13/site-packages/sqlalchemy/orm/session.py", line 2239, in _execute_internal
    conn = self._connection_for_bind(bind)
  File "/Library/Frameworks/Python.framework/Versions/3.13/lib/python3.13/site-packages/sqlalchemy/orm/session.py", line 2108, in _connection_for_bind
    return trans._connection_for_bind(engine, execution_options)
           ~~~~~~~~~~~~~~~~~~~~~~~~~~^^^^^^^^^^^^^^^^^^^^^^^^^^^
  File "<string>", line 2, in _connection_for_bind
  File "/Library/Frameworks/Python.framework/Versions/3.13/lib/python3.13/site-packages/sqlalchemy/orm/state_changes.py", line 137, in _go
    ret_value = fn(self, *arg, **kw)
  File "/Library/Frameworks/Python.framework/Versions/3.13/lib/python3.13/site-packages/sqlalchemy/orm/session.py", line 1187, in _connection_for_bind
    conn = bind.connect()
  File "/Library/Frameworks/Python.framework/Versions/3.13/lib/python3.13/site-packages/sqlalchemy/engine/base.py", line 3285, in connect
    return self._connection_cls(self)
           ~~~~~~~~~~~~~~~~~~~~^^^^^^
  File "/Library/Frameworks/Python.framework/Versions/3.13/lib/python3.13/site-packages/sqlalchemy/engine/base.py", line 145, in __init__
    Connection._handle_dbapi_exception_noconnection(
    ~~~~~~~~~~~~~~~~~~~~~~~~~~~~~~~~~~~~~~~~~~~~~~~^
        err, dialect, engine
        ^^^^^^^^^^^^^^^^^^^^
    )
    ^
  File "/Library/Frameworks/Python.framework/Versions/3.13/lib/python3.13/site-packages/sqlalchemy/engine/base.py", line 2448, in _handle_dbapi_exception_noconnection
    raise sqlalchemy_exception.with_traceback(exc_info[2]) from e
  File "/Library/Frameworks/Python.framework/Versions/3.13/lib/python3.13/site-packages/sqlalchemy/engine/base.py", line 143, in __init__
    self._dbapi_connection = engine.raw_connection()
                             ~~~~~~~~~~~~~~~~~~~~~^^
  File "/Library/Frameworks/Python.framework/Versions/3.13/lib/python3.13/site-packages/sqlalchemy/engine/base.py", line 3309, in raw_connection
    return self.pool.connect()
           ~~~~~~~~~~~~~~~~~^^
  File "/Library/Frameworks/Python.framework/Versions/3.13/lib/python3.13/site-packages/sqlalchemy/pool/base.py", line 447, in connect
    return _ConnectionFairy._checkout(self)
           ~~~~~~~~~~~~~~~~~~~~~~~~~~^^^^^^
  File "/Library/Frameworks/Python.framework/Versions/3.13/lib/python3.13/site-packages/sqlalchemy/pool/base.py", line 1264, in _checkout
    fairy = _ConnectionRecord.checkout(pool)
  File "/Library/Frameworks/Python.framework/Versions/3.13/lib/python3.13/site-packages/sqlalchemy/pool/base.py", line 711, in checkout
    rec = pool._do_get()
  File "/Library/Frameworks/Python.framework/Versions/3.13/lib/python3.13/site-packages/sqlalchemy/pool/impl.py", line 177, in _do_get
    with util.safe_reraise():
         ~~~~~~~~~~~~~~~~~^^
  File "/Library/Frameworks/Python.framework/Versions/3.13/lib/python3.13/site-packages/sqlalchemy/util/langhelpers.py", line 224, in __exit__
    raise exc_value.with_traceback(exc_tb)
  File "/Library/Frameworks/Python.framework/Versions/3.13/lib/python3.13/site-packages/sqlalchemy/pool/impl.py", line 175, in _do_get
    return self._create_connection()
           ~~~~~~~~~~~~~~~~~~~~~~~^^
  File "/Library/Frameworks/Python.framework/Versions/3.13/lib/python3.13/site-packages/sqlalchemy/pool/base.py", line 388, in _create_connection
    return _ConnectionRecord(self)
  File "/Library/Frameworks/Python.framework/Versions/3.13/lib/python3.13/site-packages/sqlalchemy/pool/base.py", line 673, in __init__
    self.__connect()
    ~~~~~~~~~~~~~~^^
  File "/Library/Frameworks/Python.framework/Versions/3.13/lib/python3.13/site-packages/sqlalchemy/pool/base.py", line 899, in __connect
    with util.safe_reraise():
         ~~~~~~~~~~~~~~~~~^^
  File "/Library/Frameworks/Python.framework/Versions/3.13/lib/python3.13/site-packages/sqlalchemy/util/langhelpers.py", line 224, in __exit__
    raise exc_value.with_traceback(exc_tb)
  File "/Library/Frameworks/Python.framework/Versions/3.13/lib/python3.13/site-packages/sqlalchemy/pool/base.py", line 895, in __connect
    self.dbapi_connection = connection = pool._invoke_creator(self)
                                         ~~~~~~~~~~~~~~~~~~~~^^^^^^
  File "/Library/Frameworks/Python.framework/Versions/3.13/lib/python3.13/site-packages/sqlalchemy/engine/create.py", line 661, in connect
    return dialect.connect(*cargs, **cparams)
           ~~~~~~~~~~~~~~~^^^^^^^^^^^^^^^^^^^
  File "/Library/Frameworks/Python.framework/Versions/3.13/lib/python3.13/site-packages/sqlalchemy/engine/default.py", line 630, in connect
    return self.loaded_dbapi.connect(*cargs, **cparams)  # type: ignore[no-any-return]  # NOQA: E501
           ~~~~~~~~~~~~~~~~~~~~~~~~~^^^^^^^^^^^^^^^^^^^
  File "/Library/Frameworks/Python.framework/Versions/3.13/lib/python3.13/site-packages/psycopg2/__init__.py", line 122, in connect
    conn = _connect(dsn, connection_factory=connection_factory, **kwasync)
sqlalchemy.exc.OperationalError: (psycopg2.OperationalError) connection to server at "myntreal-database.c5gywaicq6zu.ap-south-2.rds.amazonaws.com" (16.112.74.247), port 5432 failed: timeout expired

(Background on this error at: https://sqlalche.me/e/20/e3q8)

ERROR:app.core.exceptions:SQLAlchemy Error on GET /api/v1/community-services/public/active-headers: connection to server at "myntreal-database.c5gywaicq6zu.ap-south-2.rds.amazonaws.com" (16.112.74.247), port 5432 failed: timeout expired

ERROR:app.core.exceptions:Full traceback: Traceback (most recent call last):
  File "/Library/Frameworks/Python.framework/Versions/3.13/lib/python3.13/site-packages/sqlalchemy/engine/base.py", line 143, in __init__
    self._dbapi_connection = engine.raw_connection()
                             ~~~~~~~~~~~~~~~~~~~~~^^
  File "/Library/Frameworks/Python.framework/Versions/3.13/lib/python3.13/site-packages/sqlalchemy/engine/base.py", line 3309, in raw_connection
    return self.pool.connect()
           ~~~~~~~~~~~~~~~~~^^
  File "/Library/Frameworks/Python.framework/Versions/3.13/lib/python3.13/site-packages/sqlalchemy/pool/base.py", line 447, in connect
    return _ConnectionFairy._checkout(self)
           ~~~~~~~~~~~~~~~~~~~~~~~~~~^^^^^^
  File "/Library/Frameworks/Python.framework/Versions/3.13/lib/python3.13/site-packages/sqlalchemy/pool/base.py", line 1264, in _checkout
    fairy = _ConnectionRecord.checkout(pool)
  File "/Library/Frameworks/Python.framework/Versions/3.13/lib/python3.13/site-packages/sqlalchemy/pool/base.py", line 711, in checkout
    rec = pool._do_get()
  File "/Library/Frameworks/Python.framework/Versions/3.13/lib/python3.13/site-packages/sqlalchemy/pool/impl.py", line 177, in _do_get
    with util.safe_reraise():
         ~~~~~~~~~~~~~~~~~^^
  File "/Library/Frameworks/Python.framework/Versions/3.13/lib/python3.13/site-packages/sqlalchemy/util/langhelpers.py", line 224, in __exit__
    raise exc_value.with_traceback(exc_tb)
  File "/Library/Frameworks/Python.framework/Versions/3.13/lib/python3.13/site-packages/sqlalchemy/pool/impl.py", line 175, in _do_get
    return self._create_connection()
           ~~~~~~~~~~~~~~~~~~~~~~~^^
  File "/Library/Frameworks/Python.framework/Versions/3.13/lib/python3.13/site-packages/sqlalchemy/pool/base.py", line 388, in _create_connection
    return _ConnectionRecord(self)
  File "/Library/Frameworks/Python.framework/Versions/3.13/lib/python3.13/site-packages/sqlalchemy/pool/base.py", line 673, in __init__
    self.__connect()
    ~~~~~~~~~~~~~~^^
  File "/Library/Frameworks/Python.framework/Versions/3.13/lib/python3.13/site-packages/sqlalchemy/pool/base.py", line 899, in __connect
    with util.safe_reraise():
         ~~~~~~~~~~~~~~~~~^^
  File "/Library/Frameworks/Python.framework/Versions/3.13/lib/python3.13/site-packages/sqlalchemy/util/langhelpers.py", line 224, in __exit__
    raise exc_value.with_traceback(exc_tb)
  File "/Library/Frameworks/Python.framework/Versions/3.13/lib/python3.13/site-packages/sqlalchemy/pool/base.py", line 895, in __connect
    self.dbapi_connection = connection = pool._invoke_creator(self)
                                         ~~~~~~~~~~~~~~~~~~~~^^^^^^
  File "/Library/Frameworks/Python.framework/Versions/3.13/lib/python3.13/site-packages/sqlalchemy/engine/create.py", line 661, in connect
    return dialect.connect(*cargs, **cparams)
           ~~~~~~~~~~~~~~~^^^^^^^^^^^^^^^^^^^
  File "/Library/Frameworks/Python.framework/Versions/3.13/lib/python3.13/site-packages/sqlalchemy/engine/default.py", line 630, in connect
    return self.loaded_dbapi.connect(*cargs, **cparams)  # type: ignore[no-any-return]  # NOQA: E501
           ~~~~~~~~~~~~~~~~~~~~~~~~~^^^^^^^^^^^^^^^^^^^
  File "/Library/Frameworks/Python.framework/Versions/3.13/lib/python3.13/site-packages/psycopg2/__init__.py", line 122, in connect
    conn = _connect(dsn, connection_factory=connection_factory, **kwasync)
psycopg2.OperationalError: connection to server at "myntreal-database.c5gywaicq6zu.ap-south-2.rds.amazonaws.com" (16.112.74.247), port 5432 failed: timeout expired


The above exception was the direct cause of the following exception:

Traceback (most recent call last):
  File "/Library/Frameworks/Python.framework/Versions/3.13/lib/python3.13/site-packages/starlette/_exception_handler.py", line 42, in wrapped_app
    await app(scope, receive, sender)
  File "/Library/Frameworks/Python.framework/Versions/3.13/lib/python3.13/site-packages/fastapi/routing.py", line 105, in app
    response = await f(request)
               ^^^^^^^^^^^^^^^^
  File "/Library/Frameworks/Python.framework/Versions/3.13/lib/python3.13/site-packages/fastapi/routing.py", line 416, in app
    solved_result = await solve_dependencies(
                    ^^^^^^^^^^^^^^^^^^^^^^^^^
    ...<6 lines>...
    )
    ^
  File "/Library/Frameworks/Python.framework/Versions/3.13/lib/python3.13/site-packages/fastapi/dependencies/utils.py", line 670, in solve_dependencies
    solved = await _solve_generator(
             ^^^^^^^^^^^^^^^^^^^^^^^
    ...<3 lines>...
    )
    ^
  File "/Library/Frameworks/Python.framework/Versions/3.13/lib/python3.13/site-packages/fastapi/dependencies/utils.py", line 584, in _solve_generator
    return await stack.enter_async_context(cm)
           ^^^^^^^^^^^^^^^^^^^^^^^^^^^^^^^^^^^
  File "/Library/Frameworks/Python.framework/Versions/3.13/lib/python3.13/contextlib.py", line 668, in enter_async_context
    result = await _enter(cm)
             ^^^^^^^^^^^^^^^^
  File "/Library/Frameworks/Python.framework/Versions/3.13/lib/python3.13/contextlib.py", line 214, in __aenter__
    return await anext(self.gen)
           ^^^^^^^^^^^^^^^^^^^^^
  File "/Library/Frameworks/Python.framework/Versions/3.13/lib/python3.13/site-packages/fastapi/concurrency.py", line 37, in contextmanager_in_threadpool
    raise e
  File "/Library/Frameworks/Python.framework/Versions/3.13/lib/python3.13/site-packages/fastapi/concurrency.py", line 29, in contextmanager_in_threadpool
    yield await run_in_threadpool(cm.__enter__)
          ^^^^^^^^^^^^^^^^^^^^^^^^^^^^^^^^^^^^^
  File "/Library/Frameworks/Python.framework/Versions/3.13/lib/python3.13/site-packages/starlette/concurrency.py", line 32, in run_in_threadpool
    return await anyio.to_thread.run_sync(func)
           ^^^^^^^^^^^^^^^^^^^^^^^^^^^^^^^^^^^^
  File "/Library/Frameworks/Python.framework/Versions/3.13/lib/python3.13/site-packages/anyio/to_thread.py", line 61, in run_sync
    return await get_async_backend().run_sync_in_worker_thread(
           ^^^^^^^^^^^^^^^^^^^^^^^^^^^^^^^^^^^^^^^^^^^^^^^^^^^^
        func, args, abandon_on_cancel=abandon_on_cancel, limiter=limiter
        ^^^^^^^^^^^^^^^^^^^^^^^^^^^^^^^^^^^^^^^^^^^^^^^^^^^^^^^^^^^^^^^^
    )
    ^
  File "/Library/Frameworks/Python.framework/Versions/3.13/lib/python3.13/site-packages/anyio/_backends/_asyncio.py", line 2525, in run_sync_in_worker_thread
    return await future
           ^^^^^^^^^^^^
  File "/Library/Frameworks/Python.framework/Versions/3.13/lib/python3.13/site-packages/anyio/_backends/_asyncio.py", line 986, in run
    result = context.run(func, *args)
  File "/Library/Frameworks/Python.framework/Versions/3.13/lib/python3.13/contextlib.py", line 141, in __enter__
    return next(self.gen)
  File "/Users/viswanathkari/Documents/Mynt OS/MyntReal_Latest/backend/app/core/database.py", line 148, in get_db
    db.execute(_text("SET statement_timeout = 25000"))
    ~~~~~~~~~~^^^^^^^^^^^^^^^^^^^^^^^^^^^^^^^^^^^^^^^^
  File "/Library/Frameworks/Python.framework/Versions/3.13/lib/python3.13/site-packages/sqlalchemy/orm/session.py", line 2351, in execute
    return self._execute_internal(
           ~~~~~~~~~~~~~~~~~~~~~~^
        statement,
        ^^^^^^^^^^
    ...<4 lines>...
        _add_event=_add_event,
        ^^^^^^^^^^^^^^^^^^^^^^
    )
    ^
  File "/Library/Frameworks/Python.framework/Versions/3.13/lib/python3.13/site-packages/sqlalchemy/orm/session.py", line 2239, in _execute_internal
    conn = self._connection_for_bind(bind)
  File "/Library/Frameworks/Python.framework/Versions/3.13/lib/python3.13/site-packages/sqlalchemy/orm/session.py", line 2108, in _connection_for_bind
    return trans._connection_for_bind(engine, execution_options)
           ~~~~~~~~~~~~~~~~~~~~~~~~~~^^^^^^^^^^^^^^^^^^^^^^^^^^^
  File "<string>", line 2, in _connection_for_bind
  File "/Library/Frameworks/Python.framework/Versions/3.13/lib/python3.13/site-packages/sqlalchemy/orm/state_changes.py", line 137, in _go
    ret_value = fn(self, *arg, **kw)
  File "/Library/Frameworks/Python.framework/Versions/3.13/lib/python3.13/site-packages/sqlalchemy/orm/session.py", line 1187, in _connection_for_bind
    conn = bind.connect()
  File "/Library/Frameworks/Python.framework/Versions/3.13/lib/python3.13/site-packages/sqlalchemy/engine/base.py", line 3285, in connect
    return self._connection_cls(self)
           ~~~~~~~~~~~~~~~~~~~~^^^^^^
  File "/Library/Frameworks/Python.framework/Versions/3.13/lib/python3.13/site-packages/sqlalchemy/engine/base.py", line 145, in __init__
    Connection._handle_dbapi_exception_noconnection(
    ~~~~~~~~~~~~~~~~~~~~~~~~~~~~~~~~~~~~~~~~~~~~~~~^
        err, dialect, engine
        ^^^^^^^^^^^^^^^^^^^^
    )
    ^
  File "/Library/Frameworks/Python.framework/Versions/3.13/lib/python3.13/site-packages/sqlalchemy/engine/base.py", line 2448, in _handle_dbapi_exception_noconnection
    raise sqlalchemy_exception.with_traceback(exc_info[2]) from e
  File "/Library/Frameworks/Python.framework/Versions/3.13/lib/python3.13/site-packages/sqlalchemy/engine/base.py", line 143, in __init__
    self._dbapi_connection = engine.raw_connection()
                             ~~~~~~~~~~~~~~~~~~~~~^^
  File "/Library/Frameworks/Python.framework/Versions/3.13/lib/python3.13/site-packages/sqlalchemy/engine/base.py", line 3309, in raw_connection
    return self.pool.connect()
           ~~~~~~~~~~~~~~~~~^^
  File "/Library/Frameworks/Python.framework/Versions/3.13/lib/python3.13/site-packages/sqlalchemy/pool/base.py", line 447, in connect
    return _ConnectionFairy._checkout(self)
           ~~~~~~~~~~~~~~~~~~~~~~~~~~^^^^^^
  File "/Library/Frameworks/Python.framework/Versions/3.13/lib/python3.13/site-packages/sqlalchemy/pool/base.py", line 1264, in _checkout
    fairy = _ConnectionRecord.checkout(pool)
  File "/Library/Frameworks/Python.framework/Versions/3.13/lib/python3.13/site-packages/sqlalchemy/pool/base.py", line 711, in checkout
    rec = pool._do_get()
  File "/Library/Frameworks/Python.framework/Versions/3.13/lib/python3.13/site-packages/sqlalchemy/pool/impl.py", line 177, in _do_get
    with util.safe_reraise():
         ~~~~~~~~~~~~~~~~~^^
  File "/Library/Frameworks/Python.framework/Versions/3.13/lib/python3.13/site-packages/sqlalchemy/util/langhelpers.py", line 224, in __exit__
    raise exc_value.with_traceback(exc_tb)
  File "/Library/Frameworks/Python.framework/Versions/3.13/lib/python3.13/site-packages/sqlalchemy/pool/impl.py", line 175, in _do_get
    return self._create_connection()
           ~~~~~~~~~~~~~~~~~~~~~~~^^
  File "/Library/Frameworks/Python.framework/Versions/3.13/lib/python3.13/site-packages/sqlalchemy/pool/base.py", line 388, in _create_connection
    return _ConnectionRecord(self)
  File "/Library/Frameworks/Python.framework/Versions/3.13/lib/python3.13/site-packages/sqlalchemy/pool/base.py", line 673, in __init__
    self.__connect()
    ~~~~~~~~~~~~~~^^
  File "/Library/Frameworks/Python.framework/Versions/3.13/lib/python3.13/site-packages/sqlalchemy/pool/base.py", line 899, in __connect
    with util.safe_reraise():
         ~~~~~~~~~~~~~~~~~^^
  File "/Library/Frameworks/Python.framework/Versions/3.13/lib/python3.13/site-packages/sqlalchemy/util/langhelpers.py", line 224, in __exit__
    raise exc_value.with_traceback(exc_tb)
  File "/Library/Frameworks/Python.framework/Versions/3.13/lib/python3.13/site-packages/sqlalchemy/pool/base.py", line 895, in __connect
    self.dbapi_connection = connection = pool._invoke_creator(self)
                                         ~~~~~~~~~~~~~~~~~~~~^^^^^^
  File "/Library/Frameworks/Python.framework/Versions/3.13/lib/python3.13/site-packages/sqlalchemy/engine/create.py", line 661, in connect
    return dialect.connect(*cargs, **cparams)
           ~~~~~~~~~~~~~~~^^^^^^^^^^^^^^^^^^^
  File "/Library/Frameworks/Python.framework/Versions/3.13/lib/python3.13/site-packages/sqlalchemy/engine/default.py", line 630, in connect
    return self.loaded_dbapi.connect(*cargs, **cparams)  # type: ignore[no-any-return]  # NOQA: E501
           ~~~~~~~~~~~~~~~~~~~~~~~~~^^^^^^^^^^^^^^^^^^^
  File "/Library/Frameworks/Python.framework/Versions/3.13/lib/python3.13/site-packages/psycopg2/__init__.py", line 122, in connect
    conn = _connect(dsn, connection_factory=connection_factory, **kwasync)
sqlalchemy.exc.OperationalError: (psycopg2.OperationalError) connection to server at "myntreal-database.c5gywaicq6zu.ap-south-2.rds.amazonaws.com" (16.112.74.247), port 5432 failed: timeout expired

(Background on this error at: https://sqlalche.me/e/20/e3q8)

ERROR:app.core.exceptions:SQLAlchemy Error on GET /api/v1/community-services/public/active-headers: connection to server at "myntreal-database.c5gywaicq6zu.ap-south-2.rds.amazonaws.com" (16.112.74.247), port 5432 failed: timeout expired

ERROR:app.core.exceptions:Full traceback: Traceback (most recent call last):
  File "/Library/Frameworks/Python.framework/Versions/3.13/lib/python3.13/site-packages/sqlalchemy/engine/base.py", line 143, in __init__
    self._dbapi_connection = engine.raw_connection()
                             ~~~~~~~~~~~~~~~~~~~~~^^
  File "/Library/Frameworks/Python.framework/Versions/3.13/lib/python3.13/site-packages/sqlalchemy/engine/base.py", line 3309, in raw_connection
    return self.pool.connect()
           ~~~~~~~~~~~~~~~~~^^
  File "/Library/Frameworks/Python.framework/Versions/3.13/lib/python3.13/site-packages/sqlalchemy/pool/base.py", line 447, in connect
    return _ConnectionFairy._checkout(self)
           ~~~~~~~~~~~~~~~~~~~~~~~~~~^^^^^^
  File "/Library/Frameworks/Python.framework/Versions/3.13/lib/python3.13/site-packages/sqlalchemy/pool/base.py", line 1264, in _checkout
    fairy = _ConnectionRecord.checkout(pool)
  File "/Library/Frameworks/Python.framework/Versions/3.13/lib/python3.13/site-packages/sqlalchemy/pool/base.py", line 711, in checkout
    rec = pool._do_get()
  File "/Library/Frameworks/Python.framework/Versions/3.13/lib/python3.13/site-packages/sqlalchemy/pool/impl.py", line 177, in _do_get
    with util.safe_reraise():
         ~~~~~~~~~~~~~~~~~^^
  File "/Library/Frameworks/Python.framework/Versions/3.13/lib/python3.13/site-packages/sqlalchemy/util/langhelpers.py", line 224, in __exit__
    raise exc_value.with_traceback(exc_tb)
  File "/Library/Frameworks/Python.framework/Versions/3.13/lib/python3.13/site-packages/sqlalchemy/pool/impl.py", line 175, in _do_get
    return self._create_connection()
           ~~~~~~~~~~~~~~~~~~~~~~~^^
  File "/Library/Frameworks/Python.framework/Versions/3.13/lib/python3.13/site-packages/sqlalchemy/pool/base.py", line 388, in _create_connection
    return _ConnectionRecord(self)
  File "/Library/Frameworks/Python.framework/Versions/3.13/lib/python3.13/site-packages/sqlalchemy/pool/base.py", line 673, in __init__
    self.__connect()
    ~~~~~~~~~~~~~~^^
  File "/Library/Frameworks/Python.framework/Versions/3.13/lib/python3.13/site-packages/sqlalchemy/pool/base.py", line 899, in __connect
    with util.safe_reraise():
         ~~~~~~~~~~~~~~~~~^^
  File "/Library/Frameworks/Python.framework/Versions/3.13/lib/python3.13/site-packages/sqlalchemy/util/langhelpers.py", line 224, in __exit__
    raise exc_value.with_traceback(exc_tb)
  File "/Library/Frameworks/Python.framework/Versions/3.13/lib/python3.13/site-packages/sqlalchemy/pool/base.py", line 895, in __connect
    self.dbapi_connection = connection = pool._invoke_creator(self)
                                         ~~~~~~~~~~~~~~~~~~~~^^^^^^
  File "/Library/Frameworks/Python.framework/Versions/3.13/lib/python3.13/site-packages/sqlalchemy/engine/create.py", line 661, in connect
    return dialect.connect(*cargs, **cparams)
           ~~~~~~~~~~~~~~~^^^^^^^^^^^^^^^^^^^
  File "/Library/Frameworks/Python.framework/Versions/3.13/lib/python3.13/site-packages/sqlalchemy/engine/default.py", line 630, in connect
    return self.loaded_dbapi.connect(*cargs, **cparams)  # type: ignore[no-any-return]  # NOQA: E501
           ~~~~~~~~~~~~~~~~~~~~~~~~~^^^^^^^^^^^^^^^^^^^
  File "/Library/Frameworks/Python.framework/Versions/3.13/lib/python3.13/site-packages/psycopg2/__init__.py", line 122, in connect
    conn = _connect(dsn, connection_factory=connection_factory, **kwasync)
psycopg2.OperationalError: connection to server at "myntreal-database.c5gywaicq6zu.ap-south-2.rds.amazonaws.com" (16.112.74.247), port 5432 failed: timeout expired


The above exception was the direct cause of the following exception:

Traceback (most recent call last):
  File "/Library/Frameworks/Python.framework/Versions/3.13/lib/python3.13/site-packages/starlette/_exception_handler.py", line 42, in wrapped_app
    await app(scope, receive, sender)
  File "/Library/Frameworks/Python.framework/Versions/3.13/lib/python3.13/site-packages/fastapi/routing.py", line 105, in app
    response = await f(request)
               ^^^^^^^^^^^^^^^^
  File "/Library/Frameworks/Python.framework/Versions/3.13/lib/python3.13/site-packages/fastapi/routing.py", line 416, in app
    solved_result = await solve_dependencies(
                    ^^^^^^^^^^^^^^^^^^^^^^^^^
    ...<6 lines>...
    )
    ^
  File "/Library/Frameworks/Python.framework/Versions/3.13/lib/python3.13/site-packages/fastapi/dependencies/utils.py", line 670, in solve_dependencies
    solved = await _solve_generator(
             ^^^^^^^^^^^^^^^^^^^^^^^
    ...<3 lines>...
    )
    ^
  File "/Library/Frameworks/Python.framework/Versions/3.13/lib/python3.13/site-packages/fastapi/dependencies/utils.py", line 584, in _solve_generator
    return await stack.enter_async_context(cm)
           ^^^^^^^^^^^^^^^^^^^^^^^^^^^^^^^^^^^
  File "/Library/Frameworks/Python.framework/Versions/3.13/lib/python3.13/contextlib.py", line 668, in enter_async_context
    result = await _enter(cm)
             ^^^^^^^^^^^^^^^^
  File "/Library/Frameworks/Python.framework/Versions/3.13/lib/python3.13/contextlib.py", line 214, in __aenter__
    return await anext(self.gen)
           ^^^^^^^^^^^^^^^^^^^^^
  File "/Library/Frameworks/Python.framework/Versions/3.13/lib/python3.13/site-packages/fastapi/concurrency.py", line 37, in contextmanager_in_threadpool
    raise e
  File "/Library/Frameworks/Python.framework/Versions/3.13/lib/python3.13/site-packages/fastapi/concurrency.py", line 29, in contextmanager_in_threadpool
    yield await run_in_threadpool(cm.__enter__)
          ^^^^^^^^^^^^^^^^^^^^^^^^^^^^^^^^^^^^^
  File "/Library/Frameworks/Python.framework/Versions/3.13/lib/python3.13/site-packages/starlette/concurrency.py", line 32, in run_in_threadpool
    return await anyio.to_thread.run_sync(func)
           ^^^^^^^^^^^^^^^^^^^^^^^^^^^^^^^^^^^^
  File "/Library/Frameworks/Python.framework/Versions/3.13/lib/python3.13/site-packages/anyio/to_thread.py", line 61, in run_sync
    return await get_async_backend().run_sync_in_worker_thread(
           ^^^^^^^^^^^^^^^^^^^^^^^^^^^^^^^^^^^^^^^^^^^^^^^^^^^^
        func, args, abandon_on_cancel=abandon_on_cancel, limiter=limiter
        ^^^^^^^^^^^^^^^^^^^^^^^^^^^^^^^^^^^^^^^^^^^^^^^^^^^^^^^^^^^^^^^^
    )
    ^
  File "/Library/Frameworks/Python.framework/Versions/3.13/lib/python3.13/site-packages/anyio/_backends/_asyncio.py", line 2525, in run_sync_in_worker_thread
    return await future
           ^^^^^^^^^^^^
  File "/Library/Frameworks/Python.framework/Versions/3.13/lib/python3.13/site-packages/anyio/_backends/_asyncio.py", line 986, in run
    result = context.run(func, *args)
  File "/Library/Frameworks/Python.framework/Versions/3.13/lib/python3.13/contextlib.py", line 141, in __enter__
    return next(self.gen)
  File "/Users/viswanathkari/Documents/Mynt OS/MyntReal_Latest/backend/app/core/database.py", line 148, in get_db
    db.execute(_text("SET statement_timeout = 25000"))
    ~~~~~~~~~~^^^^^^^^^^^^^^^^^^^^^^^^^^^^^^^^^^^^^^^^
  File "/Library/Frameworks/Python.framework/Versions/3.13/lib/python3.13/site-packages/sqlalchemy/orm/session.py", line 2351, in execute
    return self._execute_internal(
           ~~~~~~~~~~~~~~~~~~~~~~^
        statement,
        ^^^^^^^^^^
    ...<4 lines>...
        _add_event=_add_event,
        ^^^^^^^^^^^^^^^^^^^^^^
    )
    ^
  File "/Library/Frameworks/Python.framework/Versions/3.13/lib/python3.13/site-packages/sqlalchemy/orm/session.py", line 2239, in _execute_internal
    conn = self._connection_for_bind(bind)
  File "/Library/Frameworks/Python.framework/Versions/3.13/lib/python3.13/site-packages/sqlalchemy/orm/session.py", line 2108, in _connection_for_bind
    return trans._connection_for_bind(engine, execution_options)
           ~~~~~~~~~~~~~~~~~~~~~~~~~~^^^^^^^^^^^^^^^^^^^^^^^^^^^
  File "<string>", line 2, in _connection_for_bind
  File "/Library/Frameworks/Python.framework/Versions/3.13/lib/python3.13/site-packages/sqlalchemy/orm/state_changes.py", line 137, in _go
    ret_value = fn(self, *arg, **kw)
  File "/Library/Frameworks/Python.framework/Versions/3.13/lib/python3.13/site-packages/sqlalchemy/orm/session.py", line 1187, in _connection_for_bind
    conn = bind.connect()
  File "/Library/Frameworks/Python.framework/Versions/3.13/lib/python3.13/site-packages/sqlalchemy/engine/base.py", line 3285, in connect
    return self._connection_cls(self)
           ~~~~~~~~~~~~~~~~~~~~^^^^^^
  File "/Library/Frameworks/Python.framework/Versions/3.13/lib/python3.13/site-packages/sqlalchemy/engine/base.py", line 145, in __init__
    Connection._handle_dbapi_exception_noconnection(
    ~~~~~~~~~~~~~~~~~~~~~~~~~~~~~~~~~~~~~~~~~~~~~~~^
        err, dialect, engine
        ^^^^^^^^^^^^^^^^^^^^
    )
    ^
  File "/Library/Frameworks/Python.framework/Versions/3.13/lib/python3.13/site-packages/sqlalchemy/engine/base.py", line 2448, in _handle_dbapi_exception_noconnection
    raise sqlalchemy_exception.with_traceback(exc_info[2]) from e
  File "/Library/Frameworks/Python.framework/Versions/3.13/lib/python3.13/site-packages/sqlalchemy/engine/base.py", line 143, in __init__
    self._dbapi_connection = engine.raw_connection()
                             ~~~~~~~~~~~~~~~~~~~~~^^
  File "/Library/Frameworks/Python.framework/Versions/3.13/lib/python3.13/site-packages/sqlalchemy/engine/base.py", line 3309, in raw_connection
    return self.pool.connect()
           ~~~~~~~~~~~~~~~~~^^
  File "/Library/Frameworks/Python.framework/Versions/3.13/lib/python3.13/site-packages/sqlalchemy/pool/base.py", line 447, in connect
    return _ConnectionFairy._checkout(self)
           ~~~~~~~~~~~~~~~~~~~~~~~~~~^^^^^^
  File "/Library/Frameworks/Python.framework/Versions/3.13/lib/python3.13/site-packages/sqlalchemy/pool/base.py", line 1264, in _checkout
    fairy = _ConnectionRecord.checkout(pool)
  File "/Library/Frameworks/Python.framework/Versions/3.13/lib/python3.13/site-packages/sqlalchemy/pool/base.py", line 711, in checkout
    rec = pool._do_get()
  File "/Library/Frameworks/Python.framework/Versions/3.13/lib/python3.13/site-packages/sqlalchemy/pool/impl.py", line 177, in _do_get
    with util.safe_reraise():
         ~~~~~~~~~~~~~~~~~^^
  File "/Library/Frameworks/Python.framework/Versions/3.13/lib/python3.13/site-packages/sqlalchemy/util/langhelpers.py", line 224, in __exit__
    raise exc_value.with_traceback(exc_tb)
  File "/Library/Frameworks/Python.framework/Versions/3.13/lib/python3.13/site-packages/sqlalchemy/pool/impl.py", line 175, in _do_get
    return self._create_connection()
           ~~~~~~~~~~~~~~~~~~~~~~~^^
  File "/Library/Frameworks/Python.framework/Versions/3.13/lib/python3.13/site-packages/sqlalchemy/pool/base.py", line 388, in _create_connection
    return _ConnectionRecord(self)
  File "/Library/Frameworks/Python.framework/Versions/3.13/lib/python3.13/site-packages/sqlalchemy/pool/base.py", line 673, in __init__
    self.__connect()
    ~~~~~~~~~~~~~~^^
  File "/Library/Frameworks/Python.framework/Versions/3.13/lib/python3.13/site-packages/sqlalchemy/pool/base.py", line 899, in __connect
    with util.safe_reraise():
         ~~~~~~~~~~~~~~~~~^^
  File "/Library/Frameworks/Python.framework/Versions/3.13/lib/python3.13/site-packages/sqlalchemy/util/langhelpers.py", line 224, in __exit__
    raise exc_value.with_traceback(exc_tb)
  File "/Library/Frameworks/Python.framework/Versions/3.13/lib/python3.13/site-packages/sqlalchemy/pool/base.py", line 895, in __connect
    self.dbapi_connection = connection = pool._invoke_creator(self)
                                         ~~~~~~~~~~~~~~~~~~~~^^^^^^
  File "/Library/Frameworks/Python.framework/Versions/3.13/lib/python3.13/site-packages/sqlalchemy/engine/create.py", line 661, in connect
    return dialect.connect(*cargs, **cparams)
           ~~~~~~~~~~~~~~~^^^^^^^^^^^^^^^^^^^
  File "/Library/Frameworks/Python.framework/Versions/3.13/lib/python3.13/site-packages/sqlalchemy/engine/default.py", line 630, in connect
    return self.loaded_dbapi.connect(*cargs, **cparams)  # type: ignore[no-any-return]  # NOQA: E501
           ~~~~~~~~~~~~~~~~~~~~~~~~~^^^^^^^^^^^^^^^^^^^
  File "/Library/Frameworks/Python.framework/Versions/3.13/lib/python3.13/site-packages/psycopg2/__init__.py", line 122, in connect
    conn = _connect(dsn, connection_factory=connection_factory, **kwasync)
sqlalchemy.exc.OperationalError: (psycopg2.OperationalError) connection to server at "myntreal-database.c5gywaicq6zu.ap-south-2.rds.amazonaws.com" (16.112.74.247), port 5432 failed: timeout expired

(Background on this error at: https://sqlalche.me/e/20/e3q8)

ERROR:app.core.exceptions:SQLAlchemy Error on GET /api/v1/staff/day-plans/day-progress: connection to server at "myntreal-database.c5gywaicq6zu.ap-south-2.rds.amazonaws.com" (16.112.74.247), port 5432 failed: timeout expired

ERROR:app.core.exceptions:Full traceback: Traceback (most recent call last):
  File "/Library/Frameworks/Python.framework/Versions/3.13/lib/python3.13/site-packages/sqlalchemy/engine/base.py", line 143, in __init__
    self._dbapi_connection = engine.raw_connection()
                             ~~~~~~~~~~~~~~~~~~~~~^^
  File "/Library/Frameworks/Python.framework/Versions/3.13/lib/python3.13/site-packages/sqlalchemy/engine/base.py", line 3309, in raw_connection
    return self.pool.connect()
           ~~~~~~~~~~~~~~~~~^^
  File "/Library/Frameworks/Python.framework/Versions/3.13/lib/python3.13/site-packages/sqlalchemy/pool/base.py", line 447, in connect
    return _ConnectionFairy._checkout(self)
           ~~~~~~~~~~~~~~~~~~~~~~~~~~^^^^^^
  File "/Library/Frameworks/Python.framework/Versions/3.13/lib/python3.13/site-packages/sqlalchemy/pool/base.py", line 1264, in _checkout
    fairy = _ConnectionRecord.checkout(pool)
  File "/Library/Frameworks/Python.framework/Versions/3.13/lib/python3.13/site-packages/sqlalchemy/pool/base.py", line 711, in checkout
    rec = pool._do_get()
  File "/Library/Frameworks/Python.framework/Versions/3.13/lib/python3.13/site-packages/sqlalchemy/pool/impl.py", line 177, in _do_get
    with util.safe_reraise():
         ~~~~~~~~~~~~~~~~~^^
  File "/Library/Frameworks/Python.framework/Versions/3.13/lib/python3.13/site-packages/sqlalchemy/util/langhelpers.py", line 224, in __exit__
    raise exc_value.with_traceback(exc_tb)
  File "/Library/Frameworks/Python.framework/Versions/3.13/lib/python3.13/site-packages/sqlalchemy/pool/impl.py", line 175, in _do_get
    return self._create_connection()
           ~~~~~~~~~~~~~~~~~~~~~~~^^
  File "/Library/Frameworks/Python.framework/Versions/3.13/lib/python3.13/site-packages/sqlalchemy/pool/base.py", line 388, in _create_connection
    return _ConnectionRecord(self)
  File "/Library/Frameworks/Python.framework/Versions/3.13/lib/python3.13/site-packages/sqlalchemy/pool/base.py", line 673, in __init__
    self.__connect()
    ~~~~~~~~~~~~~~^^
  File "/Library/Frameworks/Python.framework/Versions/3.13/lib/python3.13/site-packages/sqlalchemy/pool/base.py", line 899, in __connect
    with util.safe_reraise():
         ~~~~~~~~~~~~~~~~~^^
  File "/Library/Frameworks/Python.framework/Versions/3.13/lib/python3.13/site-packages/sqlalchemy/util/langhelpers.py", line 224, in __exit__
    raise exc_value.with_traceback(exc_tb)
  File "/Library/Frameworks/Python.framework/Versions/3.13/lib/python3.13/site-packages/sqlalchemy/pool/base.py", line 895, in __connect
    self.dbapi_connection = connection = pool._invoke_creator(self)
                                         ~~~~~~~~~~~~~~~~~~~~^^^^^^
  File "/Library/Frameworks/Python.framework/Versions/3.13/lib/python3.13/site-packages/sqlalchemy/engine/create.py", line 661, in connect
    return dialect.connect(*cargs, **cparams)
           ~~~~~~~~~~~~~~~^^^^^^^^^^^^^^^^^^^
  File "/Library/Frameworks/Python.framework/Versions/3.13/lib/python3.13/site-packages/sqlalchemy/engine/default.py", line 630, in connect
    return self.loaded_dbapi.connect(*cargs, **cparams)  # type: ignore[no-any-return]  # NOQA: E501
           ~~~~~~~~~~~~~~~~~~~~~~~~~^^^^^^^^^^^^^^^^^^^
  File "/Library/Frameworks/Python.framework/Versions/3.13/lib/python3.13/site-packages/psycopg2/__init__.py", line 122, in connect
    conn = _connect(dsn, connection_factory=connection_factory, **kwasync)
psycopg2.OperationalError: connection to server at "myntreal-database.c5gywaicq6zu.ap-south-2.rds.amazonaws.com" (16.112.74.247), port 5432 failed: timeout expired


The above exception was the direct cause of the following exception:

Traceback (most recent call last):
  File "/Library/Frameworks/Python.framework/Versions/3.13/lib/python3.13/site-packages/starlette/_exception_handler.py", line 42, in wrapped_app
    await app(scope, receive, sender)
  File "/Library/Frameworks/Python.framework/Versions/3.13/lib/python3.13/site-packages/fastapi/routing.py", line 105, in app
    response = await f(request)
               ^^^^^^^^^^^^^^^^
  File "/Library/Frameworks/Python.framework/Versions/3.13/lib/python3.13/site-packages/fastapi/routing.py", line 416, in app
    solved_result = await solve_dependencies(
                    ^^^^^^^^^^^^^^^^^^^^^^^^^
    ...<6 lines>...
    )
    ^
  File "/Library/Frameworks/Python.framework/Versions/3.13/lib/python3.13/site-packages/fastapi/dependencies/utils.py", line 647, in solve_dependencies
    solved_result = await solve_dependencies(
                    ^^^^^^^^^^^^^^^^^^^^^^^^^
    ...<9 lines>...
    )
    ^
  File "/Library/Frameworks/Python.framework/Versions/3.13/lib/python3.13/site-packages/fastapi/dependencies/utils.py", line 670, in solve_dependencies
    solved = await _solve_generator(
             ^^^^^^^^^^^^^^^^^^^^^^^
    ...<3 lines>...
    )
    ^
  File "/Library/Frameworks/Python.framework/Versions/3.13/lib/python3.13/site-packages/fastapi/dependencies/utils.py", line 584, in _solve_generator
    return await stack.enter_async_context(cm)
           ^^^^^^^^^^^^^^^^^^^^^^^^^^^^^^^^^^^
  File "/Library/Frameworks/Python.framework/Versions/3.13/lib/python3.13/contextlib.py", line 668, in enter_async_context
    result = await _enter(cm)
             ^^^^^^^^^^^^^^^^
  File "/Library/Frameworks/Python.framework/Versions/3.13/lib/python3.13/contextlib.py", line 214, in __aenter__
    return await anext(self.gen)
           ^^^^^^^^^^^^^^^^^^^^^
  File "/Library/Frameworks/Python.framework/Versions/3.13/lib/python3.13/site-packages/fastapi/concurrency.py", line 37, in contextmanager_in_threadpool
    raise e
  File "/Library/Frameworks/Python.framework/Versions/3.13/lib/python3.13/site-packages/fastapi/concurrency.py", line 29, in contextmanager_in_threadpool
    yield await run_in_threadpool(cm.__enter__)
          ^^^^^^^^^^^^^^^^^^^^^^^^^^^^^^^^^^^^^
  File "/Library/Frameworks/Python.framework/Versions/3.13/lib/python3.13/site-packages/starlette/concurrency.py", line 32, in run_in_threadpool
    return await anyio.to_thread.run_sync(func)
           ^^^^^^^^^^^^^^^^^^^^^^^^^^^^^^^^^^^^
  File "/Library/Frameworks/Python.framework/Versions/3.13/lib/python3.13/site-packages/anyio/to_thread.py", line 61, in run_sync
    return await get_async_backend().run_sync_in_worker_thread(
           ^^^^^^^^^^^^^^^^^^^^^^^^^^^^^^^^^^^^^^^^^^^^^^^^^^^^
        func, args, abandon_on_cancel=abandon_on_cancel, limiter=limiter
        ^^^^^^^^^^^^^^^^^^^^^^^^^^^^^^^^^^^^^^^^^^^^^^^^^^^^^^^^^^^^^^^^
    )
    ^
  File "/Library/Frameworks/Python.framework/Versions/3.13/lib/python3.13/site-packages/anyio/_backends/_asyncio.py", line 2525, in run_sync_in_worker_thread
    return await future
           ^^^^^^^^^^^^
  File "/Library/Frameworks/Python.framework/Versions/3.13/lib/python3.13/site-packages/anyio/_backends/_asyncio.py", line 986, in run
    result = context.run(func, *args)
  File "/Library/Frameworks/Python.framework/Versions/3.13/lib/python3.13/contextlib.py", line 141, in __enter__
    return next(self.gen)
  File "/Users/viswanathkari/Documents/Mynt OS/MyntReal_Latest/backend/app/core/database.py", line 148, in get_db
    db.execute(_text("SET statement_timeout = 25000"))
    ~~~~~~~~~~^^^^^^^^^^^^^^^^^^^^^^^^^^^^^^^^^^^^^^^^
  File "/Library/Frameworks/Python.framework/Versions/3.13/lib/python3.13/site-packages/sqlalchemy/orm/session.py", line 2351, in execute
    return self._execute_internal(
           ~~~~~~~~~~~~~~~~~~~~~~^
        statement,
        ^^^^^^^^^^
    ...<4 lines>...
        _add_event=_add_event,
        ^^^^^^^^^^^^^^^^^^^^^^
    )
    ^
  File "/Library/Frameworks/Python.framework/Versions/3.13/lib/python3.13/site-packages/sqlalchemy/orm/session.py", line 2239, in _execute_internal
    conn = self._connection_for_bind(bind)
  File "/Library/Frameworks/Python.framework/Versions/3.13/lib/python3.13/site-packages/sqlalchemy/orm/session.py", line 2108, in _connection_for_bind
    return trans._connection_for_bind(engine, execution_options)
           ~~~~~~~~~~~~~~~~~~~~~~~~~~^^^^^^^^^^^^^^^^^^^^^^^^^^^
  File "<string>", line 2, in _connection_for_bind
  File "/Library/Frameworks/Python.framework/Versions/3.13/lib/python3.13/site-packages/sqlalchemy/orm/state_changes.py", line 137, in _go
    ret_value = fn(self, *arg, **kw)
  File "/Library/Frameworks/Python.framework/Versions/3.13/lib/python3.13/site-packages/sqlalchemy/orm/session.py", line 1187, in _connection_for_bind
    conn = bind.connect()
  File "/Library/Frameworks/Python.framework/Versions/3.13/lib/python3.13/site-packages/sqlalchemy/engine/base.py", line 3285, in connect
    return self._connection_cls(self)
           ~~~~~~~~~~~~~~~~~~~~^^^^^^
  File "/Library/Frameworks/Python.framework/Versions/3.13/lib/python3.13/site-packages/sqlalchemy/engine/base.py", line 145, in __init__
    Connection._handle_dbapi_exception_noconnection(
    ~~~~~~~~~~~~~~~~~~~~~~~~~~~~~~~~~~~~~~~~~~~~~~~^
        err, dialect, engine
        ^^^^^^^^^^^^^^^^^^^^
    )
    ^
  File "/Library/Frameworks/Python.framework/Versions/3.13/lib/python3.13/site-packages/sqlalchemy/engine/base.py", line 2448, in _handle_dbapi_exception_noconnection
    raise sqlalchemy_exception.with_traceback(exc_info[2]) from e
  File "/Library/Frameworks/Python.framework/Versions/3.13/lib/python3.13/site-packages/sqlalchemy/engine/base.py", line 143, in __init__
    self._dbapi_connection = engine.raw_connection()
                             ~~~~~~~~~~~~~~~~~~~~~^^
  File "/Library/Frameworks/Python.framework/Versions/3.13/lib/python3.13/site-packages/sqlalchemy/engine/base.py", line 3309, in raw_connection
    return self.pool.connect()
           ~~~~~~~~~~~~~~~~~^^
  File "/Library/Frameworks/Python.framework/Versions/3.13/lib/python3.13/site-packages/sqlalchemy/pool/base.py", line 447, in connect
    return _ConnectionFairy._checkout(self)
           ~~~~~~~~~~~~~~~~~~~~~~~~~~^^^^^^
  File "/Library/Frameworks/Python.framework/Versions/3.13/lib/python3.13/site-packages/sqlalchemy/pool/base.py", line 1264, in _checkout
    fairy = _ConnectionRecord.checkout(pool)
  File "/Library/Frameworks/Python.framework/Versions/3.13/lib/python3.13/site-packages/sqlalchemy/pool/base.py", line 711, in checkout
    rec = pool._do_get()
  File "/Library/Frameworks/Python.framework/Versions/3.13/lib/python3.13/site-packages/sqlalchemy/pool/impl.py", line 177, in _do_get
    with util.safe_reraise():
         ~~~~~~~~~~~~~~~~~^^
  File "/Library/Frameworks/Python.framework/Versions/3.13/lib/python3.13/site-packages/sqlalchemy/util/langhelpers.py", line 224, in __exit__
    raise exc_value.with_traceback(exc_tb)
  File "/Library/Frameworks/Python.framework/Versions/3.13/lib/python3.13/site-packages/sqlalchemy/pool/impl.py", line 175, in _do_get
    return self._create_connection()
           ~~~~~~~~~~~~~~~~~~~~~~~^^
  File "/Library/Frameworks/Python.framework/Versions/3.13/lib/python3.13/site-packages/sqlalchemy/pool/base.py", line 388, in _create_connection
    return _ConnectionRecord(self)
  File "/Library/Frameworks/Python.framework/Versions/3.13/lib/python3.13/site-packages/sqlalchemy/pool/base.py", line 673, in __init__
    self.__connect()
    ~~~~~~~~~~~~~~^^
  File "/Library/Frameworks/Python.framework/Versions/3.13/lib/python3.13/site-packages/sqlalchemy/pool/base.py", line 899, in __connect
    with util.safe_reraise():
         ~~~~~~~~~~~~~~~~~^^
  File "/Library/Frameworks/Python.framework/Versions/3.13/lib/python3.13/site-packages/sqlalchemy/util/langhelpers.py", line 224, in __exit__
    raise exc_value.with_traceback(exc_tb)
  File "/Library/Frameworks/Python.framework/Versions/3.13/lib/python3.13/site-packages/sqlalchemy/pool/base.py", line 895, in __connect
    self.dbapi_connection = connection = pool._invoke_creator(self)
                                         ~~~~~~~~~~~~~~~~~~~~^^^^^^
  File "/Library/Frameworks/Python.framework/Versions/3.13/lib/python3.13/site-packages/sqlalchemy/engine/create.py", line 661, in connect
    return dialect.connect(*cargs, **cparams)
           ~~~~~~~~~~~~~~~^^^^^^^^^^^^^^^^^^^
  File "/Library/Frameworks/Python.framework/Versions/3.13/lib/python3.13/site-packages/sqlalchemy/engine/default.py", line 630, in connect
    return self.loaded_dbapi.connect(*cargs, **cparams)  # type: ignore[no-any-return]  # NOQA: E501
           ~~~~~~~~~~~~~~~~~~~~~~~~~^^^^^^^^^^^^^^^^^^^
  File "/Library/Frameworks/Python.framework/Versions/3.13/lib/python3.13/site-packages/psycopg2/__init__.py", line 122, in connect
    conn = _connect(dsn, connection_factory=connection_factory, **kwasync)
sqlalchemy.exc.OperationalError: (psycopg2.OperationalError) connection to server at "myntreal-database.c5gywaicq6zu.ap-south-2.rds.amazonaws.com" (16.112.74.247), port 5432 failed: timeout expired

(Background on this error at: https://sqlalche.me/e/20/e3q8)

ERROR:app.core.exceptions:SQLAlchemy Error on GET /api/v1/community-services/public/active-headers: connection to server at "myntreal-database.c5gywaicq6zu.ap-south-2.rds.amazonaws.com" (16.112.74.247), port 5432 failed: timeout expired

ERROR:app.core.exceptions:Full traceback: Traceback (most recent call last):
  File "/Library/Frameworks/Python.framework/Versions/3.13/lib/python3.13/site-packages/sqlalchemy/engine/base.py", line 143, in __init__
    self._dbapi_connection = engine.raw_connection()
                             ~~~~~~~~~~~~~~~~~~~~~^^
  File "/Library/Frameworks/Python.framework/Versions/3.13/lib/python3.13/site-packages/sqlalchemy/engine/base.py", line 3309, in raw_connection
    return self.pool.connect()
           ~~~~~~~~~~~~~~~~~^^
  File "/Library/Frameworks/Python.framework/Versions/3.13/lib/python3.13/site-packages/sqlalchemy/pool/base.py", line 447, in connect
    return _ConnectionFairy._checkout(self)
           ~~~~~~~~~~~~~~~~~~~~~~~~~~^^^^^^
  File "/Library/Frameworks/Python.framework/Versions/3.13/lib/python3.13/site-packages/sqlalchemy/pool/base.py", line 1264, in _checkout
    fairy = _ConnectionRecord.checkout(pool)
  File "/Library/Frameworks/Python.framework/Versions/3.13/lib/python3.13/site-packages/sqlalchemy/pool/base.py", line 711, in checkout
    rec = pool._do_get()
  File "/Library/Frameworks/Python.framework/Versions/3.13/lib/python3.13/site-packages/sqlalchemy/pool/impl.py", line 177, in _do_get
    with util.safe_reraise():
         ~~~~~~~~~~~~~~~~~^^
  File "/Library/Frameworks/Python.framework/Versions/3.13/lib/python3.13/site-packages/sqlalchemy/util/langhelpers.py", line 224, in __exit__
    raise exc_value.with_traceback(exc_tb)
  File "/Library/Frameworks/Python.framework/Versions/3.13/lib/python3.13/site-packages/sqlalchemy/pool/impl.py", line 175, in _do_get
    return self._create_connection()
           ~~~~~~~~~~~~~~~~~~~~~~~^^
  File "/Library/Frameworks/Python.framework/Versions/3.13/lib/python3.13/site-packages/sqlalchemy/pool/base.py", line 388, in _create_connection
    return _ConnectionRecord(self)
  File "/Library/Frameworks/Python.framework/Versions/3.13/lib/python3.13/site-packages/sqlalchemy/pool/base.py", line 673, in __init__
    self.__connect()
    ~~~~~~~~~~~~~~^^
  File "/Library/Frameworks/Python.framework/Versions/3.13/lib/python3.13/site-packages/sqlalchemy/pool/base.py", line 899, in __connect
    with util.safe_reraise():
         ~~~~~~~~~~~~~~~~~^^
  File "/Library/Frameworks/Python.framework/Versions/3.13/lib/python3.13/site-packages/sqlalchemy/util/langhelpers.py", line 224, in __exit__
    raise exc_value.with_traceback(exc_tb)
  File "/Library/Frameworks/Python.framework/Versions/3.13/lib/python3.13/site-packages/sqlalchemy/pool/base.py", line 895, in __connect
    self.dbapi_connection = connection = pool._invoke_creator(self)
                                         ~~~~~~~~~~~~~~~~~~~~^^^^^^
  File "/Library/Frameworks/Python.framework/Versions/3.13/lib/python3.13/site-packages/sqlalchemy/engine/create.py", line 661, in connect
    return dialect.connect(*cargs, **cparams)
           ~~~~~~~~~~~~~~~^^^^^^^^^^^^^^^^^^^
  File "/Library/Frameworks/Python.framework/Versions/3.13/lib/python3.13/site-packages/sqlalchemy/engine/default.py", line 630, in connect
    return self.loaded_dbapi.connect(*cargs, **cparams)  # type: ignore[no-any-return]  # NOQA: E501
           ~~~~~~~~~~~~~~~~~~~~~~~~~^^^^^^^^^^^^^^^^^^^
  File "/Library/Frameworks/Python.framework/Versions/3.13/lib/python3.13/site-packages/psycopg2/__init__.py", line 122, in connect
    conn = _connect(dsn, connection_factory=connection_factory, **kwasync)
psycopg2.OperationalError: connection to server at "myntreal-database.c5gywaicq6zu.ap-south-2.rds.amazonaws.com" (16.112.74.247), port 5432 failed: timeout expired


The above exception was the direct cause of the following exception:

Traceback (most recent call last):
  File "/Library/Frameworks/Python.framework/Versions/3.13/lib/python3.13/site-packages/starlette/_exception_handler.py", line 42, in wrapped_app
    await app(scope, receive, sender)
  File "/Library/Frameworks/Python.framework/Versions/3.13/lib/python3.13/site-packages/fastapi/routing.py", line 105, in app
    response = await f(request)
               ^^^^^^^^^^^^^^^^
  File "/Library/Frameworks/Python.framework/Versions/3.13/lib/python3.13/site-packages/fastapi/routing.py", line 416, in app
    solved_result = await solve_dependencies(
                    ^^^^^^^^^^^^^^^^^^^^^^^^^
    ...<6 lines>...
    )
    ^
  File "/Library/Frameworks/Python.framework/Versions/3.13/lib/python3.13/site-packages/fastapi/dependencies/utils.py", line 670, in solve_dependencies
    solved = await _solve_generator(
             ^^^^^^^^^^^^^^^^^^^^^^^
    ...<3 lines>...
    )
    ^
  File "/Library/Frameworks/Python.framework/Versions/3.13/lib/python3.13/site-packages/fastapi/dependencies/utils.py", line 584, in _solve_generator
    return await stack.enter_async_context(cm)
           ^^^^^^^^^^^^^^^^^^^^^^^^^^^^^^^^^^^
  File "/Library/Frameworks/Python.framework/Versions/3.13/lib/python3.13/contextlib.py", line 668, in enter_async_context
    result = await _enter(cm)
             ^^^^^^^^^^^^^^^^
  File "/Library/Frameworks/Python.framework/Versions/3.13/lib/python3.13/contextlib.py", line 214, in __aenter__
    return await anext(self.gen)
           ^^^^^^^^^^^^^^^^^^^^^
  File "/Library/Frameworks/Python.framework/Versions/3.13/lib/python3.13/site-packages/fastapi/concurrency.py", line 37, in contextmanager_in_threadpool
    raise e
  File "/Library/Frameworks/Python.framework/Versions/3.13/lib/python3.13/site-packages/fastapi/concurrency.py", line 29, in contextmanager_in_threadpool
    yield await run_in_threadpool(cm.__enter__)
          ^^^^^^^^^^^^^^^^^^^^^^^^^^^^^^^^^^^^^
  File "/Library/Frameworks/Python.framework/Versions/3.13/lib/python3.13/site-packages/starlette/concurrency.py", line 32, in run_in_threadpool
    return await anyio.to_thread.run_sync(func)
           ^^^^^^^^^^^^^^^^^^^^^^^^^^^^^^^^^^^^
  File "/Library/Frameworks/Python.framework/Versions/3.13/lib/python3.13/site-packages/anyio/to_thread.py", line 61, in run_sync
    return await get_async_backend().run_sync_in_worker_thread(
           ^^^^^^^^^^^^^^^^^^^^^^^^^^^^^^^^^^^^^^^^^^^^^^^^^^^^
        func, args, abandon_on_cancel=abandon_on_cancel, limiter=limiter
        ^^^^^^^^^^^^^^^^^^^^^^^^^^^^^^^^^^^^^^^^^^^^^^^^^^^^^^^^^^^^^^^^
    )
    ^
  File "/Library/Frameworks/Python.framework/Versions/3.13/lib/python3.13/site-packages/anyio/_backends/_asyncio.py", line 2525, in run_sync_in_worker_thread
    return await future
           ^^^^^^^^^^^^
  File "/Library/Frameworks/Python.framework/Versions/3.13/lib/python3.13/site-packages/anyio/_backends/_asyncio.py", line 986, in run
    result = context.run(func, *args)
  File "/Library/Frameworks/Python.framework/Versions/3.13/lib/python3.13/contextlib.py", line 141, in __enter__
    return next(self.gen)
  File "/Users/viswanathkari/Documents/Mynt OS/MyntReal_Latest/backend/app/core/database.py", line 148, in get_db
    db.execute(_text("SET statement_timeout = 25000"))
    ~~~~~~~~~~^^^^^^^^^^^^^^^^^^^^^^^^^^^^^^^^^^^^^^^^
  File "/Library/Frameworks/Python.framework/Versions/3.13/lib/python3.13/site-packages/sqlalchemy/orm/session.py", line 2351, in execute
    return self._execute_internal(
           ~~~~~~~~~~~~~~~~~~~~~~^
        statement,
        ^^^^^^^^^^
    ...<4 lines>...
        _add_event=_add_event,
        ^^^^^^^^^^^^^^^^^^^^^^
    )
    ^
  File "/Library/Frameworks/Python.framework/Versions/3.13/lib/python3.13/site-packages/sqlalchemy/orm/session.py", line 2239, in _execute_internal
    conn = self._connection_for_bind(bind)
  File "/Library/Frameworks/Python.framework/Versions/3.13/lib/python3.13/site-packages/sqlalchemy/orm/session.py", line 2108, in _connection_for_bind
    return trans._connection_for_bind(engine, execution_options)
           ~~~~~~~~~~~~~~~~~~~~~~~~~~^^^^^^^^^^^^^^^^^^^^^^^^^^^
  File "<string>", line 2, in _connection_for_bind
  File "/Library/Frameworks/Python.framework/Versions/3.13/lib/python3.13/site-packages/sqlalchemy/orm/state_changes.py", line 137, in _go
    ret_value = fn(self, *arg, **kw)
  File "/Library/Frameworks/Python.framework/Versions/3.13/lib/python3.13/site-packages/sqlalchemy/orm/session.py", line 1187, in _connection_for_bind
    conn = bind.connect()
  File "/Library/Frameworks/Python.framework/Versions/3.13/lib/python3.13/site-packages/sqlalchemy/engine/base.py", line 3285, in connect
    return self._connection_cls(self)
           ~~~~~~~~~~~~~~~~~~~~^^^^^^
  File "/Library/Frameworks/Python.framework/Versions/3.13/lib/python3.13/site-packages/sqlalchemy/engine/base.py", line 145, in __init__
    Connection._handle_dbapi_exception_noconnection(
    ~~~~~~~~~~~~~~~~~~~~~~~~~~~~~~~~~~~~~~~~~~~~~~~^
        err, dialect, engine
        ^^^^^^^^^^^^^^^^^^^^
    )
    ^
  File "/Library/Frameworks/Python.framework/Versions/3.13/lib/python3.13/site-packages/sqlalchemy/engine/base.py", line 2448, in _handle_dbapi_exception_noconnection
    raise sqlalchemy_exception.with_traceback(exc_info[2]) from e
  File "/Library/Frameworks/Python.framework/Versions/3.13/lib/python3.13/site-packages/sqlalchemy/engine/base.py", line 143, in __init__
    self._dbapi_connection = engine.raw_connection()
                             ~~~~~~~~~~~~~~~~~~~~~^^
  File "/Library/Frameworks/Python.framework/Versions/3.13/lib/python3.13/site-packages/sqlalchemy/engine/base.py", line 3309, in raw_connection
    return self.pool.connect()
           ~~~~~~~~~~~~~~~~~^^
  File "/Library/Frameworks/Python.framework/Versions/3.13/lib/python3.13/site-packages/sqlalchemy/pool/base.py", line 447, in connect
    return _ConnectionFairy._checkout(self)
           ~~~~~~~~~~~~~~~~~~~~~~~~~~^^^^^^
  File "/Library/Frameworks/Python.framework/Versions/3.13/lib/python3.13/site-packages/sqlalchemy/pool/base.py", line 1264, in _checkout
    fairy = _ConnectionRecord.checkout(pool)
  File "/Library/Frameworks/Python.framework/Versions/3.13/lib/python3.13/site-packages/sqlalchemy/pool/base.py", line 711, in checkout
    rec = pool._do_get()
  File "/Library/Frameworks/Python.framework/Versions/3.13/lib/python3.13/site-packages/sqlalchemy/pool/impl.py", line 177, in _do_get
    with util.safe_reraise():
         ~~~~~~~~~~~~~~~~~^^
  File "/Library/Frameworks/Python.framework/Versions/3.13/lib/python3.13/site-packages/sqlalchemy/util/langhelpers.py", line 224, in __exit__
    raise exc_value.with_traceback(exc_tb)
  File "/Library/Frameworks/Python.framework/Versions/3.13/lib/python3.13/site-packages/sqlalchemy/pool/impl.py", line 175, in _do_get
    return self._create_connection()
           ~~~~~~~~~~~~~~~~~~~~~~~^^
  File "/Library/Frameworks/Python.framework/Versions/3.13/lib/python3.13/site-packages/sqlalchemy/pool/base.py", line 388, in _create_connection
    return _ConnectionRecord(self)
  File "/Library/Frameworks/Python.framework/Versions/3.13/lib/python3.13/site-packages/sqlalchemy/pool/base.py", line 673, in __init__
    self.__connect()
    ~~~~~~~~~~~~~~^^
  File "/Library/Frameworks/Python.framework/Versions/3.13/lib/python3.13/site-packages/sqlalchemy/pool/base.py", line 899, in __connect
    with util.safe_reraise():
         ~~~~~~~~~~~~~~~~~^^
  File "/Library/Frameworks/Python.framework/Versions/3.13/lib/python3.13/site-packages/sqlalchemy/util/langhelpers.py", line 224, in __exit__
    raise exc_value.with_traceback(exc_tb)
  File "/Library/Frameworks/Python.framework/Versions/3.13/lib/python3.13/site-packages/sqlalchemy/pool/base.py", line 895, in __connect
    self.dbapi_connection = connection = pool._invoke_creator(self)
                                         ~~~~~~~~~~~~~~~~~~~~^^^^^^
  File "/Library/Frameworks/Python.framework/Versions/3.13/lib/python3.13/site-packages/sqlalchemy/engine/create.py", line 661, in connect
    return dialect.connect(*cargs, **cparams)
           ~~~~~~~~~~~~~~~^^^^^^^^^^^^^^^^^^^
  File "/Library/Frameworks/Python.framework/Versions/3.13/lib/python3.13/site-packages/sqlalchemy/engine/default.py", line 630, in connect
    return self.loaded_dbapi.connect(*cargs, **cparams)  # type: ignore[no-any-return]  # NOQA: E501
           ~~~~~~~~~~~~~~~~~~~~~~~~~^^^^^^^^^^^^^^^^^^^
  File "/Library/Frameworks/Python.framework/Versions/3.13/lib/python3.13/site-packages/psycopg2/__init__.py", line 122, in connect
    conn = _connect(dsn, connection_factory=connection_factory, **kwasync)
sqlalchemy.exc.OperationalError: (psycopg2.OperationalError) connection to server at "myntreal-database.c5gywaicq6zu.ap-south-2.rds.amazonaws.com" (16.112.74.247), port 5432 failed: timeout expired

(Background on this error at: https://sqlalche.me/e/20/e3q8)

INFO:     127.0.0.1:50506 - "GET /api/v1/community-services/public/active-headers HTTP/1.1" 500 Internal Server Error
INFO:     127.0.0.1:50504 - "GET /api/v1/staff/day-plans/day-progress?plan_date=2026-08-26 HTTP/1.1" 500 Internal Server Error
INFO:     127.0.0.1:50507 - "GET /api/v1/community-services/public/active-headers HTTP/1.1" 500 Internal Server Error
[DC-STARTUP] ⚠️ company_bank_accounts migration failed (non-fatal): (psycopg2.OperationalError) connection to server at "myntreal-database.c5gywaicq6zu.ap-south-2.rds.amazonaws.com" (16.112.74.247), port 5432 failed: timeout expired

(Background on this error at: https://sqlalche.me/e/20/e3q8)
[DC-STARTUP] ✅ staff_kra_templates.target_time already present
[DC-MKT-UQFIX-001] ✅ marketplace_spares unique constraint migrated to (sku, company_id)
ERROR:app.core.exceptions:SQLAlchemy Error on GET /api/v1/hub/partners: connection to server at "myntreal-database.c5gywaicq6zu.ap-south-2.rds.amazonaws.com" (16.112.74.247), port 5432 failed: timeout expired

ERROR:app.core.exceptions:Full traceback: Traceback (most recent call last):
  File "/Library/Frameworks/Python.framework/Versions/3.13/lib/python3.13/site-packages/sqlalchemy/engine/base.py", line 143, in __init__
    self._dbapi_connection = engine.raw_connection()
                             ~~~~~~~~~~~~~~~~~~~~~^^
  File "/Library/Frameworks/Python.framework/Versions/3.13/lib/python3.13/site-packages/sqlalchemy/engine/base.py", line 3309, in raw_connection
    return self.pool.connect()
           ~~~~~~~~~~~~~~~~~^^
  File "/Library/Frameworks/Python.framework/Versions/3.13/lib/python3.13/site-packages/sqlalchemy/pool/base.py", line 447, in connect
    return _ConnectionFairy._checkout(self)
           ~~~~~~~~~~~~~~~~~~~~~~~~~~^^^^^^
  File "/Library/Frameworks/Python.framework/Versions/3.13/lib/python3.13/site-packages/sqlalchemy/pool/base.py", line 1264, in _checkout
    fairy = _ConnectionRecord.checkout(pool)
  File "/Library/Frameworks/Python.framework/Versions/3.13/lib/python3.13/site-packages/sqlalchemy/pool/base.py", line 711, in checkout
    rec = pool._do_get()
  File "/Library/Frameworks/Python.framework/Versions/3.13/lib/python3.13/site-packages/sqlalchemy/pool/impl.py", line 177, in _do_get
    with util.safe_reraise():
         ~~~~~~~~~~~~~~~~~^^
  File "/Library/Frameworks/Python.framework/Versions/3.13/lib/python3.13/site-packages/sqlalchemy/util/langhelpers.py", line 224, in __exit__
    raise exc_value.with_traceback(exc_tb)
  File "/Library/Frameworks/Python.framework/Versions/3.13/lib/python3.13/site-packages/sqlalchemy/pool/impl.py", line 175, in _do_get
    return self._create_connection()
           ~~~~~~~~~~~~~~~~~~~~~~~^^
  File "/Library/Frameworks/Python.framework/Versions/3.13/lib/python3.13/site-packages/sqlalchemy/pool/base.py", line 388, in _create_connection
    return _ConnectionRecord(self)
  File "/Library/Frameworks/Python.framework/Versions/3.13/lib/python3.13/site-packages/sqlalchemy/pool/base.py", line 673, in __init__
    self.__connect()
    ~~~~~~~~~~~~~~^^
  File "/Library/Frameworks/Python.framework/Versions/3.13/lib/python3.13/site-packages/sqlalchemy/pool/base.py", line 899, in __connect
    with util.safe_reraise():
         ~~~~~~~~~~~~~~~~~^^
  File "/Library/Frameworks/Python.framework/Versions/3.13/lib/python3.13/site-packages/sqlalchemy/util/langhelpers.py", line 224, in __exit__
    raise exc_value.with_traceback(exc_tb)
  File "/Library/Frameworks/Python.framework/Versions/3.13/lib/python3.13/site-packages/sqlalchemy/pool/base.py", line 895, in __connect
    self.dbapi_connection = connection = pool._invoke_creator(self)
                                         ~~~~~~~~~~~~~~~~~~~~^^^^^^
  File "/Library/Frameworks/Python.framework/Versions/3.13/lib/python3.13/site-packages/sqlalchemy/engine/create.py", line 661, in connect
    return dialect.connect(*cargs, **cparams)
           ~~~~~~~~~~~~~~~^^^^^^^^^^^^^^^^^^^
  File "/Library/Frameworks/Python.framework/Versions/3.13/lib/python3.13/site-packages/sqlalchemy/engine/default.py", line 630, in connect
    return self.loaded_dbapi.connect(*cargs, **cparams)  # type: ignore[no-any-return]  # NOQA: E501
           ~~~~~~~~~~~~~~~~~~~~~~~~~^^^^^^^^^^^^^^^^^^^
  File "/Library/Frameworks/Python.framework/Versions/3.13/lib/python3.13/site-packages/psycopg2/__init__.py", line 122, in connect
    conn = _connect(dsn, connection_factory=connection_factory, **kwasync)
psycopg2.OperationalError: connection to server at "myntreal-database.c5gywaicq6zu.ap-south-2.rds.amazonaws.com" (16.112.74.247), port 5432 failed: timeout expired


The above exception was the direct cause of the following exception:

Traceback (most recent call last):
  File "/Library/Frameworks/Python.framework/Versions/3.13/lib/python3.13/site-packages/starlette/_exception_handler.py", line 42, in wrapped_app
    await app(scope, receive, sender)
  File "/Library/Frameworks/Python.framework/Versions/3.13/lib/python3.13/site-packages/fastapi/routing.py", line 105, in app
    response = await f(request)
               ^^^^^^^^^^^^^^^^
  File "/Library/Frameworks/Python.framework/Versions/3.13/lib/python3.13/site-packages/fastapi/routing.py", line 416, in app
    solved_result = await solve_dependencies(
                    ^^^^^^^^^^^^^^^^^^^^^^^^^
    ...<6 lines>...
    )
    ^
  File "/Library/Frameworks/Python.framework/Versions/3.13/lib/python3.13/site-packages/fastapi/dependencies/utils.py", line 670, in solve_dependencies
    solved = await _solve_generator(
             ^^^^^^^^^^^^^^^^^^^^^^^
    ...<3 lines>...
    )
    ^
  File "/Library/Frameworks/Python.framework/Versions/3.13/lib/python3.13/site-packages/fastapi/dependencies/utils.py", line 584, in _solve_generator
    return await stack.enter_async_context(cm)
           ^^^^^^^^^^^^^^^^^^^^^^^^^^^^^^^^^^^
  File "/Library/Frameworks/Python.framework/Versions/3.13/lib/python3.13/contextlib.py", line 668, in enter_async_context
    result = await _enter(cm)
             ^^^^^^^^^^^^^^^^
  File "/Library/Frameworks/Python.framework/Versions/3.13/lib/python3.13/contextlib.py", line 214, in __aenter__
    return await anext(self.gen)
           ^^^^^^^^^^^^^^^^^^^^^
  File "/Library/Frameworks/Python.framework/Versions/3.13/lib/python3.13/site-packages/fastapi/concurrency.py", line 37, in contextmanager_in_threadpool
    raise e
  File "/Library/Frameworks/Python.framework/Versions/3.13/lib/python3.13/site-packages/fastapi/concurrency.py", line 29, in contextmanager_in_threadpool
    yield await run_in_threadpool(cm.__enter__)
          ^^^^^^^^^^^^^^^^^^^^^^^^^^^^^^^^^^^^^
  File "/Library/Frameworks/Python.framework/Versions/3.13/lib/python3.13/site-packages/starlette/concurrency.py", line 32, in run_in_threadpool
    return await anyio.to_thread.run_sync(func)
           ^^^^^^^^^^^^^^^^^^^^^^^^^^^^^^^^^^^^
  File "/Library/Frameworks/Python.framework/Versions/3.13/lib/python3.13/site-packages/anyio/to_thread.py", line 61, in run_sync
    return await get_async_backend().run_sync_in_worker_thread(
           ^^^^^^^^^^^^^^^^^^^^^^^^^^^^^^^^^^^^^^^^^^^^^^^^^^^^
        func, args, abandon_on_cancel=abandon_on_cancel, limiter=limiter
        ^^^^^^^^^^^^^^^^^^^^^^^^^^^^^^^^^^^^^^^^^^^^^^^^^^^^^^^^^^^^^^^^
    )
    ^
  File "/Library/Frameworks/Python.framework/Versions/3.13/lib/python3.13/site-packages/anyio/_backends/_asyncio.py", line 2525, in run_sync_in_worker_thread
    return await future
           ^^^^^^^^^^^^
  File "/Library/Frameworks/Python.framework/Versions/3.13/lib/python3.13/site-packages/anyio/_backends/_asyncio.py", line 986, in run
    result = context.run(func, *args)
  File "/Library/Frameworks/Python.framework/Versions/3.13/lib/python3.13/contextlib.py", line 141, in __enter__
    return next(self.gen)
  File "/Users/viswanathkari/Documents/Mynt OS/MyntReal_Latest/backend/app/core/database.py", line 148, in get_db
    db.execute(_text("SET statement_timeout = 25000"))
    ~~~~~~~~~~^^^^^^^^^^^^^^^^^^^^^^^^^^^^^^^^^^^^^^^^
  File "/Library/Frameworks/Python.framework/Versions/3.13/lib/python3.13/site-packages/sqlalchemy/orm/session.py", line 2351, in execute
    return self._execute_internal(
           ~~~~~~~~~~~~~~~~~~~~~~^
        statement,
        ^^^^^^^^^^
    ...<4 lines>...
        _add_event=_add_event,
        ^^^^^^^^^^^^^^^^^^^^^^
    )
    ^
  File "/Library/Frameworks/Python.framework/Versions/3.13/lib/python3.13/site-packages/sqlalchemy/orm/session.py", line 2239, in _execute_internal
    conn = self._connection_for_bind(bind)
  File "/Library/Frameworks/Python.framework/Versions/3.13/lib/python3.13/site-packages/sqlalchemy/orm/session.py", line 2108, in _connection_for_bind
    return trans._connection_for_bind(engine, execution_options)
           ~~~~~~~~~~~~~~~~~~~~~~~~~~^^^^^^^^^^^^^^^^^^^^^^^^^^^
  File "<string>", line 2, in _connection_for_bind
  File "/Library/Frameworks/Python.framework/Versions/3.13/lib/python3.13/site-packages/sqlalchemy/orm/state_changes.py", line 137, in _go
    ret_value = fn(self, *arg, **kw)
  File "/Library/Frameworks/Python.framework/Versions/3.13/lib/python3.13/site-packages/sqlalchemy/orm/session.py", line 1187, in _connection_for_bind
    conn = bind.connect()
  File "/Library/Frameworks/Python.framework/Versions/3.13/lib/python3.13/site-packages/sqlalchemy/engine/base.py", line 3285, in connect
    return self._connection_cls(self)
           ~~~~~~~~~~~~~~~~~~~~^^^^^^
  File "/Library/Frameworks/Python.framework/Versions/3.13/lib/python3.13/site-packages/sqlalchemy/engine/base.py", line 145, in __init__
    Connection._handle_dbapi_exception_noconnection(
    ~~~~~~~~~~~~~~~~~~~~~~~~~~~~~~~~~~~~~~~~~~~~~~~^
        err, dialect, engine
        ^^^^^^^^^^^^^^^^^^^^
    )
    ^
  File "/Library/Frameworks/Python.framework/Versions/3.13/lib/python3.13/site-packages/sqlalchemy/engine/base.py", line 2448, in _handle_dbapi_exception_noconnection
    raise sqlalchemy_exception.with_traceback(exc_info[2]) from e
  File "/Library/Frameworks/Python.framework/Versions/3.13/lib/python3.13/site-packages/sqlalchemy/engine/base.py", line 143, in __init__
    self._dbapi_connection = engine.raw_connection()
                             ~~~~~~~~~~~~~~~~~~~~~^^
  File "/Library/Frameworks/Python.framework/Versions/3.13/lib/python3.13/site-packages/sqlalchemy/engine/base.py", line 3309, in raw_connection
    return self.pool.connect()
           ~~~~~~~~~~~~~~~~~^^
  File "/Library/Frameworks/Python.framework/Versions/3.13/lib/python3.13/site-packages/sqlalchemy/pool/base.py", line 447, in connect
    return _ConnectionFairy._checkout(self)
           ~~~~~~~~~~~~~~~~~~~~~~~~~~^^^^^^
  File "/Library/Frameworks/Python.framework/Versions/3.13/lib/python3.13/site-packages/sqlalchemy/pool/base.py", line 1264, in _checkout
    fairy = _ConnectionRecord.checkout(pool)
  File "/Library/Frameworks/Python.framework/Versions/3.13/lib/python3.13/site-packages/sqlalchemy/pool/base.py", line 711, in checkout
    rec = pool._do_get()
  File "/Library/Frameworks/Python.framework/Versions/3.13/lib/python3.13/site-packages/sqlalchemy/pool/impl.py", line 177, in _do_get
    with util.safe_reraise():
         ~~~~~~~~~~~~~~~~~^^
  File "/Library/Frameworks/Python.framework/Versions/3.13/lib/python3.13/site-packages/sqlalchemy/util/langhelpers.py", line 224, in __exit__
    raise exc_value.with_traceback(exc_tb)
  File "/Library/Frameworks/Python.framework/Versions/3.13/lib/python3.13/site-packages/sqlalchemy/pool/impl.py", line 175, in _do_get
    return self._create_connection()
           ~~~~~~~~~~~~~~~~~~~~~~~^^
  File "/Library/Frameworks/Python.framework/Versions/3.13/lib/python3.13/site-packages/sqlalchemy/pool/base.py", line 388, in _create_connection
    return _ConnectionRecord(self)
  File "/Library/Frameworks/Python.framework/Versions/3.13/lib/python3.13/site-packages/sqlalchemy/pool/base.py", line 673, in __init__
    self.__connect()
    ~~~~~~~~~~~~~~^^
  File "/Library/Frameworks/Python.framework/Versions/3.13/lib/python3.13/site-packages/sqlalchemy/pool/base.py", line 899, in __connect
    with util.safe_reraise():
         ~~~~~~~~~~~~~~~~~^^
  File "/Library/Frameworks/Python.framework/Versions/3.13/lib/python3.13/site-packages/sqlalchemy/util/langhelpers.py", line 224, in __exit__
    raise exc_value.with_traceback(exc_tb)
  File "/Library/Frameworks/Python.framework/Versions/3.13/lib/python3.13/site-packages/sqlalchemy/pool/base.py", line 895, in __connect
    self.dbapi_connection = connection = pool._invoke_creator(self)
                                         ~~~~~~~~~~~~~~~~~~~~^^^^^^
  File "/Library/Frameworks/Python.framework/Versions/3.13/lib/python3.13/site-packages/sqlalchemy/engine/create.py", line 661, in connect
    return dialect.connect(*cargs, **cparams)
           ~~~~~~~~~~~~~~~^^^^^^^^^^^^^^^^^^^
  File "/Library/Frameworks/Python.framework/Versions/3.13/lib/python3.13/site-packages/sqlalchemy/engine/default.py", line 630, in connect
    return self.loaded_dbapi.connect(*cargs, **cparams)  # type: ignore[no-any-return]  # NOQA: E501
           ~~~~~~~~~~~~~~~~~~~~~~~~~^^^^^^^^^^^^^^^^^^^
  File "/Library/Frameworks/Python.framework/Versions/3.13/lib/python3.13/site-packages/psycopg2/__init__.py", line 122, in connect
    conn = _connect(dsn, connection_factory=connection_factory, **kwasync)
sqlalchemy.exc.OperationalError: (psycopg2.OperationalError) connection to server at "myntreal-database.c5gywaicq6zu.ap-south-2.rds.amazonaws.com" (16.112.74.247), port 5432 failed: timeout expired

(Background on this error at: https://sqlalche.me/e/20/e3q8)

ERROR:app.core.exceptions:SQLAlchemy Error on GET /api/v1/feedback/public/announcements: connection to server at "myntreal-database.c5gywaicq6zu.ap-south-2.rds.amazonaws.com" (16.112.74.247), port 5432 failed: timeout expired

ERROR:app.core.exceptions:Full traceback: Traceback (most recent call last):
  File "/Library/Frameworks/Python.framework/Versions/3.13/lib/python3.13/site-packages/sqlalchemy/engine/base.py", line 143, in __init__
    self._dbapi_connection = engine.raw_connection()
                             ~~~~~~~~~~~~~~~~~~~~~^^
  File "/Library/Frameworks/Python.framework/Versions/3.13/lib/python3.13/site-packages/sqlalchemy/engine/base.py", line 3309, in raw_connection
    return self.pool.connect()
           ~~~~~~~~~~~~~~~~~^^
  File "/Library/Frameworks/Python.framework/Versions/3.13/lib/python3.13/site-packages/sqlalchemy/pool/base.py", line 447, in connect
    return _ConnectionFairy._checkout(self)
           ~~~~~~~~~~~~~~~~~~~~~~~~~~^^^^^^
  File "/Library/Frameworks/Python.framework/Versions/3.13/lib/python3.13/site-packages/sqlalchemy/pool/base.py", line 1264, in _checkout
    fairy = _ConnectionRecord.checkout(pool)
  File "/Library/Frameworks/Python.framework/Versions/3.13/lib/python3.13/site-packages/sqlalchemy/pool/base.py", line 711, in checkout
    rec = pool._do_get()
  File "/Library/Frameworks/Python.framework/Versions/3.13/lib/python3.13/site-packages/sqlalchemy/pool/impl.py", line 177, in _do_get
    with util.safe_reraise():
         ~~~~~~~~~~~~~~~~~^^
  File "/Library/Frameworks/Python.framework/Versions/3.13/lib/python3.13/site-packages/sqlalchemy/util/langhelpers.py", line 224, in __exit__
    raise exc_value.with_traceback(exc_tb)
  File "/Library/Frameworks/Python.framework/Versions/3.13/lib/python3.13/site-packages/sqlalchemy/pool/impl.py", line 175, in _do_get
    return self._create_connection()
           ~~~~~~~~~~~~~~~~~~~~~~~^^
  File "/Library/Frameworks/Python.framework/Versions/3.13/lib/python3.13/site-packages/sqlalchemy/pool/base.py", line 388, in _create_connection
    return _ConnectionRecord(self)
  File "/Library/Frameworks/Python.framework/Versions/3.13/lib/python3.13/site-packages/sqlalchemy/pool/base.py", line 673, in __init__
    self.__connect()
    ~~~~~~~~~~~~~~^^
  File "/Library/Frameworks/Python.framework/Versions/3.13/lib/python3.13/site-packages/sqlalchemy/pool/base.py", line 899, in __connect
    with util.safe_reraise():
         ~~~~~~~~~~~~~~~~~^^
  File "/Library/Frameworks/Python.framework/Versions/3.13/lib/python3.13/site-packages/sqlalchemy/util/langhelpers.py", line 224, in __exit__
    raise exc_value.with_traceback(exc_tb)
  File "/Library/Frameworks/Python.framework/Versions/3.13/lib/python3.13/site-packages/sqlalchemy/pool/base.py", line 895, in __connect
    self.dbapi_connection = connection = pool._invoke_creator(self)
                                         ~~~~~~~~~~~~~~~~~~~~^^^^^^
  File "/Library/Frameworks/Python.framework/Versions/3.13/lib/python3.13/site-packages/sqlalchemy/engine/create.py", line 661, in connect
    return dialect.connect(*cargs, **cparams)
           ~~~~~~~~~~~~~~~^^^^^^^^^^^^^^^^^^^
  File "/Library/Frameworks/Python.framework/Versions/3.13/lib/python3.13/site-packages/sqlalchemy/engine/default.py", line 630, in connect
    return self.loaded_dbapi.connect(*cargs, **cparams)  # type: ignore[no-any-return]  # NOQA: E501
           ~~~~~~~~~~~~~~~~~~~~~~~~~^^^^^^^^^^^^^^^^^^^
  File "/Library/Frameworks/Python.framework/Versions/3.13/lib/python3.13/site-packages/psycopg2/__init__.py", line 122, in connect
    conn = _connect(dsn, connection_factory=connection_factory, **kwasync)
psycopg2.OperationalError: connection to server at "myntreal-database.c5gywaicq6zu.ap-south-2.rds.amazonaws.com" (16.112.74.247), port 5432 failed: timeout expired


The above exception was the direct cause of the following exception:

Traceback (most recent call last):
  File "/Library/Frameworks/Python.framework/Versions/3.13/lib/python3.13/site-packages/starlette/_exception_handler.py", line 42, in wrapped_app
    await app(scope, receive, sender)
  File "/Library/Frameworks/Python.framework/Versions/3.13/lib/python3.13/site-packages/fastapi/routing.py", line 105, in app
    response = await f(request)
               ^^^^^^^^^^^^^^^^
  File "/Library/Frameworks/Python.framework/Versions/3.13/lib/python3.13/site-packages/fastapi/routing.py", line 416, in app
    solved_result = await solve_dependencies(
                    ^^^^^^^^^^^^^^^^^^^^^^^^^
    ...<6 lines>...
    )
    ^
  File "/Library/Frameworks/Python.framework/Versions/3.13/lib/python3.13/site-packages/fastapi/dependencies/utils.py", line 670, in solve_dependencies
    solved = await _solve_generator(
             ^^^^^^^^^^^^^^^^^^^^^^^
    ...<3 lines>...
    )
    ^
  File "/Library/Frameworks/Python.framework/Versions/3.13/lib/python3.13/site-packages/fastapi/dependencies/utils.py", line 584, in _solve_generator
    return await stack.enter_async_context(cm)
           ^^^^^^^^^^^^^^^^^^^^^^^^^^^^^^^^^^^
  File "/Library/Frameworks/Python.framework/Versions/3.13/lib/python3.13/contextlib.py", line 668, in enter_async_context
    result = await _enter(cm)
             ^^^^^^^^^^^^^^^^
  File "/Library/Frameworks/Python.framework/Versions/3.13/lib/python3.13/contextlib.py", line 214, in __aenter__
    return await anext(self.gen)
           ^^^^^^^^^^^^^^^^^^^^^
  File "/Library/Frameworks/Python.framework/Versions/3.13/lib/python3.13/site-packages/fastapi/concurrency.py", line 37, in contextmanager_in_threadpool
    raise e
  File "/Library/Frameworks/Python.framework/Versions/3.13/lib/python3.13/site-packages/fastapi/concurrency.py", line 29, in contextmanager_in_threadpool
    yield await run_in_threadpool(cm.__enter__)
          ^^^^^^^^^^^^^^^^^^^^^^^^^^^^^^^^^^^^^
  File "/Library/Frameworks/Python.framework/Versions/3.13/lib/python3.13/site-packages/starlette/concurrency.py", line 32, in run_in_threadpool
    return await anyio.to_thread.run_sync(func)
           ^^^^^^^^^^^^^^^^^^^^^^^^^^^^^^^^^^^^
  File "/Library/Frameworks/Python.framework/Versions/3.13/lib/python3.13/site-packages/anyio/to_thread.py", line 61, in run_sync
    return await get_async_backend().run_sync_in_worker_thread(
           ^^^^^^^^^^^^^^^^^^^^^^^^^^^^^^^^^^^^^^^^^^^^^^^^^^^^
        func, args, abandon_on_cancel=abandon_on_cancel, limiter=limiter
        ^^^^^^^^^^^^^^^^^^^^^^^^^^^^^^^^^^^^^^^^^^^^^^^^^^^^^^^^^^^^^^^^
    )
    ^
  File "/Library/Frameworks/Python.framework/Versions/3.13/lib/python3.13/site-packages/anyio/_backends/_asyncio.py", line 2525, in run_sync_in_worker_thread
    return await future
           ^^^^^^^^^^^^
  File "/Library/Frameworks/Python.framework/Versions/3.13/lib/python3.13/site-packages/anyio/_backends/_asyncio.py", line 986, in run
    result = context.run(func, *args)
  File "/Library/Frameworks/Python.framework/Versions/3.13/lib/python3.13/contextlib.py", line 141, in __enter__
    return next(self.gen)
  File "/Users/viswanathkari/Documents/Mynt OS/MyntReal_Latest/backend/app/core/database.py", line 148, in get_db
    db.execute(_text("SET statement_timeout = 25000"))
    ~~~~~~~~~~^^^^^^^^^^^^^^^^^^^^^^^^^^^^^^^^^^^^^^^^
  File "/Library/Frameworks/Python.framework/Versions/3.13/lib/python3.13/site-packages/sqlalchemy/orm/session.py", line 2351, in execute
    return self._execute_internal(
           ~~~~~~~~~~~~~~~~~~~~~~^
        statement,
        ^^^^^^^^^^
    ...<4 lines>...
        _add_event=_add_event,
        ^^^^^^^^^^^^^^^^^^^^^^
    )
    ^
  File "/Library/Frameworks/Python.framework/Versions/3.13/lib/python3.13/site-packages/sqlalchemy/orm/session.py", line 2239, in _execute_internal
    conn = self._connection_for_bind(bind)
  File "/Library/Frameworks/Python.framework/Versions/3.13/lib/python3.13/site-packages/sqlalchemy/orm/session.py", line 2108, in _connection_for_bind
    return trans._connection_for_bind(engine, execution_options)
           ~~~~~~~~~~~~~~~~~~~~~~~~~~^^^^^^^^^^^^^^^^^^^^^^^^^^^
  File "<string>", line 2, in _connection_for_bind
  File "/Library/Frameworks/Python.framework/Versions/3.13/lib/python3.13/site-packages/sqlalchemy/orm/state_changes.py", line 137, in _go
    ret_value = fn(self, *arg, **kw)
  File "/Library/Frameworks/Python.framework/Versions/3.13/lib/python3.13/site-packages/sqlalchemy/orm/session.py", line 1187, in _connection_for_bind
    conn = bind.connect()
  File "/Library/Frameworks/Python.framework/Versions/3.13/lib/python3.13/site-packages/sqlalchemy/engine/base.py", line 3285, in connect
    return self._connection_cls(self)
           ~~~~~~~~~~~~~~~~~~~~^^^^^^
  File "/Library/Frameworks/Python.framework/Versions/3.13/lib/python3.13/site-packages/sqlalchemy/engine/base.py", line 145, in __init__
    Connection._handle_dbapi_exception_noconnection(
    ~~~~~~~~~~~~~~~~~~~~~~~~~~~~~~~~~~~~~~~~~~~~~~~^
        err, dialect, engine
        ^^^^^^^^^^^^^^^^^^^^
    )
    ^
  File "/Library/Frameworks/Python.framework/Versions/3.13/lib/python3.13/site-packages/sqlalchemy/engine/base.py", line 2448, in _handle_dbapi_exception_noconnection
    raise sqlalchemy_exception.with_traceback(exc_info[2]) from e
  File "/Library/Frameworks/Python.framework/Versions/3.13/lib/python3.13/site-packages/sqlalchemy/engine/base.py", line 143, in __init__
    self._dbapi_connection = engine.raw_connection()
                             ~~~~~~~~~~~~~~~~~~~~~^^
  File "/Library/Frameworks/Python.framework/Versions/3.13/lib/python3.13/site-packages/sqlalchemy/engine/base.py", line 3309, in raw_connection
    return self.pool.connect()
           ~~~~~~~~~~~~~~~~~^^
  File "/Library/Frameworks/Python.framework/Versions/3.13/lib/python3.13/site-packages/sqlalchemy/pool/base.py", line 447, in connect
    return _ConnectionFairy._checkout(self)
           ~~~~~~~~~~~~~~~~~~~~~~~~~~^^^^^^
  File "/Library/Frameworks/Python.framework/Versions/3.13/lib/python3.13/site-packages/sqlalchemy/pool/base.py", line 1264, in _checkout
    fairy = _ConnectionRecord.checkout(pool)
  File "/Library/Frameworks/Python.framework/Versions/3.13/lib/python3.13/site-packages/sqlalchemy/pool/base.py", line 711, in checkout
    rec = pool._do_get()
  File "/Library/Frameworks/Python.framework/Versions/3.13/lib/python3.13/site-packages/sqlalchemy/pool/impl.py", line 177, in _do_get
    with util.safe_reraise():
         ~~~~~~~~~~~~~~~~~^^
  File "/Library/Frameworks/Python.framework/Versions/3.13/lib/python3.13/site-packages/sqlalchemy/util/langhelpers.py", line 224, in __exit__
    raise exc_value.with_traceback(exc_tb)
  File "/Library/Frameworks/Python.framework/Versions/3.13/lib/python3.13/site-packages/sqlalchemy/pool/impl.py", line 175, in _do_get
    return self._create_connection()
           ~~~~~~~~~~~~~~~~~~~~~~~^^
  File "/Library/Frameworks/Python.framework/Versions/3.13/lib/python3.13/site-packages/sqlalchemy/pool/base.py", line 388, in _create_connection
    return _ConnectionRecord(self)
  File "/Library/Frameworks/Python.framework/Versions/3.13/lib/python3.13/site-packages/sqlalchemy/pool/base.py", line 673, in __init__
    self.__connect()
    ~~~~~~~~~~~~~~^^
  File "/Library/Frameworks/Python.framework/Versions/3.13/lib/python3.13/site-packages/sqlalchemy/pool/base.py", line 899, in __connect
    with util.safe_reraise():
         ~~~~~~~~~~~~~~~~~^^
  File "/Library/Frameworks/Python.framework/Versions/3.13/lib/python3.13/site-packages/sqlalchemy/util/langhelpers.py", line 224, in __exit__
    raise exc_value.with_traceback(exc_tb)
  File "/Library/Frameworks/Python.framework/Versions/3.13/lib/python3.13/site-packages/sqlalchemy/pool/base.py", line 895, in __connect
    self.dbapi_connection = connection = pool._invoke_creator(self)
                                         ~~~~~~~~~~~~~~~~~~~~^^^^^^
  File "/Library/Frameworks/Python.framework/Versions/3.13/lib/python3.13/site-packages/sqlalchemy/engine/create.py", line 661, in connect
    return dialect.connect(*cargs, **cparams)
           ~~~~~~~~~~~~~~~^^^^^^^^^^^^^^^^^^^
  File "/Library/Frameworks/Python.framework/Versions/3.13/lib/python3.13/site-packages/sqlalchemy/engine/default.py", line 630, in connect
    return self.loaded_dbapi.connect(*cargs, **cparams)  # type: ignore[no-any-return]  # NOQA: E501
           ~~~~~~~~~~~~~~~~~~~~~~~~~^^^^^^^^^^^^^^^^^^^
  File "/Library/Frameworks/Python.framework/Versions/3.13/lib/python3.13/site-packages/psycopg2/__init__.py", line 122, in connect
    conn = _connect(dsn, connection_factory=connection_factory, **kwasync)
sqlalchemy.exc.OperationalError: (psycopg2.OperationalError) connection to server at "myntreal-database.c5gywaicq6zu.ap-south-2.rds.amazonaws.com" (16.112.74.247), port 5432 failed: timeout expired

(Background on this error at: https://sqlalche.me/e/20/e3q8)

ERROR:app.core.exceptions:SQLAlchemy Error on GET /api/v1/staff/menu-settings/registry: connection to server at "myntreal-database.c5gywaicq6zu.ap-south-2.rds.amazonaws.com" (16.112.74.247), port 5432 failed: timeout expired

ERROR:app.core.exceptions:Full traceback: Traceback (most recent call last):
  File "/Library/Frameworks/Python.framework/Versions/3.13/lib/python3.13/site-packages/sqlalchemy/engine/base.py", line 143, in __init__
    self._dbapi_connection = engine.raw_connection()
                             ~~~~~~~~~~~~~~~~~~~~~^^
  File "/Library/Frameworks/Python.framework/Versions/3.13/lib/python3.13/site-packages/sqlalchemy/engine/base.py", line 3309, in raw_connection
    return self.pool.connect()
           ~~~~~~~~~~~~~~~~~^^
  File "/Library/Frameworks/Python.framework/Versions/3.13/lib/python3.13/site-packages/sqlalchemy/pool/base.py", line 447, in connect
    return _ConnectionFairy._checkout(self)
           ~~~~~~~~~~~~~~~~~~~~~~~~~~^^^^^^
  File "/Library/Frameworks/Python.framework/Versions/3.13/lib/python3.13/site-packages/sqlalchemy/pool/base.py", line 1264, in _checkout
    fairy = _ConnectionRecord.checkout(pool)
  File "/Library/Frameworks/Python.framework/Versions/3.13/lib/python3.13/site-packages/sqlalchemy/pool/base.py", line 716, in checkout
    with util.safe_reraise():
         ~~~~~~~~~~~~~~~~~^^
  File "/Library/Frameworks/Python.framework/Versions/3.13/lib/python3.13/site-packages/sqlalchemy/util/langhelpers.py", line 224, in __exit__
    raise exc_value.with_traceback(exc_tb)
  File "/Library/Frameworks/Python.framework/Versions/3.13/lib/python3.13/site-packages/sqlalchemy/pool/base.py", line 714, in checkout
    dbapi_connection = rec.get_connection()
  File "/Library/Frameworks/Python.framework/Versions/3.13/lib/python3.13/site-packages/sqlalchemy/pool/base.py", line 865, in get_connection
    self.__connect()
    ~~~~~~~~~~~~~~^^
  File "/Library/Frameworks/Python.framework/Versions/3.13/lib/python3.13/site-packages/sqlalchemy/pool/base.py", line 899, in __connect
    with util.safe_reraise():
         ~~~~~~~~~~~~~~~~~^^
  File "/Library/Frameworks/Python.framework/Versions/3.13/lib/python3.13/site-packages/sqlalchemy/util/langhelpers.py", line 224, in __exit__
    raise exc_value.with_traceback(exc_tb)
  File "/Library/Frameworks/Python.framework/Versions/3.13/lib/python3.13/site-packages/sqlalchemy/pool/base.py", line 895, in __connect
    self.dbapi_connection = connection = pool._invoke_creator(self)
                                         ~~~~~~~~~~~~~~~~~~~~^^^^^^
  File "/Library/Frameworks/Python.framework/Versions/3.13/lib/python3.13/site-packages/sqlalchemy/engine/create.py", line 661, in connect
    return dialect.connect(*cargs, **cparams)
           ~~~~~~~~~~~~~~~^^^^^^^^^^^^^^^^^^^
  File "/Library/Frameworks/Python.framework/Versions/3.13/lib/python3.13/site-packages/sqlalchemy/engine/default.py", line 630, in connect
    return self.loaded_dbapi.connect(*cargs, **cparams)  # type: ignore[no-any-return]  # NOQA: E501
           ~~~~~~~~~~~~~~~~~~~~~~~~~^^^^^^^^^^^^^^^^^^^
  File "/Library/Frameworks/Python.framework/Versions/3.13/lib/python3.13/site-packages/psycopg2/__init__.py", line 122, in connect
    conn = _connect(dsn, connection_factory=connection_factory, **kwasync)
psycopg2.OperationalError: connection to server at "myntreal-database.c5gywaicq6zu.ap-south-2.rds.amazonaws.com" (16.112.74.247), port 5432 failed: timeout expired


The above exception was the direct cause of the following exception:

Traceback (most recent call last):
  File "/Library/Frameworks/Python.framework/Versions/3.13/lib/python3.13/site-packages/starlette/_exception_handler.py", line 42, in wrapped_app
    await app(scope, receive, sender)
  File "/Library/Frameworks/Python.framework/Versions/3.13/lib/python3.13/site-packages/fastapi/routing.py", line 105, in app
    response = await f(request)
               ^^^^^^^^^^^^^^^^
  File "/Library/Frameworks/Python.framework/Versions/3.13/lib/python3.13/site-packages/fastapi/routing.py", line 416, in app
    solved_result = await solve_dependencies(
                    ^^^^^^^^^^^^^^^^^^^^^^^^^
    ...<6 lines>...
    )
    ^
  File "/Library/Frameworks/Python.framework/Versions/3.13/lib/python3.13/site-packages/fastapi/dependencies/utils.py", line 647, in solve_dependencies
    solved_result = await solve_dependencies(
                    ^^^^^^^^^^^^^^^^^^^^^^^^^
    ...<9 lines>...
    )
    ^
  File "/Library/Frameworks/Python.framework/Versions/3.13/lib/python3.13/site-packages/fastapi/dependencies/utils.py", line 670, in solve_dependencies
    solved = await _solve_generator(
             ^^^^^^^^^^^^^^^^^^^^^^^
    ...<3 lines>...
    )
    ^
  File "/Library/Frameworks/Python.framework/Versions/3.13/lib/python3.13/site-packages/fastapi/dependencies/utils.py", line 584, in _solve_generator
    return await stack.enter_async_context(cm)
           ^^^^^^^^^^^^^^^^^^^^^^^^^^^^^^^^^^^
  File "/Library/Frameworks/Python.framework/Versions/3.13/lib/python3.13/contextlib.py", line 668, in enter_async_context
    result = await _enter(cm)
             ^^^^^^^^^^^^^^^^
  File "/Library/Frameworks/Python.framework/Versions/3.13/lib/python3.13/contextlib.py", line 214, in __aenter__
    return await anext(self.gen)
           ^^^^^^^^^^^^^^^^^^^^^
  File "/Library/Frameworks/Python.framework/Versions/3.13/lib/python3.13/site-packages/fastapi/concurrency.py", line 37, in contextmanager_in_threadpool
    raise e
  File "/Library/Frameworks/Python.framework/Versions/3.13/lib/python3.13/site-packages/fastapi/concurrency.py", line 29, in contextmanager_in_threadpool
    yield await run_in_threadpool(cm.__enter__)
          ^^^^^^^^^^^^^^^^^^^^^^^^^^^^^^^^^^^^^
  File "/Library/Frameworks/Python.framework/Versions/3.13/lib/python3.13/site-packages/starlette/concurrency.py", line 32, in run_in_threadpool
    return await anyio.to_thread.run_sync(func)
           ^^^^^^^^^^^^^^^^^^^^^^^^^^^^^^^^^^^^
  File "/Library/Frameworks/Python.framework/Versions/3.13/lib/python3.13/site-packages/anyio/to_thread.py", line 61, in run_sync
    return await get_async_backend().run_sync_in_worker_thread(
           ^^^^^^^^^^^^^^^^^^^^^^^^^^^^^^^^^^^^^^^^^^^^^^^^^^^^
        func, args, abandon_on_cancel=abandon_on_cancel, limiter=limiter
        ^^^^^^^^^^^^^^^^^^^^^^^^^^^^^^^^^^^^^^^^^^^^^^^^^^^^^^^^^^^^^^^^
    )
    ^
  File "/Library/Frameworks/Python.framework/Versions/3.13/lib/python3.13/site-packages/anyio/_backends/_asyncio.py", line 2525, in run_sync_in_worker_thread
    return await future
           ^^^^^^^^^^^^
  File "/Library/Frameworks/Python.framework/Versions/3.13/lib/python3.13/site-packages/anyio/_backends/_asyncio.py", line 986, in run
    result = context.run(func, *args)
  File "/Library/Frameworks/Python.framework/Versions/3.13/lib/python3.13/contextlib.py", line 141, in __enter__
    return next(self.gen)
  File "/Users/viswanathkari/Documents/Mynt OS/MyntReal_Latest/backend/app/core/database.py", line 148, in get_db
    db.execute(_text("SET statement_timeout = 25000"))
    ~~~~~~~~~~^^^^^^^^^^^^^^^^^^^^^^^^^^^^^^^^^^^^^^^^
  File "/Library/Frameworks/Python.framework/Versions/3.13/lib/python3.13/site-packages/sqlalchemy/orm/session.py", line 2351, in execute
    return self._execute_internal(
           ~~~~~~~~~~~~~~~~~~~~~~^
        statement,
        ^^^^^^^^^^
    ...<4 lines>...
        _add_event=_add_event,
        ^^^^^^^^^^^^^^^^^^^^^^
    )
    ^
  File "/Library/Frameworks/Python.framework/Versions/3.13/lib/python3.13/site-packages/sqlalchemy/orm/session.py", line 2239, in _execute_internal
    conn = self._connection_for_bind(bind)
  File "/Library/Frameworks/Python.framework/Versions/3.13/lib/python3.13/site-packages/sqlalchemy/orm/session.py", line 2108, in _connection_for_bind
    return trans._connection_for_bind(engine, execution_options)
           ~~~~~~~~~~~~~~~~~~~~~~~~~~^^^^^^^^^^^^^^^^^^^^^^^^^^^
  File "<string>", line 2, in _connection_for_bind
  File "/Library/Frameworks/Python.framework/Versions/3.13/lib/python3.13/site-packages/sqlalchemy/orm/state_changes.py", line 137, in _go
    ret_value = fn(self, *arg, **kw)
  File "/Library/Frameworks/Python.framework/Versions/3.13/lib/python3.13/site-packages/sqlalchemy/orm/session.py", line 1187, in _connection_for_bind
    conn = bind.connect()
  File "/Library/Frameworks/Python.framework/Versions/3.13/lib/python3.13/site-packages/sqlalchemy/engine/base.py", line 3285, in connect
    return self._connection_cls(self)
           ~~~~~~~~~~~~~~~~~~~~^^^^^^
  File "/Library/Frameworks/Python.framework/Versions/3.13/lib/python3.13/site-packages/sqlalchemy/engine/base.py", line 145, in __init__
    Connection._handle_dbapi_exception_noconnection(
    ~~~~~~~~~~~~~~~~~~~~~~~~~~~~~~~~~~~~~~~~~~~~~~~^
        err, dialect, engine
        ^^^^^^^^^^^^^^^^^^^^
    )
    ^
  File "/Library/Frameworks/Python.framework/Versions/3.13/lib/python3.13/site-packages/sqlalchemy/engine/base.py", line 2448, in _handle_dbapi_exception_noconnection
    raise sqlalchemy_exception.with_traceback(exc_info[2]) from e
  File "/Library/Frameworks/Python.framework/Versions/3.13/lib/python3.13/site-packages/sqlalchemy/engine/base.py", line 143, in __init__
    self._dbapi_connection = engine.raw_connection()
                             ~~~~~~~~~~~~~~~~~~~~~^^
  File "/Library/Frameworks/Python.framework/Versions/3.13/lib/python3.13/site-packages/sqlalchemy/engine/base.py", line 3309, in raw_connection
    return self.pool.connect()
           ~~~~~~~~~~~~~~~~~^^
  File "/Library/Frameworks/Python.framework/Versions/3.13/lib/python3.13/site-packages/sqlalchemy/pool/base.py", line 447, in connect
    return _ConnectionFairy._checkout(self)
           ~~~~~~~~~~~~~~~~~~~~~~~~~~^^^^^^
  File "/Library/Frameworks/Python.framework/Versions/3.13/lib/python3.13/site-packages/sqlalchemy/pool/base.py", line 1264, in _checkout
    fairy = _ConnectionRecord.checkout(pool)
  File "/Library/Frameworks/Python.framework/Versions/3.13/lib/python3.13/site-packages/sqlalchemy/pool/base.py", line 716, in checkout
    with util.safe_reraise():
         ~~~~~~~~~~~~~~~~~^^
  File "/Library/Frameworks/Python.framework/Versions/3.13/lib/python3.13/site-packages/sqlalchemy/util/langhelpers.py", line 224, in __exit__
    raise exc_value.with_traceback(exc_tb)
  File "/Library/Frameworks/Python.framework/Versions/3.13/lib/python3.13/site-packages/sqlalchemy/pool/base.py", line 714, in checkout
    dbapi_connection = rec.get_connection()
  File "/Library/Frameworks/Python.framework/Versions/3.13/lib/python3.13/site-packages/sqlalchemy/pool/base.py", line 865, in get_connection
    self.__connect()
    ~~~~~~~~~~~~~~^^
  File "/Library/Frameworks/Python.framework/Versions/3.13/lib/python3.13/site-packages/sqlalchemy/pool/base.py", line 899, in __connect
    with util.safe_reraise():
         ~~~~~~~~~~~~~~~~~^^
  File "/Library/Frameworks/Python.framework/Versions/3.13/lib/python3.13/site-packages/sqlalchemy/util/langhelpers.py", line 224, in __exit__
    raise exc_value.with_traceback(exc_tb)
  File "/Library/Frameworks/Python.framework/Versions/3.13/lib/python3.13/site-packages/sqlalchemy/pool/base.py", line 895, in __connect
    self.dbapi_connection = connection = pool._invoke_creator(self)
                                         ~~~~~~~~~~~~~~~~~~~~^^^^^^
  File "/Library/Frameworks/Python.framework/Versions/3.13/lib/python3.13/site-packages/sqlalchemy/engine/create.py", line 661, in connect
    return dialect.connect(*cargs, **cparams)
           ~~~~~~~~~~~~~~~^^^^^^^^^^^^^^^^^^^
  File "/Library/Frameworks/Python.framework/Versions/3.13/lib/python3.13/site-packages/sqlalchemy/engine/default.py", line 630, in connect
    return self.loaded_dbapi.connect(*cargs, **cparams)  # type: ignore[no-any-return]  # NOQA: E501
           ~~~~~~~~~~~~~~~~~~~~~~~~~^^^^^^^^^^^^^^^^^^^
  File "/Library/Frameworks/Python.framework/Versions/3.13/lib/python3.13/site-packages/psycopg2/__init__.py", line 122, in connect
    conn = _connect(dsn, connection_factory=connection_factory, **kwasync)
sqlalchemy.exc.OperationalError: (psycopg2.OperationalError) connection to server at "myntreal-database.c5gywaicq6zu.ap-south-2.rds.amazonaws.com" (16.112.74.247), port 5432 failed: timeout expired

(Background on this error at: https://sqlalche.me/e/20/e3q8)

ERROR:app.core.exceptions:SQLAlchemy Error on GET /api/v1/staff/menu-settings/registry: connection to server at "myntreal-database.c5gywaicq6zu.ap-south-2.rds.amazonaws.com" (16.112.74.247), port 5432 failed: timeout expired

ERROR:app.core.exceptions:Full traceback: Traceback (most recent call last):
  File "/Library/Frameworks/Python.framework/Versions/3.13/lib/python3.13/site-packages/sqlalchemy/engine/base.py", line 143, in __init__
    self._dbapi_connection = engine.raw_connection()
                             ~~~~~~~~~~~~~~~~~~~~~^^
  File "/Library/Frameworks/Python.framework/Versions/3.13/lib/python3.13/site-packages/sqlalchemy/engine/base.py", line 3309, in raw_connection
    return self.pool.connect()
           ~~~~~~~~~~~~~~~~~^^
  File "/Library/Frameworks/Python.framework/Versions/3.13/lib/python3.13/site-packages/sqlalchemy/pool/base.py", line 447, in connect
    return _ConnectionFairy._checkout(self)
           ~~~~~~~~~~~~~~~~~~~~~~~~~~^^^^^^
  File "/Library/Frameworks/Python.framework/Versions/3.13/lib/python3.13/site-packages/sqlalchemy/pool/base.py", line 1264, in _checkout
    fairy = _ConnectionRecord.checkout(pool)
  File "/Library/Frameworks/Python.framework/Versions/3.13/lib/python3.13/site-packages/sqlalchemy/pool/base.py", line 711, in checkout
    rec = pool._do_get()
  File "/Library/Frameworks/Python.framework/Versions/3.13/lib/python3.13/site-packages/sqlalchemy/pool/impl.py", line 177, in _do_get
    with util.safe_reraise():
         ~~~~~~~~~~~~~~~~~^^
  File "/Library/Frameworks/Python.framework/Versions/3.13/lib/python3.13/site-packages/sqlalchemy/util/langhelpers.py", line 224, in __exit__
    raise exc_value.with_traceback(exc_tb)
  File "/Library/Frameworks/Python.framework/Versions/3.13/lib/python3.13/site-packages/sqlalchemy/pool/impl.py", line 175, in _do_get
    return self._create_connection()
           ~~~~~~~~~~~~~~~~~~~~~~~^^
  File "/Library/Frameworks/Python.framework/Versions/3.13/lib/python3.13/site-packages/sqlalchemy/pool/base.py", line 388, in _create_connection
    return _ConnectionRecord(self)
  File "/Library/Frameworks/Python.framework/Versions/3.13/lib/python3.13/site-packages/sqlalchemy/pool/base.py", line 673, in __init__
    self.__connect()
    ~~~~~~~~~~~~~~^^
  File "/Library/Frameworks/Python.framework/Versions/3.13/lib/python3.13/site-packages/sqlalchemy/pool/base.py", line 899, in __connect
    with util.safe_reraise():
         ~~~~~~~~~~~~~~~~~^^
  File "/Library/Frameworks/Python.framework/Versions/3.13/lib/python3.13/site-packages/sqlalchemy/util/langhelpers.py", line 224, in __exit__
    raise exc_value.with_traceback(exc_tb)
  File "/Library/Frameworks/Python.framework/Versions/3.13/lib/python3.13/site-packages/sqlalchemy/pool/base.py", line 895, in __connect
    self.dbapi_connection = connection = pool._invoke_creator(self)
                                         ~~~~~~~~~~~~~~~~~~~~^^^^^^
  File "/Library/Frameworks/Python.framework/Versions/3.13/lib/python3.13/site-packages/sqlalchemy/engine/create.py", line 661, in connect
    return dialect.connect(*cargs, **cparams)
           ~~~~~~~~~~~~~~~^^^^^^^^^^^^^^^^^^^
  File "/Library/Frameworks/Python.framework/Versions/3.13/lib/python3.13/site-packages/sqlalchemy/engine/default.py", line 630, in connect
    return self.loaded_dbapi.connect(*cargs, **cparams)  # type: ignore[no-any-return]  # NOQA: E501
           ~~~~~~~~~~~~~~~~~~~~~~~~~^^^^^^^^^^^^^^^^^^^
  File "/Library/Frameworks/Python.framework/Versions/3.13/lib/python3.13/site-packages/psycopg2/__init__.py", line 122, in connect
    conn = _connect(dsn, connection_factory=connection_factory, **kwasync)
psycopg2.OperationalError: connection to server at "myntreal-database.c5gywaicq6zu.ap-south-2.rds.amazonaws.com" (16.112.74.247), port 5432 failed: timeout expired


The above exception was the direct cause of the following exception:

Traceback (most recent call last):
  File "/Library/Frameworks/Python.framework/Versions/3.13/lib/python3.13/site-packages/starlette/_exception_handler.py", line 42, in wrapped_app
    await app(scope, receive, sender)
  File "/Library/Frameworks/Python.framework/Versions/3.13/lib/python3.13/site-packages/fastapi/routing.py", line 105, in app
    response = await f(request)
               ^^^^^^^^^^^^^^^^
  File "/Library/Frameworks/Python.framework/Versions/3.13/lib/python3.13/site-packages/fastapi/routing.py", line 416, in app
    solved_result = await solve_dependencies(
                    ^^^^^^^^^^^^^^^^^^^^^^^^^
    ...<6 lines>...
    )
    ^
  File "/Library/Frameworks/Python.framework/Versions/3.13/lib/python3.13/site-packages/fastapi/dependencies/utils.py", line 647, in solve_dependencies
    solved_result = await solve_dependencies(
                    ^^^^^^^^^^^^^^^^^^^^^^^^^
    ...<9 lines>...
    )
    ^
  File "/Library/Frameworks/Python.framework/Versions/3.13/lib/python3.13/site-packages/fastapi/dependencies/utils.py", line 670, in solve_dependencies
    solved = await _solve_generator(
             ^^^^^^^^^^^^^^^^^^^^^^^
    ...<3 lines>...
    )
    ^
  File "/Library/Frameworks/Python.framework/Versions/3.13/lib/python3.13/site-packages/fastapi/dependencies/utils.py", line 584, in _solve_generator
    return await stack.enter_async_context(cm)
           ^^^^^^^^^^^^^^^^^^^^^^^^^^^^^^^^^^^
  File "/Library/Frameworks/Python.framework/Versions/3.13/lib/python3.13/contextlib.py", line 668, in enter_async_context
    result = await _enter(cm)
             ^^^^^^^^^^^^^^^^
  File "/Library/Frameworks/Python.framework/Versions/3.13/lib/python3.13/contextlib.py", line 214, in __aenter__
    return await anext(self.gen)
           ^^^^^^^^^^^^^^^^^^^^^
  File "/Library/Frameworks/Python.framework/Versions/3.13/lib/python3.13/site-packages/fastapi/concurrency.py", line 37, in contextmanager_in_threadpool
    raise e
  File "/Library/Frameworks/Python.framework/Versions/3.13/lib/python3.13/site-packages/fastapi/concurrency.py", line 29, in contextmanager_in_threadpool
    yield await run_in_threadpool(cm.__enter__)
          ^^^^^^^^^^^^^^^^^^^^^^^^^^^^^^^^^^^^^
  File "/Library/Frameworks/Python.framework/Versions/3.13/lib/python3.13/site-packages/starlette/concurrency.py", line 32, in run_in_threadpool
    return await anyio.to_thread.run_sync(func)
           ^^^^^^^^^^^^^^^^^^^^^^^^^^^^^^^^^^^^
  File "/Library/Frameworks/Python.framework/Versions/3.13/lib/python3.13/site-packages/anyio/to_thread.py", line 61, in run_sync
    return await get_async_backend().run_sync_in_worker_thread(
           ^^^^^^^^^^^^^^^^^^^^^^^^^^^^^^^^^^^^^^^^^^^^^^^^^^^^
        func, args, abandon_on_cancel=abandon_on_cancel, limiter=limiter
        ^^^^^^^^^^^^^^^^^^^^^^^^^^^^^^^^^^^^^^^^^^^^^^^^^^^^^^^^^^^^^^^^
    )
    ^
  File "/Library/Frameworks/Python.framework/Versions/3.13/lib/python3.13/site-packages/anyio/_backends/_asyncio.py", line 2525, in run_sync_in_worker_thread
    return await future
           ^^^^^^^^^^^^
  File "/Library/Frameworks/Python.framework/Versions/3.13/lib/python3.13/site-packages/anyio/_backends/_asyncio.py", line 986, in run
    result = context.run(func, *args)
  File "/Library/Frameworks/Python.framework/Versions/3.13/lib/python3.13/contextlib.py", line 141, in __enter__
    return next(self.gen)
  File "/Users/viswanathkari/Documents/Mynt OS/MyntReal_Latest/backend/app/core/database.py", line 148, in get_db
    db.execute(_text("SET statement_timeout = 25000"))
    ~~~~~~~~~~^^^^^^^^^^^^^^^^^^^^^^^^^^^^^^^^^^^^^^^^
  File "/Library/Frameworks/Python.framework/Versions/3.13/lib/python3.13/site-packages/sqlalchemy/orm/session.py", line 2351, in execute
    return self._execute_internal(
           ~~~~~~~~~~~~~~~~~~~~~~^
        statement,
        ^^^^^^^^^^
    ...<4 lines>...
        _add_event=_add_event,
        ^^^^^^^^^^^^^^^^^^^^^^
    )
    ^
  File "/Library/Frameworks/Python.framework/Versions/3.13/lib/python3.13/site-packages/sqlalchemy/orm/session.py", line 2239, in _execute_internal
    conn = self._connection_for_bind(bind)
  File "/Library/Frameworks/Python.framework/Versions/3.13/lib/python3.13/site-packages/sqlalchemy/orm/session.py", line 2108, in _connection_for_bind
    return trans._connection_for_bind(engine, execution_options)
           ~~~~~~~~~~~~~~~~~~~~~~~~~~^^^^^^^^^^^^^^^^^^^^^^^^^^^
  File "<string>", line 2, in _connection_for_bind
  File "/Library/Frameworks/Python.framework/Versions/3.13/lib/python3.13/site-packages/sqlalchemy/orm/state_changes.py", line 137, in _go
    ret_value = fn(self, *arg, **kw)
  File "/Library/Frameworks/Python.framework/Versions/3.13/lib/python3.13/site-packages/sqlalchemy/orm/session.py", line 1187, in _connection_for_bind
    conn = bind.connect()
  File "/Library/Frameworks/Python.framework/Versions/3.13/lib/python3.13/site-packages/sqlalchemy/engine/base.py", line 3285, in connect
    return self._connection_cls(self)
           ~~~~~~~~~~~~~~~~~~~~^^^^^^
  File "/Library/Frameworks/Python.framework/Versions/3.13/lib/python3.13/site-packages/sqlalchemy/engine/base.py", line 145, in __init__
    Connection._handle_dbapi_exception_noconnection(
    ~~~~~~~~~~~~~~~~~~~~~~~~~~~~~~~~~~~~~~~~~~~~~~~^
        err, dialect, engine
        ^^^^^^^^^^^^^^^^^^^^
    )
    ^
  File "/Library/Frameworks/Python.framework/Versions/3.13/lib/python3.13/site-packages/sqlalchemy/engine/base.py", line 2448, in _handle_dbapi_exception_noconnection
    raise sqlalchemy_exception.with_traceback(exc_info[2]) from e
  File "/Library/Frameworks/Python.framework/Versions/3.13/lib/python3.13/site-packages/sqlalchemy/engine/base.py", line 143, in __init__
    self._dbapi_connection = engine.raw_connection()
                             ~~~~~~~~~~~~~~~~~~~~~^^
  File "/Library/Frameworks/Python.framework/Versions/3.13/lib/python3.13/site-packages/sqlalchemy/engine/base.py", line 3309, in raw_connection
    return self.pool.connect()
           ~~~~~~~~~~~~~~~~~^^
  File "/Library/Frameworks/Python.framework/Versions/3.13/lib/python3.13/site-packages/sqlalchemy/pool/base.py", line 447, in connect
    return _ConnectionFairy._checkout(self)
           ~~~~~~~~~~~~~~~~~~~~~~~~~~^^^^^^
  File "/Library/Frameworks/Python.framework/Versions/3.13/lib/python3.13/site-packages/sqlalchemy/pool/base.py", line 1264, in _checkout
    fairy = _ConnectionRecord.checkout(pool)
  File "/Library/Frameworks/Python.framework/Versions/3.13/lib/python3.13/site-packages/sqlalchemy/pool/base.py", line 711, in checkout
    rec = pool._do_get()
  File "/Library/Frameworks/Python.framework/Versions/3.13/lib/python3.13/site-packages/sqlalchemy/pool/impl.py", line 177, in _do_get
    with util.safe_reraise():
         ~~~~~~~~~~~~~~~~~^^
  File "/Library/Frameworks/Python.framework/Versions/3.13/lib/python3.13/site-packages/sqlalchemy/util/langhelpers.py", line 224, in __exit__
    raise exc_value.with_traceback(exc_tb)
  File "/Library/Frameworks/Python.framework/Versions/3.13/lib/python3.13/site-packages/sqlalchemy/pool/impl.py", line 175, in _do_get
    return self._create_connection()
           ~~~~~~~~~~~~~~~~~~~~~~~^^
  File "/Library/Frameworks/Python.framework/Versions/3.13/lib/python3.13/site-packages/sqlalchemy/pool/base.py", line 388, in _create_connection
    return _ConnectionRecord(self)
  File "/Library/Frameworks/Python.framework/Versions/3.13/lib/python3.13/site-packages/sqlalchemy/pool/base.py", line 673, in __init__
    self.__connect()
    ~~~~~~~~~~~~~~^^
  File "/Library/Frameworks/Python.framework/Versions/3.13/lib/python3.13/site-packages/sqlalchemy/pool/base.py", line 899, in __connect
    with util.safe_reraise():
         ~~~~~~~~~~~~~~~~~^^
  File "/Library/Frameworks/Python.framework/Versions/3.13/lib/python3.13/site-packages/sqlalchemy/util/langhelpers.py", line 224, in __exit__
    raise exc_value.with_traceback(exc_tb)
  File "/Library/Frameworks/Python.framework/Versions/3.13/lib/python3.13/site-packages/sqlalchemy/pool/base.py", line 895, in __connect
    self.dbapi_connection = connection = pool._invoke_creator(self)
                                         ~~~~~~~~~~~~~~~~~~~~^^^^^^
  File "/Library/Frameworks/Python.framework/Versions/3.13/lib/python3.13/site-packages/sqlalchemy/engine/create.py", line 661, in connect
    return dialect.connect(*cargs, **cparams)
           ~~~~~~~~~~~~~~~^^^^^^^^^^^^^^^^^^^
  File "/Library/Frameworks/Python.framework/Versions/3.13/lib/python3.13/site-packages/sqlalchemy/engine/default.py", line 630, in connect
    return self.loaded_dbapi.connect(*cargs, **cparams)  # type: ignore[no-any-return]  # NOQA: E501
           ~~~~~~~~~~~~~~~~~~~~~~~~~^^^^^^^^^^^^^^^^^^^
  File "/Library/Frameworks/Python.framework/Versions/3.13/lib/python3.13/site-packages/psycopg2/__init__.py", line 122, in connect
    conn = _connect(dsn, connection_factory=connection_factory, **kwasync)
sqlalchemy.exc.OperationalError: (psycopg2.OperationalError) connection to server at "myntreal-database.c5gywaicq6zu.ap-south-2.rds.amazonaws.com" (16.112.74.247), port 5432 failed: timeout expired

(Background on this error at: https://sqlalche.me/e/20/e3q8)

INFO:     127.0.0.1:50545 - "GET /api/v1/hub/partners HTTP/1.1" 500 Internal Server Error
INFO:     127.0.0.1:50549 - "GET /api/v1/feedback/public/announcements?limit=10 HTTP/1.1" 500 Internal Server Error
INFO:     127.0.0.1:50544 - "GET /api/v1/staff/menu-settings/registry?audience=staff&include_sections=true HTTP/1.1" 500 Internal Server Error
ERROR:app.core.exceptions:SQLAlchemy Error on POST /api/v1/staff/auth/login: connection to server at "myntreal-database.c5gywaicq6zu.ap-south-2.rds.amazonaws.com" (16.112.74.247), port 5432 failed: timeout expired

ERROR:app.core.exceptions:Full traceback: Traceback (most recent call last):
  File "/Library/Frameworks/Python.framework/Versions/3.13/lib/python3.13/site-packages/sqlalchemy/engine/base.py", line 143, in __init__
    self._dbapi_connection = engine.raw_connection()
                             ~~~~~~~~~~~~~~~~~~~~~^^
  File "/Library/Frameworks/Python.framework/Versions/3.13/lib/python3.13/site-packages/sqlalchemy/engine/base.py", line 3309, in raw_connection
    return self.pool.connect()
           ~~~~~~~~~~~~~~~~~^^
  File "/Library/Frameworks/Python.framework/Versions/3.13/lib/python3.13/site-packages/sqlalchemy/pool/base.py", line 447, in connect
    return _ConnectionFairy._checkout(self)
           ~~~~~~~~~~~~~~~~~~~~~~~~~~^^^^^^
  File "/Library/Frameworks/Python.framework/Versions/3.13/lib/python3.13/site-packages/sqlalchemy/pool/base.py", line 1264, in _checkout
    fairy = _ConnectionRecord.checkout(pool)
  File "/Library/Frameworks/Python.framework/Versions/3.13/lib/python3.13/site-packages/sqlalchemy/pool/base.py", line 711, in checkout
    rec = pool._do_get()
  File "/Library/Frameworks/Python.framework/Versions/3.13/lib/python3.13/site-packages/sqlalchemy/pool/impl.py", line 177, in _do_get
    with util.safe_reraise():
         ~~~~~~~~~~~~~~~~~^^
  File "/Library/Frameworks/Python.framework/Versions/3.13/lib/python3.13/site-packages/sqlalchemy/util/langhelpers.py", line 224, in __exit__
    raise exc_value.with_traceback(exc_tb)
  File "/Library/Frameworks/Python.framework/Versions/3.13/lib/python3.13/site-packages/sqlalchemy/pool/impl.py", line 175, in _do_get
    return self._create_connection()
           ~~~~~~~~~~~~~~~~~~~~~~~^^
  File "/Library/Frameworks/Python.framework/Versions/3.13/lib/python3.13/site-packages/sqlalchemy/pool/base.py", line 388, in _create_connection
    return _ConnectionRecord(self)
  File "/Library/Frameworks/Python.framework/Versions/3.13/lib/python3.13/site-packages/sqlalchemy/pool/base.py", line 673, in __init__
    self.__connect()
    ~~~~~~~~~~~~~~^^
  File "/Library/Frameworks/Python.framework/Versions/3.13/lib/python3.13/site-packages/sqlalchemy/pool/base.py", line 899, in __connect
    with util.safe_reraise():
         ~~~~~~~~~~~~~~~~~^^
  File "/Library/Frameworks/Python.framework/Versions/3.13/lib/python3.13/site-packages/sqlalchemy/util/langhelpers.py", line 224, in __exit__
    raise exc_value.with_traceback(exc_tb)
  File "/Library/Frameworks/Python.framework/Versions/3.13/lib/python3.13/site-packages/sqlalchemy/pool/base.py", line 895, in __connect
    self.dbapi_connection = connection = pool._invoke_creator(self)
                                         ~~~~~~~~~~~~~~~~~~~~^^^^^^
  File "/Library/Frameworks/Python.framework/Versions/3.13/lib/python3.13/site-packages/sqlalchemy/engine/create.py", line 661, in connect
    return dialect.connect(*cargs, **cparams)
           ~~~~~~~~~~~~~~~^^^^^^^^^^^^^^^^^^^
  File "/Library/Frameworks/Python.framework/Versions/3.13/lib/python3.13/site-packages/sqlalchemy/engine/default.py", line 630, in connect
    return self.loaded_dbapi.connect(*cargs, **cparams)  # type: ignore[no-any-return]  # NOQA: E501
           ~~~~~~~~~~~~~~~~~~~~~~~~~^^^^^^^^^^^^^^^^^^^
  File "/Library/Frameworks/Python.framework/Versions/3.13/lib/python3.13/site-packages/psycopg2/__init__.py", line 122, in connect
    conn = _connect(dsn, connection_factory=connection_factory, **kwasync)
psycopg2.OperationalError: connection to server at "myntreal-database.c5gywaicq6zu.ap-south-2.rds.amazonaws.com" (16.112.74.247), port 5432 failed: timeout expired


The above exception was the direct cause of the following exception:

Traceback (most recent call last):
  File "/Library/Frameworks/Python.framework/Versions/3.13/lib/python3.13/site-packages/starlette/_exception_handler.py", line 42, in wrapped_app
    await app(scope, receive, sender)
  File "/Library/Frameworks/Python.framework/Versions/3.13/lib/python3.13/site-packages/fastapi/routing.py", line 105, in app
    response = await f(request)
               ^^^^^^^^^^^^^^^^
  File "/Library/Frameworks/Python.framework/Versions/3.13/lib/python3.13/site-packages/fastapi/routing.py", line 416, in app
    solved_result = await solve_dependencies(
                    ^^^^^^^^^^^^^^^^^^^^^^^^^
    ...<6 lines>...
    )
    ^
  File "/Library/Frameworks/Python.framework/Versions/3.13/lib/python3.13/site-packages/fastapi/dependencies/utils.py", line 670, in solve_dependencies
    solved = await _solve_generator(
             ^^^^^^^^^^^^^^^^^^^^^^^
    ...<3 lines>...
    )
    ^
  File "/Library/Frameworks/Python.framework/Versions/3.13/lib/python3.13/site-packages/fastapi/dependencies/utils.py", line 584, in _solve_generator
    return await stack.enter_async_context(cm)
           ^^^^^^^^^^^^^^^^^^^^^^^^^^^^^^^^^^^
  File "/Library/Frameworks/Python.framework/Versions/3.13/lib/python3.13/contextlib.py", line 668, in enter_async_context
    result = await _enter(cm)
             ^^^^^^^^^^^^^^^^
  File "/Library/Frameworks/Python.framework/Versions/3.13/lib/python3.13/contextlib.py", line 214, in __aenter__
    return await anext(self.gen)
           ^^^^^^^^^^^^^^^^^^^^^
  File "/Library/Frameworks/Python.framework/Versions/3.13/lib/python3.13/site-packages/fastapi/concurrency.py", line 37, in contextmanager_in_threadpool
    raise e
  File "/Library/Frameworks/Python.framework/Versions/3.13/lib/python3.13/site-packages/fastapi/concurrency.py", line 29, in contextmanager_in_threadpool
    yield await run_in_threadpool(cm.__enter__)
          ^^^^^^^^^^^^^^^^^^^^^^^^^^^^^^^^^^^^^
  File "/Library/Frameworks/Python.framework/Versions/3.13/lib/python3.13/site-packages/starlette/concurrency.py", line 32, in run_in_threadpool
    return await anyio.to_thread.run_sync(func)
           ^^^^^^^^^^^^^^^^^^^^^^^^^^^^^^^^^^^^
  File "/Library/Frameworks/Python.framework/Versions/3.13/lib/python3.13/site-packages/anyio/to_thread.py", line 61, in run_sync
    return await get_async_backend().run_sync_in_worker_thread(
           ^^^^^^^^^^^^^^^^^^^^^^^^^^^^^^^^^^^^^^^^^^^^^^^^^^^^
        func, args, abandon_on_cancel=abandon_on_cancel, limiter=limiter
        ^^^^^^^^^^^^^^^^^^^^^^^^^^^^^^^^^^^^^^^^^^^^^^^^^^^^^^^^^^^^^^^^
    )
    ^
  File "/Library/Frameworks/Python.framework/Versions/3.13/lib/python3.13/site-packages/anyio/_backends/_asyncio.py", line 2525, in run_sync_in_worker_thread
    return await future
           ^^^^^^^^^^^^
  File "/Library/Frameworks/Python.framework/Versions/3.13/lib/python3.13/site-packages/anyio/_backends/_asyncio.py", line 986, in run
    result = context.run(func, *args)
  File "/Library/Frameworks/Python.framework/Versions/3.13/lib/python3.13/contextlib.py", line 141, in __enter__
    return next(self.gen)
  File "/Users/viswanathkari/Documents/Mynt OS/MyntReal_Latest/backend/app/core/database.py", line 148, in get_db
    db.execute(_text("SET statement_timeout = 25000"))
    ~~~~~~~~~~^^^^^^^^^^^^^^^^^^^^^^^^^^^^^^^^^^^^^^^^
  File "/Library/Frameworks/Python.framework/Versions/3.13/lib/python3.13/site-packages/sqlalchemy/orm/session.py", line 2351, in execute
    return self._execute_internal(
           ~~~~~~~~~~~~~~~~~~~~~~^
        statement,
        ^^^^^^^^^^
    ...<4 lines>...
        _add_event=_add_event,
        ^^^^^^^^^^^^^^^^^^^^^^
    )
    ^
  File "/Library/Frameworks/Python.framework/Versions/3.13/lib/python3.13/site-packages/sqlalchemy/orm/session.py", line 2239, in _execute_internal
    conn = self._connection_for_bind(bind)
  File "/Library/Frameworks/Python.framework/Versions/3.13/lib/python3.13/site-packages/sqlalchemy/orm/session.py", line 2108, in _connection_for_bind
    return trans._connection_for_bind(engine, execution_options)
           ~~~~~~~~~~~~~~~~~~~~~~~~~~^^^^^^^^^^^^^^^^^^^^^^^^^^^
  File "<string>", line 2, in _connection_for_bind
  File "/Library/Frameworks/Python.framework/Versions/3.13/lib/python3.13/site-packages/sqlalchemy/orm/state_changes.py", line 137, in _go
    ret_value = fn(self, *arg, **kw)
  File "/Library/Frameworks/Python.framework/Versions/3.13/lib/python3.13/site-packages/sqlalchemy/orm/session.py", line 1187, in _connection_for_bind
    conn = bind.connect()
  File "/Library/Frameworks/Python.framework/Versions/3.13/lib/python3.13/site-packages/sqlalchemy/engine/base.py", line 3285, in connect
    return self._connection_cls(self)
           ~~~~~~~~~~~~~~~~~~~~^^^^^^
  File "/Library/Frameworks/Python.framework/Versions/3.13/lib/python3.13/site-packages/sqlalchemy/engine/base.py", line 145, in __init__
    Connection._handle_dbapi_exception_noconnection(
    ~~~~~~~~~~~~~~~~~~~~~~~~~~~~~~~~~~~~~~~~~~~~~~~^
        err, dialect, engine
        ^^^^^^^^^^^^^^^^^^^^
    )
    ^
  File "/Library/Frameworks/Python.framework/Versions/3.13/lib/python3.13/site-packages/sqlalchemy/engine/base.py", line 2448, in _handle_dbapi_exception_noconnection
    raise sqlalchemy_exception.with_traceback(exc_info[2]) from e
  File "/Library/Frameworks/Python.framework/Versions/3.13/lib/python3.13/site-packages/sqlalchemy/engine/base.py", line 143, in __init__
    self._dbapi_connection = engine.raw_connection()
                             ~~~~~~~~~~~~~~~~~~~~~^^
  File "/Library/Frameworks/Python.framework/Versions/3.13/lib/python3.13/site-packages/sqlalchemy/engine/base.py", line 3309, in raw_connection
    return self.pool.connect()
           ~~~~~~~~~~~~~~~~~^^
  File "/Library/Frameworks/Python.framework/Versions/3.13/lib/python3.13/site-packages/sqlalchemy/pool/base.py", line 447, in connect
    return _ConnectionFairy._checkout(self)
           ~~~~~~~~~~~~~~~~~~~~~~~~~~^^^^^^
  File "/Library/Frameworks/Python.framework/Versions/3.13/lib/python3.13/site-packages/sqlalchemy/pool/base.py", line 1264, in _checkout
    fairy = _ConnectionRecord.checkout(pool)
  File "/Library/Frameworks/Python.framework/Versions/3.13/lib/python3.13/site-packages/sqlalchemy/pool/base.py", line 711, in checkout
    rec = pool._do_get()
  File "/Library/Frameworks/Python.framework/Versions/3.13/lib/python3.13/site-packages/sqlalchemy/pool/impl.py", line 177, in _do_get
    with util.safe_reraise():
         ~~~~~~~~~~~~~~~~~^^
  File "/Library/Frameworks/Python.framework/Versions/3.13/lib/python3.13/site-packages/sqlalchemy/util/langhelpers.py", line 224, in __exit__
    raise exc_value.with_traceback(exc_tb)
  File "/Library/Frameworks/Python.framework/Versions/3.13/lib/python3.13/site-packages/sqlalchemy/pool/impl.py", line 175, in _do_get
    return self._create_connection()
           ~~~~~~~~~~~~~~~~~~~~~~~^^
  File "/Library/Frameworks/Python.framework/Versions/3.13/lib/python3.13/site-packages/sqlalchemy/pool/base.py", line 388, in _create_connection
    return _ConnectionRecord(self)
  File "/Library/Frameworks/Python.framework/Versions/3.13/lib/python3.13/site-packages/sqlalchemy/pool/base.py", line 673, in __init__
    self.__connect()
    ~~~~~~~~~~~~~~^^
  File "/Library/Frameworks/Python.framework/Versions/3.13/lib/python3.13/site-packages/sqlalchemy/pool/base.py", line 899, in __connect
    with util.safe_reraise():
         ~~~~~~~~~~~~~~~~~^^
  File "/Library/Frameworks/Python.framework/Versions/3.13/lib/python3.13/site-packages/sqlalchemy/util/langhelpers.py", line 224, in __exit__
    raise exc_value.with_traceback(exc_tb)
  File "/Library/Frameworks/Python.framework/Versions/3.13/lib/python3.13/site-packages/sqlalchemy/pool/base.py", line 895, in __connect
    self.dbapi_connection = connection = pool._invoke_creator(self)
                                         ~~~~~~~~~~~~~~~~~~~~^^^^^^
  File "/Library/Frameworks/Python.framework/Versions/3.13/lib/python3.13/site-packages/sqlalchemy/engine/create.py", line 661, in connect
    return dialect.connect(*cargs, **cparams)
           ~~~~~~~~~~~~~~~^^^^^^^^^^^^^^^^^^^
  File "/Library/Frameworks/Python.framework/Versions/3.13/lib/python3.13/site-packages/sqlalchemy/engine/default.py", line 630, in connect
    return self.loaded_dbapi.connect(*cargs, **cparams)  # type: ignore[no-any-return]  # NOQA: E501
           ~~~~~~~~~~~~~~~~~~~~~~~~~^^^^^^^^^^^^^^^^^^^
  File "/Library/Frameworks/Python.framework/Versions/3.13/lib/python3.13/site-packages/psycopg2/__init__.py", line 122, in connect
    conn = _connect(dsn, connection_factory=connection_factory, **kwasync)
sqlalchemy.exc.OperationalError: (psycopg2.OperationalError) connection to server at "myntreal-database.c5gywaicq6zu.ap-south-2.rds.amazonaws.com" (16.112.74.247), port 5432 failed: timeout expired

(Background on this error at: https://sqlalche.me/e/20/e3q8)

INFO:     127.0.0.1:50554 - "POST /api/v1/staff/auth/login HTTP/1.1" 500 Internal Server Error
ERROR:app.core.exceptions:SQLAlchemy Error on POST /api/v1/staff/auth/login: connection to server at "myntreal-database.c5gywaicq6zu.ap-south-2.rds.amazonaws.com" (16.112.74.247), port 5432 failed: timeout expired

ERROR:app.core.exceptions:Full traceback: Traceback (most recent call last):
  File "/Library/Frameworks/Python.framework/Versions/3.13/lib/python3.13/site-packages/sqlalchemy/engine/base.py", line 143, in __init__
    self._dbapi_connection = engine.raw_connection()
                             ~~~~~~~~~~~~~~~~~~~~~^^
  File "/Library/Frameworks/Python.framework/Versions/3.13/lib/python3.13/site-packages/sqlalchemy/engine/base.py", line 3309, in raw_connection
    return self.pool.connect()
           ~~~~~~~~~~~~~~~~~^^
  File "/Library/Frameworks/Python.framework/Versions/3.13/lib/python3.13/site-packages/sqlalchemy/pool/base.py", line 447, in connect
    return _ConnectionFairy._checkout(self)
           ~~~~~~~~~~~~~~~~~~~~~~~~~~^^^^^^
  File "/Library/Frameworks/Python.framework/Versions/3.13/lib/python3.13/site-packages/sqlalchemy/pool/base.py", line 1264, in _checkout
    fairy = _ConnectionRecord.checkout(pool)
  File "/Library/Frameworks/Python.framework/Versions/3.13/lib/python3.13/site-packages/sqlalchemy/pool/base.py", line 711, in checkout
    rec = pool._do_get()
  File "/Library/Frameworks/Python.framework/Versions/3.13/lib/python3.13/site-packages/sqlalchemy/pool/impl.py", line 177, in _do_get
    with util.safe_reraise():
         ~~~~~~~~~~~~~~~~~^^
  File "/Library/Frameworks/Python.framework/Versions/3.13/lib/python3.13/site-packages/sqlalchemy/util/langhelpers.py", line 224, in __exit__
    raise exc_value.with_traceback(exc_tb)
  File "/Library/Frameworks/Python.framework/Versions/3.13/lib/python3.13/site-packages/sqlalchemy/pool/impl.py", line 175, in _do_get
    return self._create_connection()
           ~~~~~~~~~~~~~~~~~~~~~~~^^
  File "/Library/Frameworks/Python.framework/Versions/3.13/lib/python3.13/site-packages/sqlalchemy/pool/base.py", line 388, in _create_connection
    return _ConnectionRecord(self)
  File "/Library/Frameworks/Python.framework/Versions/3.13/lib/python3.13/site-packages/sqlalchemy/pool/base.py", line 673, in __init__
    self.__connect()
    ~~~~~~~~~~~~~~^^
  File "/Library/Frameworks/Python.framework/Versions/3.13/lib/python3.13/site-packages/sqlalchemy/pool/base.py", line 899, in __connect
    with util.safe_reraise():
         ~~~~~~~~~~~~~~~~~^^
  File "/Library/Frameworks/Python.framework/Versions/3.13/lib/python3.13/site-packages/sqlalchemy/util/langhelpers.py", line 224, in __exit__
    raise exc_value.with_traceback(exc_tb)
  File "/Library/Frameworks/Python.framework/Versions/3.13/lib/python3.13/site-packages/sqlalchemy/pool/base.py", line 895, in __connect
    self.dbapi_connection = connection = pool._invoke_creator(self)
                                         ~~~~~~~~~~~~~~~~~~~~^^^^^^
  File "/Library/Frameworks/Python.framework/Versions/3.13/lib/python3.13/site-packages/sqlalchemy/engine/create.py", line 661, in connect
    return dialect.connect(*cargs, **cparams)
           ~~~~~~~~~~~~~~~^^^^^^^^^^^^^^^^^^^
  File "/Library/Frameworks/Python.framework/Versions/3.13/lib/python3.13/site-packages/sqlalchemy/engine/default.py", line 630, in connect
    return self.loaded_dbapi.connect(*cargs, **cparams)  # type: ignore[no-any-return]  # NOQA: E501
           ~~~~~~~~~~~~~~~~~~~~~~~~~^^^^^^^^^^^^^^^^^^^
  File "/Library/Frameworks/Python.framework/Versions/3.13/lib/python3.13/site-packages/psycopg2/__init__.py", line 122, in connect
    conn = _connect(dsn, connection_factory=connection_factory, **kwasync)
psycopg2.OperationalError: connection to server at "myntreal-database.c5gywaicq6zu.ap-south-2.rds.amazonaws.com" (16.112.74.247), port 5432 failed: timeout expired


The above exception was the direct cause of the following exception:

Traceback (most recent call last):
  File "/Library/Frameworks/Python.framework/Versions/3.13/lib/python3.13/site-packages/starlette/_exception_handler.py", line 42, in wrapped_app
    await app(scope, receive, sender)
  File "/Library/Frameworks/Python.framework/Versions/3.13/lib/python3.13/site-packages/fastapi/routing.py", line 105, in app
    response = await f(request)
               ^^^^^^^^^^^^^^^^
  File "/Library/Frameworks/Python.framework/Versions/3.13/lib/python3.13/site-packages/fastapi/routing.py", line 416, in app
    solved_result = await solve_dependencies(
                    ^^^^^^^^^^^^^^^^^^^^^^^^^
    ...<6 lines>...
    )
    ^
  File "/Library/Frameworks/Python.framework/Versions/3.13/lib/python3.13/site-packages/fastapi/dependencies/utils.py", line 670, in solve_dependencies
    solved = await _solve_generator(
             ^^^^^^^^^^^^^^^^^^^^^^^
    ...<3 lines>...
    )
    ^
  File "/Library/Frameworks/Python.framework/Versions/3.13/lib/python3.13/site-packages/fastapi/dependencies/utils.py", line 584, in _solve_generator
    return await stack.enter_async_context(cm)
           ^^^^^^^^^^^^^^^^^^^^^^^^^^^^^^^^^^^
  File "/Library/Frameworks/Python.framework/Versions/3.13/lib/python3.13/contextlib.py", line 668, in enter_async_context
    result = await _enter(cm)
             ^^^^^^^^^^^^^^^^
  File "/Library/Frameworks/Python.framework/Versions/3.13/lib/python3.13/contextlib.py", line 214, in __aenter__
    return await anext(self.gen)
           ^^^^^^^^^^^^^^^^^^^^^
  File "/Library/Frameworks/Python.framework/Versions/3.13/lib/python3.13/site-packages/fastapi/concurrency.py", line 37, in contextmanager_in_threadpool
    raise e
  File "/Library/Frameworks/Python.framework/Versions/3.13/lib/python3.13/site-packages/fastapi/concurrency.py", line 29, in contextmanager_in_threadpool
    yield await run_in_threadpool(cm.__enter__)
          ^^^^^^^^^^^^^^^^^^^^^^^^^^^^^^^^^^^^^
  File "/Library/Frameworks/Python.framework/Versions/3.13/lib/python3.13/site-packages/starlette/concurrency.py", line 32, in run_in_threadpool
    return await anyio.to_thread.run_sync(func)
           ^^^^^^^^^^^^^^^^^^^^^^^^^^^^^^^^^^^^
  File "/Library/Frameworks/Python.framework/Versions/3.13/lib/python3.13/site-packages/anyio/to_thread.py", line 61, in run_sync
    return await get_async_backend().run_sync_in_worker_thread(
           ^^^^^^^^^^^^^^^^^^^^^^^^^^^^^^^^^^^^^^^^^^^^^^^^^^^^
        func, args, abandon_on_cancel=abandon_on_cancel, limiter=limiter
        ^^^^^^^^^^^^^^^^^^^^^^^^^^^^^^^^^^^^^^^^^^^^^^^^^^^^^^^^^^^^^^^^
    )
    ^
  File "/Library/Frameworks/Python.framework/Versions/3.13/lib/python3.13/site-packages/anyio/_backends/_asyncio.py", line 2525, in run_sync_in_worker_thread
    return await future
           ^^^^^^^^^^^^
  File "/Library/Frameworks/Python.framework/Versions/3.13/lib/python3.13/site-packages/anyio/_backends/_asyncio.py", line 986, in run
    result = context.run(func, *args)
  File "/Library/Frameworks/Python.framework/Versions/3.13/lib/python3.13/contextlib.py", line 141, in __enter__
    return next(self.gen)
  File "/Users/viswanathkari/Documents/Mynt OS/MyntReal_Latest/backend/app/core/database.py", line 148, in get_db
    db.execute(_text("SET statement_timeout = 25000"))
    ~~~~~~~~~~^^^^^^^^^^^^^^^^^^^^^^^^^^^^^^^^^^^^^^^^
  File "/Library/Frameworks/Python.framework/Versions/3.13/lib/python3.13/site-packages/sqlalchemy/orm/session.py", line 2351, in execute
    return self._execute_internal(
           ~~~~~~~~~~~~~~~~~~~~~~^
        statement,
        ^^^^^^^^^^
    ...<4 lines>...
        _add_event=_add_event,
        ^^^^^^^^^^^^^^^^^^^^^^
    )
    ^
  File "/Library/Frameworks/Python.framework/Versions/3.13/lib/python3.13/site-packages/sqlalchemy/orm/session.py", line 2239, in _execute_internal
    conn = self._connection_for_bind(bind)
  File "/Library/Frameworks/Python.framework/Versions/3.13/lib/python3.13/site-packages/sqlalchemy/orm/session.py", line 2108, in _connection_for_bind
    return trans._connection_for_bind(engine, execution_options)
           ~~~~~~~~~~~~~~~~~~~~~~~~~~^^^^^^^^^^^^^^^^^^^^^^^^^^^
  File "<string>", line 2, in _connection_for_bind
  File "/Library/Frameworks/Python.framework/Versions/3.13/lib/python3.13/site-packages/sqlalchemy/orm/state_changes.py", line 137, in _go
    ret_value = fn(self, *arg, **kw)
  File "/Library/Frameworks/Python.framework/Versions/3.13/lib/python3.13/site-packages/sqlalchemy/orm/session.py", line 1187, in _connection_for_bind
    conn = bind.connect()
  File "/Library/Frameworks/Python.framework/Versions/3.13/lib/python3.13/site-packages/sqlalchemy/engine/base.py", line 3285, in connect
    return self._connection_cls(self)
           ~~~~~~~~~~~~~~~~~~~~^^^^^^
  File "/Library/Frameworks/Python.framework/Versions/3.13/lib/python3.13/site-packages/sqlalchemy/engine/base.py", line 145, in __init__
    Connection._handle_dbapi_exception_noconnection(
    ~~~~~~~~~~~~~~~~~~~~~~~~~~~~~~~~~~~~~~~~~~~~~~~^
        err, dialect, engine
        ^^^^^^^^^^^^^^^^^^^^
    )
    ^
  File "/Library/Frameworks/Python.framework/Versions/3.13/lib/python3.13/site-packages/sqlalchemy/engine/base.py", line 2448, in _handle_dbapi_exception_noconnection
    raise sqlalchemy_exception.with_traceback(exc_info[2]) from e
  File "/Library/Frameworks/Python.framework/Versions/3.13/lib/python3.13/site-packages/sqlalchemy/engine/base.py", line 143, in __init__
    self._dbapi_connection = engine.raw_connection()
                             ~~~~~~~~~~~~~~~~~~~~~^^
  File "/Library/Frameworks/Python.framework/Versions/3.13/lib/python3.13/site-packages/sqlalchemy/engine/base.py", line 3309, in raw_connection
    return self.pool.connect()
           ~~~~~~~~~~~~~~~~~^^
  File "/Library/Frameworks/Python.framework/Versions/3.13/lib/python3.13/site-packages/sqlalchemy/pool/base.py", line 447, in connect
    return _ConnectionFairy._checkout(self)
           ~~~~~~~~~~~~~~~~~~~~~~~~~~^^^^^^
  File "/Library/Frameworks/Python.framework/Versions/3.13/lib/python3.13/site-packages/sqlalchemy/pool/base.py", line 1264, in _checkout
    fairy = _ConnectionRecord.checkout(pool)
  File "/Library/Frameworks/Python.framework/Versions/3.13/lib/python3.13/site-packages/sqlalchemy/pool/base.py", line 711, in checkout
    rec = pool._do_get()
  File "/Library/Frameworks/Python.framework/Versions/3.13/lib/python3.13/site-packages/sqlalchemy/pool/impl.py", line 177, in _do_get
    with util.safe_reraise():
         ~~~~~~~~~~~~~~~~~^^
  File "/Library/Frameworks/Python.framework/Versions/3.13/lib/python3.13/site-packages/sqlalchemy/util/langhelpers.py", line 224, in __exit__
    raise exc_value.with_traceback(exc_tb)
  File "/Library/Frameworks/Python.framework/Versions/3.13/lib/python3.13/site-packages/sqlalchemy/pool/impl.py", line 175, in _do_get
    return self._create_connection()
           ~~~~~~~~~~~~~~~~~~~~~~~^^
  File "/Library/Frameworks/Python.framework/Versions/3.13/lib/python3.13/site-packages/sqlalchemy/pool/base.py", line 388, in _create_connection
    return _ConnectionRecord(self)
  File "/Library/Frameworks/Python.framework/Versions/3.13/lib/python3.13/site-packages/sqlalchemy/pool/base.py", line 673, in __init__
    self.__connect()
    ~~~~~~~~~~~~~~^^
  File "/Library/Frameworks/Python.framework/Versions/3.13/lib/python3.13/site-packages/sqlalchemy/pool/base.py", line 899, in __connect
    with util.safe_reraise():
         ~~~~~~~~~~~~~~~~~^^
  File "/Library/Frameworks/Python.framework/Versions/3.13/lib/python3.13/site-packages/sqlalchemy/util/langhelpers.py", line 224, in __exit__
    raise exc_value.with_traceback(exc_tb)
  File "/Library/Frameworks/Python.framework/Versions/3.13/lib/python3.13/site-packages/sqlalchemy/pool/base.py", line 895, in __connect
    self.dbapi_connection = connection = pool._invoke_creator(self)
                                         ~~~~~~~~~~~~~~~~~~~~^^^^^^
  File "/Library/Frameworks/Python.framework/Versions/3.13/lib/python3.13/site-packages/sqlalchemy/engine/create.py", line 661, in connect
    return dialect.connect(*cargs, **cparams)
           ~~~~~~~~~~~~~~~^^^^^^^^^^^^^^^^^^^
  File "/Library/Frameworks/Python.framework/Versions/3.13/lib/python3.13/site-packages/sqlalchemy/engine/default.py", line 630, in connect
    return self.loaded_dbapi.connect(*cargs, **cparams)  # type: ignore[no-any-return]  # NOQA: E501
           ~~~~~~~~~~~~~~~~~~~~~~~~~^^^^^^^^^^^^^^^^^^^
  File "/Library/Frameworks/Python.framework/Versions/3.13/lib/python3.13/site-packages/psycopg2/__init__.py", line 122, in connect
    conn = _connect(dsn, connection_factory=connection_factory, **kwasync)
sqlalchemy.exc.OperationalError: (psycopg2.OperationalError) connection to server at "myntreal-database.c5gywaicq6zu.ap-south-2.rds.amazonaws.com" (16.112.74.247), port 5432 failed: timeout expired

(Background on this error at: https://sqlalche.me/e/20/e3q8)

ERROR:app.core.exceptions:SQLAlchemy Error on POST /api/v1/staff/auth/login: connection to server at "myntreal-database.c5gywaicq6zu.ap-south-2.rds.amazonaws.com" (16.112.74.247), port 5432 failed: timeout expired

ERROR:app.core.exceptions:Full traceback: Traceback (most recent call last):
  File "/Library/Frameworks/Python.framework/Versions/3.13/lib/python3.13/site-packages/sqlalchemy/engine/base.py", line 143, in __init__
    self._dbapi_connection = engine.raw_connection()
                             ~~~~~~~~~~~~~~~~~~~~~^^
  File "/Library/Frameworks/Python.framework/Versions/3.13/lib/python3.13/site-packages/sqlalchemy/engine/base.py", line 3309, in raw_connection
    return self.pool.connect()
           ~~~~~~~~~~~~~~~~~^^
  File "/Library/Frameworks/Python.framework/Versions/3.13/lib/python3.13/site-packages/sqlalchemy/pool/base.py", line 447, in connect
    return _ConnectionFairy._checkout(self)
           ~~~~~~~~~~~~~~~~~~~~~~~~~~^^^^^^
  File "/Library/Frameworks/Python.framework/Versions/3.13/lib/python3.13/site-packages/sqlalchemy/pool/base.py", line 1264, in _checkout
    fairy = _ConnectionRecord.checkout(pool)
  File "/Library/Frameworks/Python.framework/Versions/3.13/lib/python3.13/site-packages/sqlalchemy/pool/base.py", line 716, in checkout
    with util.safe_reraise():
         ~~~~~~~~~~~~~~~~~^^
  File "/Library/Frameworks/Python.framework/Versions/3.13/lib/python3.13/site-packages/sqlalchemy/util/langhelpers.py", line 224, in __exit__
    raise exc_value.with_traceback(exc_tb)
  File "/Library/Frameworks/Python.framework/Versions/3.13/lib/python3.13/site-packages/sqlalchemy/pool/base.py", line 714, in checkout
    dbapi_connection = rec.get_connection()
  File "/Library/Frameworks/Python.framework/Versions/3.13/lib/python3.13/site-packages/sqlalchemy/pool/base.py", line 836, in get_connection
    self.__connect()
    ~~~~~~~~~~~~~~^^
  File "/Library/Frameworks/Python.framework/Versions/3.13/lib/python3.13/site-packages/sqlalchemy/pool/base.py", line 899, in __connect
    with util.safe_reraise():
         ~~~~~~~~~~~~~~~~~^^
  File "/Library/Frameworks/Python.framework/Versions/3.13/lib/python3.13/site-packages/sqlalchemy/util/langhelpers.py", line 224, in __exit__
    raise exc_value.with_traceback(exc_tb)
  File "/Library/Frameworks/Python.framework/Versions/3.13/lib/python3.13/site-packages/sqlalchemy/pool/base.py", line 895, in __connect
    self.dbapi_connection = connection = pool._invoke_creator(self)
                                         ~~~~~~~~~~~~~~~~~~~~^^^^^^
  File "/Library/Frameworks/Python.framework/Versions/3.13/lib/python3.13/site-packages/sqlalchemy/engine/create.py", line 661, in connect
    return dialect.connect(*cargs, **cparams)
           ~~~~~~~~~~~~~~~^^^^^^^^^^^^^^^^^^^
  File "/Library/Frameworks/Python.framework/Versions/3.13/lib/python3.13/site-packages/sqlalchemy/engine/default.py", line 630, in connect
    return self.loaded_dbapi.connect(*cargs, **cparams)  # type: ignore[no-any-return]  # NOQA: E501
           ~~~~~~~~~~~~~~~~~~~~~~~~~^^^^^^^^^^^^^^^^^^^
  File "/Library/Frameworks/Python.framework/Versions/3.13/lib/python3.13/site-packages/psycopg2/__init__.py", line 122, in connect
    conn = _connect(dsn, connection_factory=connection_factory, **kwasync)
psycopg2.OperationalError: connection to server at "myntreal-database.c5gywaicq6zu.ap-south-2.rds.amazonaws.com" (16.112.74.247), port 5432 failed: timeout expired


The above exception was the direct cause of the following exception:

Traceback (most recent call last):
  File "/Library/Frameworks/Python.framework/Versions/3.13/lib/python3.13/site-packages/starlette/_exception_handler.py", line 42, in wrapped_app
    await app(scope, receive, sender)
  File "/Library/Frameworks/Python.framework/Versions/3.13/lib/python3.13/site-packages/fastapi/routing.py", line 105, in app
    response = await f(request)
               ^^^^^^^^^^^^^^^^
  File "/Library/Frameworks/Python.framework/Versions/3.13/lib/python3.13/site-packages/fastapi/routing.py", line 416, in app
    solved_result = await solve_dependencies(
                    ^^^^^^^^^^^^^^^^^^^^^^^^^
    ...<6 lines>...
    )
    ^
  File "/Library/Frameworks/Python.framework/Versions/3.13/lib/python3.13/site-packages/fastapi/dependencies/utils.py", line 670, in solve_dependencies
    solved = await _solve_generator(
             ^^^^^^^^^^^^^^^^^^^^^^^
    ...<3 lines>...
    )
    ^
  File "/Library/Frameworks/Python.framework/Versions/3.13/lib/python3.13/site-packages/fastapi/dependencies/utils.py", line 584, in _solve_generator
    return await stack.enter_async_context(cm)
           ^^^^^^^^^^^^^^^^^^^^^^^^^^^^^^^^^^^
  File "/Library/Frameworks/Python.framework/Versions/3.13/lib/python3.13/contextlib.py", line 668, in enter_async_context
    result = await _enter(cm)
             ^^^^^^^^^^^^^^^^
  File "/Library/Frameworks/Python.framework/Versions/3.13/lib/python3.13/contextlib.py", line 214, in __aenter__
    return await anext(self.gen)
           ^^^^^^^^^^^^^^^^^^^^^
  File "/Library/Frameworks/Python.framework/Versions/3.13/lib/python3.13/site-packages/fastapi/concurrency.py", line 37, in contextmanager_in_threadpool
    raise e
  File "/Library/Frameworks/Python.framework/Versions/3.13/lib/python3.13/site-packages/fastapi/concurrency.py", line 29, in contextmanager_in_threadpool
    yield await run_in_threadpool(cm.__enter__)
          ^^^^^^^^^^^^^^^^^^^^^^^^^^^^^^^^^^^^^
  File "/Library/Frameworks/Python.framework/Versions/3.13/lib/python3.13/site-packages/starlette/concurrency.py", line 32, in run_in_threadpool
    return await anyio.to_thread.run_sync(func)
           ^^^^^^^^^^^^^^^^^^^^^^^^^^^^^^^^^^^^
  File "/Library/Frameworks/Python.framework/Versions/3.13/lib/python3.13/site-packages/anyio/to_thread.py", line 61, in run_sync
    return await get_async_backend().run_sync_in_worker_thread(
           ^^^^^^^^^^^^^^^^^^^^^^^^^^^^^^^^^^^^^^^^^^^^^^^^^^^^
        func, args, abandon_on_cancel=abandon_on_cancel, limiter=limiter
        ^^^^^^^^^^^^^^^^^^^^^^^^^^^^^^^^^^^^^^^^^^^^^^^^^^^^^^^^^^^^^^^^
    )
    ^
  File "/Library/Frameworks/Python.framework/Versions/3.13/lib/python3.13/site-packages/anyio/_backends/_asyncio.py", line 2525, in run_sync_in_worker_thread
    return await future
           ^^^^^^^^^^^^
  File "/Library/Frameworks/Python.framework/Versions/3.13/lib/python3.13/site-packages/anyio/_backends/_asyncio.py", line 986, in run
    result = context.run(func, *args)
  File "/Library/Frameworks/Python.framework/Versions/3.13/lib/python3.13/contextlib.py", line 141, in __enter__
    return next(self.gen)
  File "/Users/viswanathkari/Documents/Mynt OS/MyntReal_Latest/backend/app/core/database.py", line 148, in get_db
    db.execute(_text("SET statement_timeout = 25000"))
    ~~~~~~~~~~^^^^^^^^^^^^^^^^^^^^^^^^^^^^^^^^^^^^^^^^
  File "/Library/Frameworks/Python.framework/Versions/3.13/lib/python3.13/site-packages/sqlalchemy/orm/session.py", line 2351, in execute
    return self._execute_internal(
           ~~~~~~~~~~~~~~~~~~~~~~^
        statement,
        ^^^^^^^^^^
    ...<4 lines>...
        _add_event=_add_event,
        ^^^^^^^^^^^^^^^^^^^^^^
    )
    ^
  File "/Library/Frameworks/Python.framework/Versions/3.13/lib/python3.13/site-packages/sqlalchemy/orm/session.py", line 2239, in _execute_internal
    conn = self._connection_for_bind(bind)
  File "/Library/Frameworks/Python.framework/Versions/3.13/lib/python3.13/site-packages/sqlalchemy/orm/session.py", line 2108, in _connection_for_bind
    return trans._connection_for_bind(engine, execution_options)
           ~~~~~~~~~~~~~~~~~~~~~~~~~~^^^^^^^^^^^^^^^^^^^^^^^^^^^
  File "<string>", line 2, in _connection_for_bind
  File "/Library/Frameworks/Python.framework/Versions/3.13/lib/python3.13/site-packages/sqlalchemy/orm/state_changes.py", line 137, in _go
    ret_value = fn(self, *arg, **kw)
  File "/Library/Frameworks/Python.framework/Versions/3.13/lib/python3.13/site-packages/sqlalchemy/orm/session.py", line 1187, in _connection_for_bind
    conn = bind.connect()
  File "/Library/Frameworks/Python.framework/Versions/3.13/lib/python3.13/site-packages/sqlalchemy/engine/base.py", line 3285, in connect
    return self._connection_cls(self)
           ~~~~~~~~~~~~~~~~~~~~^^^^^^
  File "/Library/Frameworks/Python.framework/Versions/3.13/lib/python3.13/site-packages/sqlalchemy/engine/base.py", line 145, in __init__
    Connection._handle_dbapi_exception_noconnection(
    ~~~~~~~~~~~~~~~~~~~~~~~~~~~~~~~~~~~~~~~~~~~~~~~^
        err, dialect, engine
        ^^^^^^^^^^^^^^^^^^^^
    )
    ^
  File "/Library/Frameworks/Python.framework/Versions/3.13/lib/python3.13/site-packages/sqlalchemy/engine/base.py", line 2448, in _handle_dbapi_exception_noconnection
    raise sqlalchemy_exception.with_traceback(exc_info[2]) from e
  File "/Library/Frameworks/Python.framework/Versions/3.13/lib/python3.13/site-packages/sqlalchemy/engine/base.py", line 143, in __init__
    self._dbapi_connection = engine.raw_connection()
                             ~~~~~~~~~~~~~~~~~~~~~^^
  File "/Library/Frameworks/Python.framework/Versions/3.13/lib/python3.13/site-packages/sqlalchemy/engine/base.py", line 3309, in raw_connection
    return self.pool.connect()
           ~~~~~~~~~~~~~~~~~^^
  File "/Library/Frameworks/Python.framework/Versions/3.13/lib/python3.13/site-packages/sqlalchemy/pool/base.py", line 447, in connect
    return _ConnectionFairy._checkout(self)
           ~~~~~~~~~~~~~~~~~~~~~~~~~~^^^^^^
  File "/Library/Frameworks/Python.framework/Versions/3.13/lib/python3.13/site-packages/sqlalchemy/pool/base.py", line 1264, in _checkout
    fairy = _ConnectionRecord.checkout(pool)
  File "/Library/Frameworks/Python.framework/Versions/3.13/lib/python3.13/site-packages/sqlalchemy/pool/base.py", line 716, in checkout
    with util.safe_reraise():
         ~~~~~~~~~~~~~~~~~^^
  File "/Library/Frameworks/Python.framework/Versions/3.13/lib/python3.13/site-packages/sqlalchemy/util/langhelpers.py", line 224, in __exit__
    raise exc_value.with_traceback(exc_tb)
  File "/Library/Frameworks/Python.framework/Versions/3.13/lib/python3.13/site-packages/sqlalchemy/pool/base.py", line 714, in checkout
    dbapi_connection = rec.get_connection()
  File "/Library/Frameworks/Python.framework/Versions/3.13/lib/python3.13/site-packages/sqlalchemy/pool/base.py", line 836, in get_connection
    self.__connect()
    ~~~~~~~~~~~~~~^^
  File "/Library/Frameworks/Python.framework/Versions/3.13/lib/python3.13/site-packages/sqlalchemy/pool/base.py", line 899, in __connect
    with util.safe_reraise():
         ~~~~~~~~~~~~~~~~~^^
  File "/Library/Frameworks/Python.framework/Versions/3.13/lib/python3.13/site-packages/sqlalchemy/util/langhelpers.py", line 224, in __exit__
    raise exc_value.with_traceback(exc_tb)
  File "/Library/Frameworks/Python.framework/Versions/3.13/lib/python3.13/site-packages/sqlalchemy/pool/base.py", line 895, in __connect
    self.dbapi_connection = connection = pool._invoke_creator(self)
                                         ~~~~~~~~~~~~~~~~~~~~^^^^^^
  File "/Library/Frameworks/Python.framework/Versions/3.13/lib/python3.13/site-packages/sqlalchemy/engine/create.py", line 661, in connect
    return dialect.connect(*cargs, **cparams)
           ~~~~~~~~~~~~~~~^^^^^^^^^^^^^^^^^^^
  File "/Library/Frameworks/Python.framework/Versions/3.13/lib/python3.13/site-packages/sqlalchemy/engine/default.py", line 630, in connect
    return self.loaded_dbapi.connect(*cargs, **cparams)  # type: ignore[no-any-return]  # NOQA: E501
           ~~~~~~~~~~~~~~~~~~~~~~~~~^^^^^^^^^^^^^^^^^^^
  File "/Library/Frameworks/Python.framework/Versions/3.13/lib/python3.13/site-packages/psycopg2/__init__.py", line 122, in connect
    conn = _connect(dsn, connection_factory=connection_factory, **kwasync)
sqlalchemy.exc.OperationalError: (psycopg2.OperationalError) connection to server at "myntreal-database.c5gywaicq6zu.ap-south-2.rds.amazonaws.com" (16.112.74.247), port 5432 failed: timeout expired

(Background on this error at: https://sqlalche.me/e/20/e3q8)

INFO:     127.0.0.1:50558 - "POST /api/v1/staff/auth/login HTTP/1.1" 500 Internal Server Error
ERROR:app.core.exceptions:SQLAlchemy Error on POST /api/v1/staff/auth/login: could not translate host name "myntreal-database.c5gywaicq6zu.ap-south-2.rds.amazonaws.com" to address: nodename nor servname provided, or not known

ERROR:app.core.exceptions:Full traceback: Traceback (most recent call last):
  File "/Library/Frameworks/Python.framework/Versions/3.13/lib/python3.13/site-packages/sqlalchemy/engine/base.py", line 143, in __init__
    self._dbapi_connection = engine.raw_connection()
                             ~~~~~~~~~~~~~~~~~~~~~^^
  File "/Library/Frameworks/Python.framework/Versions/3.13/lib/python3.13/site-packages/sqlalchemy/engine/base.py", line 3309, in raw_connection
    return self.pool.connect()
           ~~~~~~~~~~~~~~~~~^^
  File "/Library/Frameworks/Python.framework/Versions/3.13/lib/python3.13/site-packages/sqlalchemy/pool/base.py", line 447, in connect
    return _ConnectionFairy._checkout(self)
           ~~~~~~~~~~~~~~~~~~~~~~~~~~^^^^^^
  File "/Library/Frameworks/Python.framework/Versions/3.13/lib/python3.13/site-packages/sqlalchemy/pool/base.py", line 1264, in _checkout
    fairy = _ConnectionRecord.checkout(pool)
  File "/Library/Frameworks/Python.framework/Versions/3.13/lib/python3.13/site-packages/sqlalchemy/pool/base.py", line 711, in checkout
    rec = pool._do_get()
  File "/Library/Frameworks/Python.framework/Versions/3.13/lib/python3.13/site-packages/sqlalchemy/pool/impl.py", line 177, in _do_get
    with util.safe_reraise():
         ~~~~~~~~~~~~~~~~~^^
  File "/Library/Frameworks/Python.framework/Versions/3.13/lib/python3.13/site-packages/sqlalchemy/util/langhelpers.py", line 224, in __exit__
    raise exc_value.with_traceback(exc_tb)
  File "/Library/Frameworks/Python.framework/Versions/3.13/lib/python3.13/site-packages/sqlalchemy/pool/impl.py", line 175, in _do_get
    return self._create_connection()
           ~~~~~~~~~~~~~~~~~~~~~~~^^
  File "/Library/Frameworks/Python.framework/Versions/3.13/lib/python3.13/site-packages/sqlalchemy/pool/base.py", line 388, in _create_connection
    return _ConnectionRecord(self)
  File "/Library/Frameworks/Python.framework/Versions/3.13/lib/python3.13/site-packages/sqlalchemy/pool/base.py", line 673, in __init__
    self.__connect()
    ~~~~~~~~~~~~~~^^
  File "/Library/Frameworks/Python.framework/Versions/3.13/lib/python3.13/site-packages/sqlalchemy/pool/base.py", line 899, in __connect
    with util.safe_reraise():
         ~~~~~~~~~~~~~~~~~^^
  File "/Library/Frameworks/Python.framework/Versions/3.13/lib/python3.13/site-packages/sqlalchemy/util/langhelpers.py", line 224, in __exit__
    raise exc_value.with_traceback(exc_tb)
  File "/Library/Frameworks/Python.framework/Versions/3.13/lib/python3.13/site-packages/sqlalchemy/pool/base.py", line 895, in __connect
    self.dbapi_connection = connection = pool._invoke_creator(self)
                                         ~~~~~~~~~~~~~~~~~~~~^^^^^^
  File "/Library/Frameworks/Python.framework/Versions/3.13/lib/python3.13/site-packages/sqlalchemy/engine/create.py", line 661, in connect
    return dialect.connect(*cargs, **cparams)
           ~~~~~~~~~~~~~~~^^^^^^^^^^^^^^^^^^^
  File "/Library/Frameworks/Python.framework/Versions/3.13/lib/python3.13/site-packages/sqlalchemy/engine/default.py", line 630, in connect
    return self.loaded_dbapi.connect(*cargs, **cparams)  # type: ignore[no-any-return]  # NOQA: E501
           ~~~~~~~~~~~~~~~~~~~~~~~~~^^^^^^^^^^^^^^^^^^^
  File "/Library/Frameworks/Python.framework/Versions/3.13/lib/python3.13/site-packages/psycopg2/__init__.py", line 122, in connect
    conn = _connect(dsn, connection_factory=connection_factory, **kwasync)
psycopg2.OperationalError: could not translate host name "myntreal-database.c5gywaicq6zu.ap-south-2.rds.amazonaws.com" to address: nodename nor servname provided, or not known


The above exception was the direct cause of the following exception:

Traceback (most recent call last):
  File "/Library/Frameworks/Python.framework/Versions/3.13/lib/python3.13/site-packages/starlette/_exception_handler.py", line 42, in wrapped_app
    await app(scope, receive, sender)
  File "/Library/Frameworks/Python.framework/Versions/3.13/lib/python3.13/site-packages/fastapi/routing.py", line 105, in app
    response = await f(request)
               ^^^^^^^^^^^^^^^^
  File "/Library/Frameworks/Python.framework/Versions/3.13/lib/python3.13/site-packages/fastapi/routing.py", line 416, in app
    solved_result = await solve_dependencies(
                    ^^^^^^^^^^^^^^^^^^^^^^^^^
    ...<6 lines>...
    )
    ^
  File "/Library/Frameworks/Python.framework/Versions/3.13/lib/python3.13/site-packages/fastapi/dependencies/utils.py", line 670, in solve_dependencies
    solved = await _solve_generator(
             ^^^^^^^^^^^^^^^^^^^^^^^
    ...<3 lines>...
    )
    ^
  File "/Library/Frameworks/Python.framework/Versions/3.13/lib/python3.13/site-packages/fastapi/dependencies/utils.py", line 584, in _solve_generator
    return await stack.enter_async_context(cm)
           ^^^^^^^^^^^^^^^^^^^^^^^^^^^^^^^^^^^
  File "/Library/Frameworks/Python.framework/Versions/3.13/lib/python3.13/contextlib.py", line 668, in enter_async_context
    result = await _enter(cm)
             ^^^^^^^^^^^^^^^^
  File "/Library/Frameworks/Python.framework/Versions/3.13/lib/python3.13/contextlib.py", line 214, in __aenter__
    return await anext(self.gen)
           ^^^^^^^^^^^^^^^^^^^^^
  File "/Library/Frameworks/Python.framework/Versions/3.13/lib/python3.13/site-packages/fastapi/concurrency.py", line 37, in contextmanager_in_threadpool
    raise e
  File "/Library/Frameworks/Python.framework/Versions/3.13/lib/python3.13/site-packages/fastapi/concurrency.py", line 29, in contextmanager_in_threadpool
    yield await run_in_threadpool(cm.__enter__)
          ^^^^^^^^^^^^^^^^^^^^^^^^^^^^^^^^^^^^^
  File "/Library/Frameworks/Python.framework/Versions/3.13/lib/python3.13/site-packages/starlette/concurrency.py", line 32, in run_in_threadpool
    return await anyio.to_thread.run_sync(func)
           ^^^^^^^^^^^^^^^^^^^^^^^^^^^^^^^^^^^^
  File "/Library/Frameworks/Python.framework/Versions/3.13/lib/python3.13/site-packages/anyio/to_thread.py", line 61, in run_sync
    return await get_async_backend().run_sync_in_worker_thread(
           ^^^^^^^^^^^^^^^^^^^^^^^^^^^^^^^^^^^^^^^^^^^^^^^^^^^^
        func, args, abandon_on_cancel=abandon_on_cancel, limiter=limiter
        ^^^^^^^^^^^^^^^^^^^^^^^^^^^^^^^^^^^^^^^^^^^^^^^^^^^^^^^^^^^^^^^^
    )
    ^
  File "/Library/Frameworks/Python.framework/Versions/3.13/lib/python3.13/site-packages/anyio/_backends/_asyncio.py", line 2525, in run_sync_in_worker_thread
    return await future
           ^^^^^^^^^^^^
  File "/Library/Frameworks/Python.framework/Versions/3.13/lib/python3.13/site-packages/anyio/_backends/_asyncio.py", line 986, in run
    result = context.run(func, *args)
  File "/Library/Frameworks/Python.framework/Versions/3.13/lib/python3.13/contextlib.py", line 141, in __enter__
    return next(self.gen)
  File "/Users/viswanathkari/Documents/Mynt OS/MyntReal_Latest/backend/app/core/database.py", line 148, in get_db
    db.execute(_text("SET statement_timeout = 25000"))
    ~~~~~~~~~~^^^^^^^^^^^^^^^^^^^^^^^^^^^^^^^^^^^^^^^^
  File "/Library/Frameworks/Python.framework/Versions/3.13/lib/python3.13/site-packages/sqlalchemy/orm/session.py", line 2351, in execute
    return self._execute_internal(
           ~~~~~~~~~~~~~~~~~~~~~~^
        statement,
        ^^^^^^^^^^
    ...<4 lines>...
        _add_event=_add_event,
        ^^^^^^^^^^^^^^^^^^^^^^
    )
    ^
  File "/Library/Frameworks/Python.framework/Versions/3.13/lib/python3.13/site-packages/sqlalchemy/orm/session.py", line 2239, in _execute_internal
    conn = self._connection_for_bind(bind)
  File "/Library/Frameworks/Python.framework/Versions/3.13/lib/python3.13/site-packages/sqlalchemy/orm/session.py", line 2108, in _connection_for_bind
    return trans._connection_for_bind(engine, execution_options)
           ~~~~~~~~~~~~~~~~~~~~~~~~~~^^^^^^^^^^^^^^^^^^^^^^^^^^^
  File "<string>", line 2, in _connection_for_bind
  File "/Library/Frameworks/Python.framework/Versions/3.13/lib/python3.13/site-packages/sqlalchemy/orm/state_changes.py", line 137, in _go
    ret_value = fn(self, *arg, **kw)
  File "/Library/Frameworks/Python.framework/Versions/3.13/lib/python3.13/site-packages/sqlalchemy/orm/session.py", line 1187, in _connection_for_bind
    conn = bind.connect()
  File "/Library/Frameworks/Python.framework/Versions/3.13/lib/python3.13/site-packages/sqlalchemy/engine/base.py", line 3285, in connect
    return self._connection_cls(self)
           ~~~~~~~~~~~~~~~~~~~~^^^^^^
  File "/Library/Frameworks/Python.framework/Versions/3.13/lib/python3.13/site-packages/sqlalchemy/engine/base.py", line 145, in __init__
    Connection._handle_dbapi_exception_noconnection(
    ~~~~~~~~~~~~~~~~~~~~~~~~~~~~~~~~~~~~~~~~~~~~~~~^
        err, dialect, engine
        ^^^^^^^^^^^^^^^^^^^^
    )
    ^
  File "/Library/Frameworks/Python.framework/Versions/3.13/lib/python3.13/site-packages/sqlalchemy/engine/base.py", line 2448, in _handle_dbapi_exception_noconnection
    raise sqlalchemy_exception.with_traceback(exc_info[2]) from e
  File "/Library/Frameworks/Python.framework/Versions/3.13/lib/python3.13/site-packages/sqlalchemy/engine/base.py", line 143, in __init__
    self._dbapi_connection = engine.raw_connection()
                             ~~~~~~~~~~~~~~~~~~~~~^^
  File "/Library/Frameworks/Python.framework/Versions/3.13/lib/python3.13/site-packages/sqlalchemy/engine/base.py", line 3309, in raw_connection
    return self.pool.connect()
           ~~~~~~~~~~~~~~~~~^^
  File "/Library/Frameworks/Python.framework/Versions/3.13/lib/python3.13/site-packages/sqlalchemy/pool/base.py", line 447, in connect
    return _ConnectionFairy._checkout(self)
           ~~~~~~~~~~~~~~~~~~~~~~~~~~^^^^^^
  File "/Library/Frameworks/Python.framework/Versions/3.13/lib/python3.13/site-packages/sqlalchemy/pool/base.py", line 1264, in _checkout
    fairy = _ConnectionRecord.checkout(pool)
  File "/Library/Frameworks/Python.framework/Versions/3.13/lib/python3.13/site-packages/sqlalchemy/pool/base.py", line 711, in checkout
    rec = pool._do_get()
  File "/Library/Frameworks/Python.framework/Versions/3.13/lib/python3.13/site-packages/sqlalchemy/pool/impl.py", line 177, in _do_get
    with util.safe_reraise():
         ~~~~~~~~~~~~~~~~~^^
  File "/Library/Frameworks/Python.framework/Versions/3.13/lib/python3.13/site-packages/sqlalchemy/util/langhelpers.py", line 224, in __exit__
    raise exc_value.with_traceback(exc_tb)
  File "/Library/Frameworks/Python.framework/Versions/3.13/lib/python3.13/site-packages/sqlalchemy/pool/impl.py", line 175, in _do_get
    return self._create_connection()
           ~~~~~~~~~~~~~~~~~~~~~~~^^
  File "/Library/Frameworks/Python.framework/Versions/3.13/lib/python3.13/site-packages/sqlalchemy/pool/base.py", line 388, in _create_connection
    return _ConnectionRecord(self)
  File "/Library/Frameworks/Python.framework/Versions/3.13/lib/python3.13/site-packages/sqlalchemy/pool/base.py", line 673, in __init__
    self.__connect()
    ~~~~~~~~~~~~~~^^
  File "/Library/Frameworks/Python.framework/Versions/3.13/lib/python3.13/site-packages/sqlalchemy/pool/base.py", line 899, in __connect
    with util.safe_reraise():
         ~~~~~~~~~~~~~~~~~^^
  File "/Library/Frameworks/Python.framework/Versions/3.13/lib/python3.13/site-packages/sqlalchemy/util/langhelpers.py", line 224, in __exit__
    raise exc_value.with_traceback(exc_tb)
  File "/Library/Frameworks/Python.framework/Versions/3.13/lib/python3.13/site-packages/sqlalchemy/pool/base.py", line 895, in __connect
    self.dbapi_connection = connection = pool._invoke_creator(self)
                                         ~~~~~~~~~~~~~~~~~~~~^^^^^^
  File "/Library/Frameworks/Python.framework/Versions/3.13/lib/python3.13/site-packages/sqlalchemy/engine/create.py", line 661, in connect
    return dialect.connect(*cargs, **cparams)
           ~~~~~~~~~~~~~~~^^^^^^^^^^^^^^^^^^^
  File "/Library/Frameworks/Python.framework/Versions/3.13/lib/python3.13/site-packages/sqlalchemy/engine/default.py", line 630, in connect
    return self.loaded_dbapi.connect(*cargs, **cparams)  # type: ignore[no-any-return]  # NOQA: E501
           ~~~~~~~~~~~~~~~~~~~~~~~~~^^^^^^^^^^^^^^^^^^^
  File "/Library/Frameworks/Python.framework/Versions/3.13/lib/python3.13/site-packages/psycopg2/__init__.py", line 122, in connect
    conn = _connect(dsn, connection_factory=connection_factory, **kwasync)
sqlalchemy.exc.OperationalError: (psycopg2.OperationalError) could not translate host name "myntreal-database.c5gywaicq6zu.ap-south-2.rds.amazonaws.com" to address: nodename nor servname provided, or not known

(Background on this error at: https://sqlalche.me/e/20/e3q8)

ERROR:app.core.exceptions:SQLAlchemy Error on GET /api/v1/feedback/public/announcements: could not translate host name "myntreal-database.c5gywaicq6zu.ap-south-2.rds.amazonaws.com" to address: nodename nor servname provided, or not known

ERROR:app.core.exceptions:Full traceback: Traceback (most recent call last):
  File "/Library/Frameworks/Python.framework/Versions/3.13/lib/python3.13/site-packages/sqlalchemy/engine/base.py", line 143, in __init__
    self._dbapi_connection = engine.raw_connection()
                             ~~~~~~~~~~~~~~~~~~~~~^^
  File "/Library/Frameworks/Python.framework/Versions/3.13/lib/python3.13/site-packages/sqlalchemy/engine/base.py", line 3309, in raw_connection
    return self.pool.connect()
           ~~~~~~~~~~~~~~~~~^^
  File "/Library/Frameworks/Python.framework/Versions/3.13/lib/python3.13/site-packages/sqlalchemy/pool/base.py", line 447, in connect
    return _ConnectionFairy._checkout(self)
           ~~~~~~~~~~~~~~~~~~~~~~~~~~^^^^^^
  File "/Library/Frameworks/Python.framework/Versions/3.13/lib/python3.13/site-packages/sqlalchemy/pool/base.py", line 1264, in _checkout
    fairy = _ConnectionRecord.checkout(pool)
  File "/Library/Frameworks/Python.framework/Versions/3.13/lib/python3.13/site-packages/sqlalchemy/pool/base.py", line 716, in checkout
    with util.safe_reraise():
         ~~~~~~~~~~~~~~~~~^^
  File "/Library/Frameworks/Python.framework/Versions/3.13/lib/python3.13/site-packages/sqlalchemy/util/langhelpers.py", line 224, in __exit__
    raise exc_value.with_traceback(exc_tb)
  File "/Library/Frameworks/Python.framework/Versions/3.13/lib/python3.13/site-packages/sqlalchemy/pool/base.py", line 714, in checkout
    dbapi_connection = rec.get_connection()
  File "/Library/Frameworks/Python.framework/Versions/3.13/lib/python3.13/site-packages/sqlalchemy/pool/base.py", line 836, in get_connection
    self.__connect()
    ~~~~~~~~~~~~~~^^
  File "/Library/Frameworks/Python.framework/Versions/3.13/lib/python3.13/site-packages/sqlalchemy/pool/base.py", line 899, in __connect
    with util.safe_reraise():
         ~~~~~~~~~~~~~~~~~^^
  File "/Library/Frameworks/Python.framework/Versions/3.13/lib/python3.13/site-packages/sqlalchemy/util/langhelpers.py", line 224, in __exit__
    raise exc_value.with_traceback(exc_tb)
  File "/Library/Frameworks/Python.framework/Versions/3.13/lib/python3.13/site-packages/sqlalchemy/pool/base.py", line 895, in __connect
    self.dbapi_connection = connection = pool._invoke_creator(self)
                                         ~~~~~~~~~~~~~~~~~~~~^^^^^^
  File "/Library/Frameworks/Python.framework/Versions/3.13/lib/python3.13/site-packages/sqlalchemy/engine/create.py", line 661, in connect
    return dialect.connect(*cargs, **cparams)
           ~~~~~~~~~~~~~~~^^^^^^^^^^^^^^^^^^^
  File "/Library/Frameworks/Python.framework/Versions/3.13/lib/python3.13/site-packages/sqlalchemy/engine/default.py", line 630, in connect
    return self.loaded_dbapi.connect(*cargs, **cparams)  # type: ignore[no-any-return]  # NOQA: E501
           ~~~~~~~~~~~~~~~~~~~~~~~~~^^^^^^^^^^^^^^^^^^^
  File "/Library/Frameworks/Python.framework/Versions/3.13/lib/python3.13/site-packages/psycopg2/__init__.py", line 122, in connect
    conn = _connect(dsn, connection_factory=connection_factory, **kwasync)
psycopg2.OperationalError: could not translate host name "myntreal-database.c5gywaicq6zu.ap-south-2.rds.amazonaws.com" to address: nodename nor servname provided, or not known


The above exception was the direct cause of the following exception:

Traceback (most recent call last):
  File "/Library/Frameworks/Python.framework/Versions/3.13/lib/python3.13/site-packages/starlette/_exception_handler.py", line 42, in wrapped_app
    await app(scope, receive, sender)
  File "/Library/Frameworks/Python.framework/Versions/3.13/lib/python3.13/site-packages/fastapi/routing.py", line 105, in app
    response = await f(request)
               ^^^^^^^^^^^^^^^^
  File "/Library/Frameworks/Python.framework/Versions/3.13/lib/python3.13/site-packages/fastapi/routing.py", line 416, in app
    solved_result = await solve_dependencies(
                    ^^^^^^^^^^^^^^^^^^^^^^^^^
    ...<6 lines>...
    )
    ^
  File "/Library/Frameworks/Python.framework/Versions/3.13/lib/python3.13/site-packages/fastapi/dependencies/utils.py", line 670, in solve_dependencies
    solved = await _solve_generator(
             ^^^^^^^^^^^^^^^^^^^^^^^
    ...<3 lines>...
    )
    ^
  File "/Library/Frameworks/Python.framework/Versions/3.13/lib/python3.13/site-packages/fastapi/dependencies/utils.py", line 584, in _solve_generator
    return await stack.enter_async_context(cm)
           ^^^^^^^^^^^^^^^^^^^^^^^^^^^^^^^^^^^
  File "/Library/Frameworks/Python.framework/Versions/3.13/lib/python3.13/contextlib.py", line 668, in enter_async_context
    result = await _enter(cm)
             ^^^^^^^^^^^^^^^^
  File "/Library/Frameworks/Python.framework/Versions/3.13/lib/python3.13/contextlib.py", line 214, in __aenter__
    return await anext(self.gen)
           ^^^^^^^^^^^^^^^^^^^^^
  File "/Library/Frameworks/Python.framework/Versions/3.13/lib/python3.13/site-packages/fastapi/concurrency.py", line 37, in contextmanager_in_threadpool
    raise e
  File "/Library/Frameworks/Python.framework/Versions/3.13/lib/python3.13/site-packages/fastapi/concurrency.py", line 29, in contextmanager_in_threadpool
    yield await run_in_threadpool(cm.__enter__)
          ^^^^^^^^^^^^^^^^^^^^^^^^^^^^^^^^^^^^^
  File "/Library/Frameworks/Python.framework/Versions/3.13/lib/python3.13/site-packages/starlette/concurrency.py", line 32, in run_in_threadpool
    return await anyio.to_thread.run_sync(func)
           ^^^^^^^^^^^^^^^^^^^^^^^^^^^^^^^^^^^^
  File "/Library/Frameworks/Python.framework/Versions/3.13/lib/python3.13/site-packages/anyio/to_thread.py", line 61, in run_sync
    return await get_async_backend().run_sync_in_worker_thread(
           ^^^^^^^^^^^^^^^^^^^^^^^^^^^^^^^^^^^^^^^^^^^^^^^^^^^^
        func, args, abandon_on_cancel=abandon_on_cancel, limiter=limiter
        ^^^^^^^^^^^^^^^^^^^^^^^^^^^^^^^^^^^^^^^^^^^^^^^^^^^^^^^^^^^^^^^^
    )
    ^
  File "/Library/Frameworks/Python.framework/Versions/3.13/lib/python3.13/site-packages/anyio/_backends/_asyncio.py", line 2525, in run_sync_in_worker_thread
    return await future
           ^^^^^^^^^^^^
  File "/Library/Frameworks/Python.framework/Versions/3.13/lib/python3.13/site-packages/anyio/_backends/_asyncio.py", line 986, in run
    result = context.run(func, *args)
  File "/Library/Frameworks/Python.framework/Versions/3.13/lib/python3.13/contextlib.py", line 141, in __enter__
    return next(self.gen)
  File "/Users/viswanathkari/Documents/Mynt OS/MyntReal_Latest/backend/app/core/database.py", line 148, in get_db
    db.execute(_text("SET statement_timeout = 25000"))
    ~~~~~~~~~~^^^^^^^^^^^^^^^^^^^^^^^^^^^^^^^^^^^^^^^^
  File "/Library/Frameworks/Python.framework/Versions/3.13/lib/python3.13/site-packages/sqlalchemy/orm/session.py", line 2351, in execute
    return self._execute_internal(
           ~~~~~~~~~~~~~~~~~~~~~~^
        statement,
        ^^^^^^^^^^
    ...<4 lines>...
        _add_event=_add_event,
        ^^^^^^^^^^^^^^^^^^^^^^
    )
    ^
  File "/Library/Frameworks/Python.framework/Versions/3.13/lib/python3.13/site-packages/sqlalchemy/orm/session.py", line 2239, in _execute_internal
    conn = self._connection_for_bind(bind)
  File "/Library/Frameworks/Python.framework/Versions/3.13/lib/python3.13/site-packages/sqlalchemy/orm/session.py", line 2108, in _connection_for_bind
    return trans._connection_for_bind(engine, execution_options)
           ~~~~~~~~~~~~~~~~~~~~~~~~~~^^^^^^^^^^^^^^^^^^^^^^^^^^^
  File "<string>", line 2, in _connection_for_bind
  File "/Library/Frameworks/Python.framework/Versions/3.13/lib/python3.13/site-packages/sqlalchemy/orm/state_changes.py", line 137, in _go
    ret_value = fn(self, *arg, **kw)
  File "/Library/Frameworks/Python.framework/Versions/3.13/lib/python3.13/site-packages/sqlalchemy/orm/session.py", line 1187, in _connection_for_bind
    conn = bind.connect()
  File "/Library/Frameworks/Python.framework/Versions/3.13/lib/python3.13/site-packages/sqlalchemy/engine/base.py", line 3285, in connect
    return self._connection_cls(self)
           ~~~~~~~~~~~~~~~~~~~~^^^^^^
  File "/Library/Frameworks/Python.framework/Versions/3.13/lib/python3.13/site-packages/sqlalchemy/engine/base.py", line 145, in __init__
    Connection._handle_dbapi_exception_noconnection(
    ~~~~~~~~~~~~~~~~~~~~~~~~~~~~~~~~~~~~~~~~~~~~~~~^
        err, dialect, engine
        ^^^^^^^^^^^^^^^^^^^^
    )
    ^
  File "/Library/Frameworks/Python.framework/Versions/3.13/lib/python3.13/site-packages/sqlalchemy/engine/base.py", line 2448, in _handle_dbapi_exception_noconnection
    raise sqlalchemy_exception.with_traceback(exc_info[2]) from e
  File "/Library/Frameworks/Python.framework/Versions/3.13/lib/python3.13/site-packages/sqlalchemy/engine/base.py", line 143, in __init__
    self._dbapi_connection = engine.raw_connection()
                             ~~~~~~~~~~~~~~~~~~~~~^^
  File "/Library/Frameworks/Python.framework/Versions/3.13/lib/python3.13/site-packages/sqlalchemy/engine/base.py", line 3309, in raw_connection
    return self.pool.connect()
           ~~~~~~~~~~~~~~~~~^^
  File "/Library/Frameworks/Python.framework/Versions/3.13/lib/python3.13/site-packages/sqlalchemy/pool/base.py", line 447, in connect
    return _ConnectionFairy._checkout(self)
           ~~~~~~~~~~~~~~~~~~~~~~~~~~^^^^^^
  File "/Library/Frameworks/Python.framework/Versions/3.13/lib/python3.13/site-packages/sqlalchemy/pool/base.py", line 1264, in _checkout
    fairy = _ConnectionRecord.checkout(pool)
  File "/Library/Frameworks/Python.framework/Versions/3.13/lib/python3.13/site-packages/sqlalchemy/pool/base.py", line 716, in checkout
    with util.safe_reraise():
         ~~~~~~~~~~~~~~~~~^^
  File "/Library/Frameworks/Python.framework/Versions/3.13/lib/python3.13/site-packages/sqlalchemy/util/langhelpers.py", line 224, in __exit__
    raise exc_value.with_traceback(exc_tb)
  File "/Library/Frameworks/Python.framework/Versions/3.13/lib/python3.13/site-packages/sqlalchemy/pool/base.py", line 714, in checkout
    dbapi_connection = rec.get_connection()
  File "/Library/Frameworks/Python.framework/Versions/3.13/lib/python3.13/site-packages/sqlalchemy/pool/base.py", line 836, in get_connection
    self.__connect()
    ~~~~~~~~~~~~~~^^
  File "/Library/Frameworks/Python.framework/Versions/3.13/lib/python3.13/site-packages/sqlalchemy/pool/base.py", line 899, in __connect
    with util.safe_reraise():
         ~~~~~~~~~~~~~~~~~^^
  File "/Library/Frameworks/Python.framework/Versions/3.13/lib/python3.13/site-packages/sqlalchemy/util/langhelpers.py", line 224, in __exit__
    raise exc_value.with_traceback(exc_tb)
  File "/Library/Frameworks/Python.framework/Versions/3.13/lib/python3.13/site-packages/sqlalchemy/pool/base.py", line 895, in __connect
    self.dbapi_connection = connection = pool._invoke_creator(self)
                                         ~~~~~~~~~~~~~~~~~~~~^^^^^^
  File "/Library/Frameworks/Python.framework/Versions/3.13/lib/python3.13/site-packages/sqlalchemy/engine/create.py", line 661, in connect
    return dialect.connect(*cargs, **cparams)
           ~~~~~~~~~~~~~~~^^^^^^^^^^^^^^^^^^^
  File "/Library/Frameworks/Python.framework/Versions/3.13/lib/python3.13/site-packages/sqlalchemy/engine/default.py", line 630, in connect
    return self.loaded_dbapi.connect(*cargs, **cparams)  # type: ignore[no-any-return]  # NOQA: E501
           ~~~~~~~~~~~~~~~~~~~~~~~~~^^^^^^^^^^^^^^^^^^^
  File "/Library/Frameworks/Python.framework/Versions/3.13/lib/python3.13/site-packages/psycopg2/__init__.py", line 122, in connect
    conn = _connect(dsn, connection_factory=connection_factory, **kwasync)
sqlalchemy.exc.OperationalError: (psycopg2.OperationalError) could not translate host name "myntreal-database.c5gywaicq6zu.ap-south-2.rds.amazonaws.com" to address: nodename nor servname provided, or not known

(Background on this error at: https://sqlalche.me/e/20/e3q8)

INFO:     127.0.0.1:50577 - "POST /api/v1/staff/auth/login HTTP/1.1" 500 Internal Server Error
INFO:     127.0.0.1:50576 - "GET /api/v1/feedback/public/announcements?limit=10 HTTP/1.1" 500 Internal Server Error
ERROR:app.core.exceptions:SQLAlchemy Error on POST /api/v1/staff/auth/login: could not translate host name "myntreal-database.c5gywaicq6zu.ap-south-2.rds.amazonaws.com" to address: nodename nor servname provided, or not known

ERROR:app.core.exceptions:Full traceback: Traceback (most recent call last):
  File "/Library/Frameworks/Python.framework/Versions/3.13/lib/python3.13/site-packages/sqlalchemy/engine/base.py", line 143, in __init__
    self._dbapi_connection = engine.raw_connection()
                             ~~~~~~~~~~~~~~~~~~~~~^^
  File "/Library/Frameworks/Python.framework/Versions/3.13/lib/python3.13/site-packages/sqlalchemy/engine/base.py", line 3309, in raw_connection
    return self.pool.connect()
           ~~~~~~~~~~~~~~~~~^^
  File "/Library/Frameworks/Python.framework/Versions/3.13/lib/python3.13/site-packages/sqlalchemy/pool/base.py", line 447, in connect
    return _ConnectionFairy._checkout(self)
           ~~~~~~~~~~~~~~~~~~~~~~~~~~^^^^^^
  File "/Library/Frameworks/Python.framework/Versions/3.13/lib/python3.13/site-packages/sqlalchemy/pool/base.py", line 1264, in _checkout
    fairy = _ConnectionRecord.checkout(pool)
  File "/Library/Frameworks/Python.framework/Versions/3.13/lib/python3.13/site-packages/sqlalchemy/pool/base.py", line 716, in checkout
    with util.safe_reraise():
         ~~~~~~~~~~~~~~~~~^^
  File "/Library/Frameworks/Python.framework/Versions/3.13/lib/python3.13/site-packages/sqlalchemy/util/langhelpers.py", line 224, in __exit__
    raise exc_value.with_traceback(exc_tb)
  File "/Library/Frameworks/Python.framework/Versions/3.13/lib/python3.13/site-packages/sqlalchemy/pool/base.py", line 714, in checkout
    dbapi_connection = rec.get_connection()
  File "/Library/Frameworks/Python.framework/Versions/3.13/lib/python3.13/site-packages/sqlalchemy/pool/base.py", line 836, in get_connection
    self.__connect()
    ~~~~~~~~~~~~~~^^
  File "/Library/Frameworks/Python.framework/Versions/3.13/lib/python3.13/site-packages/sqlalchemy/pool/base.py", line 899, in __connect
    with util.safe_reraise():
         ~~~~~~~~~~~~~~~~~^^
  File "/Library/Frameworks/Python.framework/Versions/3.13/lib/python3.13/site-packages/sqlalchemy/util/langhelpers.py", line 224, in __exit__
    raise exc_value.with_traceback(exc_tb)
  File "/Library/Frameworks/Python.framework/Versions/3.13/lib/python3.13/site-packages/sqlalchemy/pool/base.py", line 895, in __connect
    self.dbapi_connection = connection = pool._invoke_creator(self)
                                         ~~~~~~~~~~~~~~~~~~~~^^^^^^
  File "/Library/Frameworks/Python.framework/Versions/3.13/lib/python3.13/site-packages/sqlalchemy/engine/create.py", line 661, in connect
    return dialect.connect(*cargs, **cparams)
           ~~~~~~~~~~~~~~~^^^^^^^^^^^^^^^^^^^
  File "/Library/Frameworks/Python.framework/Versions/3.13/lib/python3.13/site-packages/sqlalchemy/engine/default.py", line 630, in connect
    return self.loaded_dbapi.connect(*cargs, **cparams)  # type: ignore[no-any-return]  # NOQA: E501
           ~~~~~~~~~~~~~~~~~~~~~~~~~^^^^^^^^^^^^^^^^^^^
  File "/Library/Frameworks/Python.framework/Versions/3.13/lib/python3.13/site-packages/psycopg2/__init__.py", line 122, in connect
    conn = _connect(dsn, connection_factory=connection_factory, **kwasync)
psycopg2.OperationalError: could not translate host name "myntreal-database.c5gywaicq6zu.ap-south-2.rds.amazonaws.com" to address: nodename nor servname provided, or not known


The above exception was the direct cause of the following exception:

Traceback (most recent call last):
  File "/Library/Frameworks/Python.framework/Versions/3.13/lib/python3.13/site-packages/starlette/_exception_handler.py", line 42, in wrapped_app
    await app(scope, receive, sender)
  File "/Library/Frameworks/Python.framework/Versions/3.13/lib/python3.13/site-packages/fastapi/routing.py", line 105, in app
    response = await f(request)
               ^^^^^^^^^^^^^^^^
  File "/Library/Frameworks/Python.framework/Versions/3.13/lib/python3.13/site-packages/fastapi/routing.py", line 416, in app
    solved_result = await solve_dependencies(
                    ^^^^^^^^^^^^^^^^^^^^^^^^^
    ...<6 lines>...
    )
    ^
  File "/Library/Frameworks/Python.framework/Versions/3.13/lib/python3.13/site-packages/fastapi/dependencies/utils.py", line 670, in solve_dependencies
    solved = await _solve_generator(
             ^^^^^^^^^^^^^^^^^^^^^^^
    ...<3 lines>...
    )
    ^
  File "/Library/Frameworks/Python.framework/Versions/3.13/lib/python3.13/site-packages/fastapi/dependencies/utils.py", line 584, in _solve_generator
    return await stack.enter_async_context(cm)
           ^^^^^^^^^^^^^^^^^^^^^^^^^^^^^^^^^^^
  File "/Library/Frameworks/Python.framework/Versions/3.13/lib/python3.13/contextlib.py", line 668, in enter_async_context
    result = await _enter(cm)
             ^^^^^^^^^^^^^^^^
  File "/Library/Frameworks/Python.framework/Versions/3.13/lib/python3.13/contextlib.py", line 214, in __aenter__
    return await anext(self.gen)
           ^^^^^^^^^^^^^^^^^^^^^
  File "/Library/Frameworks/Python.framework/Versions/3.13/lib/python3.13/site-packages/fastapi/concurrency.py", line 37, in contextmanager_in_threadpool
    raise e
  File "/Library/Frameworks/Python.framework/Versions/3.13/lib/python3.13/site-packages/fastapi/concurrency.py", line 29, in contextmanager_in_threadpool
    yield await run_in_threadpool(cm.__enter__)
          ^^^^^^^^^^^^^^^^^^^^^^^^^^^^^^^^^^^^^
  File "/Library/Frameworks/Python.framework/Versions/3.13/lib/python3.13/site-packages/starlette/concurrency.py", line 32, in run_in_threadpool
    return await anyio.to_thread.run_sync(func)
           ^^^^^^^^^^^^^^^^^^^^^^^^^^^^^^^^^^^^
  File "/Library/Frameworks/Python.framework/Versions/3.13/lib/python3.13/site-packages/anyio/to_thread.py", line 61, in run_sync
    return await get_async_backend().run_sync_in_worker_thread(
           ^^^^^^^^^^^^^^^^^^^^^^^^^^^^^^^^^^^^^^^^^^^^^^^^^^^^
        func, args, abandon_on_cancel=abandon_on_cancel, limiter=limiter
        ^^^^^^^^^^^^^^^^^^^^^^^^^^^^^^^^^^^^^^^^^^^^^^^^^^^^^^^^^^^^^^^^
    )
    ^
  File "/Library/Frameworks/Python.framework/Versions/3.13/lib/python3.13/site-packages/anyio/_backends/_asyncio.py", line 2525, in run_sync_in_worker_thread
    return await future
           ^^^^^^^^^^^^
  File "/Library/Frameworks/Python.framework/Versions/3.13/lib/python3.13/site-packages/anyio/_backends/_asyncio.py", line 986, in run
    result = context.run(func, *args)
  File "/Library/Frameworks/Python.framework/Versions/3.13/lib/python3.13/contextlib.py", line 141, in __enter__
    return next(self.gen)
  File "/Users/viswanathkari/Documents/Mynt OS/MyntReal_Latest/backend/app/core/database.py", line 148, in get_db
    db.execute(_text("SET statement_timeout = 25000"))
    ~~~~~~~~~~^^^^^^^^^^^^^^^^^^^^^^^^^^^^^^^^^^^^^^^^
  File "/Library/Frameworks/Python.framework/Versions/3.13/lib/python3.13/site-packages/sqlalchemy/orm/session.py", line 2351, in execute
    return self._execute_internal(
           ~~~~~~~~~~~~~~~~~~~~~~^
        statement,
        ^^^^^^^^^^
    ...<4 lines>...
        _add_event=_add_event,
        ^^^^^^^^^^^^^^^^^^^^^^
    )
    ^
  File "/Library/Frameworks/Python.framework/Versions/3.13/lib/python3.13/site-packages/sqlalchemy/orm/session.py", line 2239, in _execute_internal
    conn = self._connection_for_bind(bind)
  File "/Library/Frameworks/Python.framework/Versions/3.13/lib/python3.13/site-packages/sqlalchemy/orm/session.py", line 2108, in _connection_for_bind
    return trans._connection_for_bind(engine, execution_options)
           ~~~~~~~~~~~~~~~~~~~~~~~~~~^^^^^^^^^^^^^^^^^^^^^^^^^^^
  File "<string>", line 2, in _connection_for_bind
  File "/Library/Frameworks/Python.framework/Versions/3.13/lib/python3.13/site-packages/sqlalchemy/orm/state_changes.py", line 137, in _go
    ret_value = fn(self, *arg, **kw)
  File "/Library/Frameworks/Python.framework/Versions/3.13/lib/python3.13/site-packages/sqlalchemy/orm/session.py", line 1187, in _connection_for_bind
    conn = bind.connect()
  File "/Library/Frameworks/Python.framework/Versions/3.13/lib/python3.13/site-packages/sqlalchemy/engine/base.py", line 3285, in connect
    return self._connection_cls(self)
           ~~~~~~~~~~~~~~~~~~~~^^^^^^
  File "/Library/Frameworks/Python.framework/Versions/3.13/lib/python3.13/site-packages/sqlalchemy/engine/base.py", line 145, in __init__
    Connection._handle_dbapi_exception_noconnection(
    ~~~~~~~~~~~~~~~~~~~~~~~~~~~~~~~~~~~~~~~~~~~~~~~^
        err, dialect, engine
        ^^^^^^^^^^^^^^^^^^^^
    )
    ^
  File "/Library/Frameworks/Python.framework/Versions/3.13/lib/python3.13/site-packages/sqlalchemy/engine/base.py", line 2448, in _handle_dbapi_exception_noconnection
    raise sqlalchemy_exception.with_traceback(exc_info[2]) from e
  File "/Library/Frameworks/Python.framework/Versions/3.13/lib/python3.13/site-packages/sqlalchemy/engine/base.py", line 143, in __init__
    self._dbapi_connection = engine.raw_connection()
                             ~~~~~~~~~~~~~~~~~~~~~^^
  File "/Library/Frameworks/Python.framework/Versions/3.13/lib/python3.13/site-packages/sqlalchemy/engine/base.py", line 3309, in raw_connection
    return self.pool.connect()
           ~~~~~~~~~~~~~~~~~^^
  File "/Library/Frameworks/Python.framework/Versions/3.13/lib/python3.13/site-packages/sqlalchemy/pool/base.py", line 447, in connect
    return _ConnectionFairy._checkout(self)
           ~~~~~~~~~~~~~~~~~~~~~~~~~~^^^^^^
  File "/Library/Frameworks/Python.framework/Versions/3.13/lib/python3.13/site-packages/sqlalchemy/pool/base.py", line 1264, in _checkout
    fairy = _ConnectionRecord.checkout(pool)
  File "/Library/Frameworks/Python.framework/Versions/3.13/lib/python3.13/site-packages/sqlalchemy/pool/base.py", line 716, in checkout
    with util.safe_reraise():
         ~~~~~~~~~~~~~~~~~^^
  File "/Library/Frameworks/Python.framework/Versions/3.13/lib/python3.13/site-packages/sqlalchemy/util/langhelpers.py", line 224, in __exit__
    raise exc_value.with_traceback(exc_tb)
  File "/Library/Frameworks/Python.framework/Versions/3.13/lib/python3.13/site-packages/sqlalchemy/pool/base.py", line 714, in checkout
    dbapi_connection = rec.get_connection()
  File "/Library/Frameworks/Python.framework/Versions/3.13/lib/python3.13/site-packages/sqlalchemy/pool/base.py", line 836, in get_connection
    self.__connect()
    ~~~~~~~~~~~~~~^^
  File "/Library/Frameworks/Python.framework/Versions/3.13/lib/python3.13/site-packages/sqlalchemy/pool/base.py", line 899, in __connect
    with util.safe_reraise():
         ~~~~~~~~~~~~~~~~~^^
  File "/Library/Frameworks/Python.framework/Versions/3.13/lib/python3.13/site-packages/sqlalchemy/util/langhelpers.py", line 224, in __exit__
    raise exc_value.with_traceback(exc_tb)
  File "/Library/Frameworks/Python.framework/Versions/3.13/lib/python3.13/site-packages/sqlalchemy/pool/base.py", line 895, in __connect
    self.dbapi_connection = connection = pool._invoke_creator(self)
                                         ~~~~~~~~~~~~~~~~~~~~^^^^^^
  File "/Library/Frameworks/Python.framework/Versions/3.13/lib/python3.13/site-packages/sqlalchemy/engine/create.py", line 661, in connect
    return dialect.connect(*cargs, **cparams)
           ~~~~~~~~~~~~~~~^^^^^^^^^^^^^^^^^^^
  File "/Library/Frameworks/Python.framework/Versions/3.13/lib/python3.13/site-packages/sqlalchemy/engine/default.py", line 630, in connect
    return self.loaded_dbapi.connect(*cargs, **cparams)  # type: ignore[no-any-return]  # NOQA: E501
           ~~~~~~~~~~~~~~~~~~~~~~~~~^^^^^^^^^^^^^^^^^^^
  File "/Library/Frameworks/Python.framework/Versions/3.13/lib/python3.13/site-packages/psycopg2/__init__.py", line 122, in connect
    conn = _connect(dsn, connection_factory=connection_factory, **kwasync)
sqlalchemy.exc.OperationalError: (psycopg2.OperationalError) could not translate host name "myntreal-database.c5gywaicq6zu.ap-south-2.rds.amazonaws.com" to address: nodename nor servname provided, or not known

(Background on this error at: https://sqlalche.me/e/20/e3q8)

INFO:     127.0.0.1:50576 - "POST /api/v1/staff/auth/login HTTP/1.1" 500 Internal Server Error
ERROR:app.core.exceptions:SQLAlchemy Error on POST /api/v1/staff/auth/login: could not translate host name "myntreal-database.c5gywaicq6zu.ap-south-2.rds.amazonaws.com" to address: nodename nor servname provided, or not known

ERROR:app.core.exceptions:Full traceback: Traceback (most recent call last):
  File "/Library/Frameworks/Python.framework/Versions/3.13/lib/python3.13/site-packages/sqlalchemy/engine/base.py", line 143, in __init__
    self._dbapi_connection = engine.raw_connection()
                             ~~~~~~~~~~~~~~~~~~~~~^^
  File "/Library/Frameworks/Python.framework/Versions/3.13/lib/python3.13/site-packages/sqlalchemy/engine/base.py", line 3309, in raw_connection
    return self.pool.connect()
           ~~~~~~~~~~~~~~~~~^^
  File "/Library/Frameworks/Python.framework/Versions/3.13/lib/python3.13/site-packages/sqlalchemy/pool/base.py", line 447, in connect
    return _ConnectionFairy._checkout(self)
           ~~~~~~~~~~~~~~~~~~~~~~~~~~^^^^^^
  File "/Library/Frameworks/Python.framework/Versions/3.13/lib/python3.13/site-packages/sqlalchemy/pool/base.py", line 1264, in _checkout
    fairy = _ConnectionRecord.checkout(pool)
  File "/Library/Frameworks/Python.framework/Versions/3.13/lib/python3.13/site-packages/sqlalchemy/pool/base.py", line 716, in checkout
    with util.safe_reraise():
         ~~~~~~~~~~~~~~~~~^^
  File "/Library/Frameworks/Python.framework/Versions/3.13/lib/python3.13/site-packages/sqlalchemy/util/langhelpers.py", line 224, in __exit__
    raise exc_value.with_traceback(exc_tb)
  File "/Library/Frameworks/Python.framework/Versions/3.13/lib/python3.13/site-packages/sqlalchemy/pool/base.py", line 714, in checkout
    dbapi_connection = rec.get_connection()
  File "/Library/Frameworks/Python.framework/Versions/3.13/lib/python3.13/site-packages/sqlalchemy/pool/base.py", line 836, in get_connection
    self.__connect()
    ~~~~~~~~~~~~~~^^
  File "/Library/Frameworks/Python.framework/Versions/3.13/lib/python3.13/site-packages/sqlalchemy/pool/base.py", line 899, in __connect
    with util.safe_reraise():
         ~~~~~~~~~~~~~~~~~^^
  File "/Library/Frameworks/Python.framework/Versions/3.13/lib/python3.13/site-packages/sqlalchemy/util/langhelpers.py", line 224, in __exit__
    raise exc_value.with_traceback(exc_tb)
  File "/Library/Frameworks/Python.framework/Versions/3.13/lib/python3.13/site-packages/sqlalchemy/pool/base.py", line 895, in __connect
    self.dbapi_connection = connection = pool._invoke_creator(self)
                                         ~~~~~~~~~~~~~~~~~~~~^^^^^^
  File "/Library/Frameworks/Python.framework/Versions/3.13/lib/python3.13/site-packages/sqlalchemy/engine/create.py", line 661, in connect
    return dialect.connect(*cargs, **cparams)
           ~~~~~~~~~~~~~~~^^^^^^^^^^^^^^^^^^^
  File "/Library/Frameworks/Python.framework/Versions/3.13/lib/python3.13/site-packages/sqlalchemy/engine/default.py", line 630, in connect
    return self.loaded_dbapi.connect(*cargs, **cparams)  # type: ignore[no-any-return]  # NOQA: E501
           ~~~~~~~~~~~~~~~~~~~~~~~~~^^^^^^^^^^^^^^^^^^^
  File "/Library/Frameworks/Python.framework/Versions/3.13/lib/python3.13/site-packages/psycopg2/__init__.py", line 122, in connect
    conn = _connect(dsn, connection_factory=connection_factory, **kwasync)
psycopg2.OperationalError: could not translate host name "myntreal-database.c5gywaicq6zu.ap-south-2.rds.amazonaws.com" to address: nodename nor servname provided, or not known


The above exception was the direct cause of the following exception:

Traceback (most recent call last):
  File "/Library/Frameworks/Python.framework/Versions/3.13/lib/python3.13/site-packages/starlette/_exception_handler.py", line 42, in wrapped_app
    await app(scope, receive, sender)
  File "/Library/Frameworks/Python.framework/Versions/3.13/lib/python3.13/site-packages/fastapi/routing.py", line 105, in app
    response = await f(request)
               ^^^^^^^^^^^^^^^^
  File "/Library/Frameworks/Python.framework/Versions/3.13/lib/python3.13/site-packages/fastapi/routing.py", line 416, in app
    solved_result = await solve_dependencies(
                    ^^^^^^^^^^^^^^^^^^^^^^^^^
    ...<6 lines>...
    )
    ^
  File "/Library/Frameworks/Python.framework/Versions/3.13/lib/python3.13/site-packages/fastapi/dependencies/utils.py", line 670, in solve_dependencies
    solved = await _solve_generator(
             ^^^^^^^^^^^^^^^^^^^^^^^
    ...<3 lines>...
    )
    ^
  File "/Library/Frameworks/Python.framework/Versions/3.13/lib/python3.13/site-packages/fastapi/dependencies/utils.py", line 584, in _solve_generator
    return await stack.enter_async_context(cm)
           ^^^^^^^^^^^^^^^^^^^^^^^^^^^^^^^^^^^
  File "/Library/Frameworks/Python.framework/Versions/3.13/lib/python3.13/contextlib.py", line 668, in enter_async_context
    result = await _enter(cm)
             ^^^^^^^^^^^^^^^^
  File "/Library/Frameworks/Python.framework/Versions/3.13/lib/python3.13/contextlib.py", line 214, in __aenter__
    return await anext(self.gen)
           ^^^^^^^^^^^^^^^^^^^^^
  File "/Library/Frameworks/Python.framework/Versions/3.13/lib/python3.13/site-packages/fastapi/concurrency.py", line 37, in contextmanager_in_threadpool
    raise e
  File "/Library/Frameworks/Python.framework/Versions/3.13/lib/python3.13/site-packages/fastapi/concurrency.py", line 29, in contextmanager_in_threadpool
    yield await run_in_threadpool(cm.__enter__)
          ^^^^^^^^^^^^^^^^^^^^^^^^^^^^^^^^^^^^^
  File "/Library/Frameworks/Python.framework/Versions/3.13/lib/python3.13/site-packages/starlette/concurrency.py", line 32, in run_in_threadpool
    return await anyio.to_thread.run_sync(func)
           ^^^^^^^^^^^^^^^^^^^^^^^^^^^^^^^^^^^^
  File "/Library/Frameworks/Python.framework/Versions/3.13/lib/python3.13/site-packages/anyio/to_thread.py", line 61, in run_sync
    return await get_async_backend().run_sync_in_worker_thread(
           ^^^^^^^^^^^^^^^^^^^^^^^^^^^^^^^^^^^^^^^^^^^^^^^^^^^^
        func, args, abandon_on_cancel=abandon_on_cancel, limiter=limiter
        ^^^^^^^^^^^^^^^^^^^^^^^^^^^^^^^^^^^^^^^^^^^^^^^^^^^^^^^^^^^^^^^^
    )
    ^
  File "/Library/Frameworks/Python.framework/Versions/3.13/lib/python3.13/site-packages/anyio/_backends/_asyncio.py", line 2525, in run_sync_in_worker_thread
    return await future
           ^^^^^^^^^^^^
  File "/Library/Frameworks/Python.framework/Versions/3.13/lib/python3.13/site-packages/anyio/_backends/_asyncio.py", line 986, in run
    result = context.run(func, *args)
  File "/Library/Frameworks/Python.framework/Versions/3.13/lib/python3.13/contextlib.py", line 141, in __enter__
    return next(self.gen)
  File "/Users/viswanathkari/Documents/Mynt OS/MyntReal_Latest/backend/app/core/database.py", line 148, in get_db
    db.execute(_text("SET statement_timeout = 25000"))
    ~~~~~~~~~~^^^^^^^^^^^^^^^^^^^^^^^^^^^^^^^^^^^^^^^^
  File "/Library/Frameworks/Python.framework/Versions/3.13/lib/python3.13/site-packages/sqlalchemy/orm/session.py", line 2351, in execute
    return self._execute_internal(
           ~~~~~~~~~~~~~~~~~~~~~~^
        statement,
        ^^^^^^^^^^
    ...<4 lines>...
        _add_event=_add_event,
        ^^^^^^^^^^^^^^^^^^^^^^
    )
    ^
  File "/Library/Frameworks/Python.framework/Versions/3.13/lib/python3.13/site-packages/sqlalchemy/orm/session.py", line 2239, in _execute_internal
    conn = self._connection_for_bind(bind)
  File "/Library/Frameworks/Python.framework/Versions/3.13/lib/python3.13/site-packages/sqlalchemy/orm/session.py", line 2108, in _connection_for_bind
    return trans._connection_for_bind(engine, execution_options)
           ~~~~~~~~~~~~~~~~~~~~~~~~~~^^^^^^^^^^^^^^^^^^^^^^^^^^^
  File "<string>", line 2, in _connection_for_bind
  File "/Library/Frameworks/Python.framework/Versions/3.13/lib/python3.13/site-packages/sqlalchemy/orm/state_changes.py", line 137, in _go
    ret_value = fn(self, *arg, **kw)
  File "/Library/Frameworks/Python.framework/Versions/3.13/lib/python3.13/site-packages/sqlalchemy/orm/session.py", line 1187, in _connection_for_bind
    conn = bind.connect()
  File "/Library/Frameworks/Python.framework/Versions/3.13/lib/python3.13/site-packages/sqlalchemy/engine/base.py", line 3285, in connect
    return self._connection_cls(self)
           ~~~~~~~~~~~~~~~~~~~~^^^^^^
  File "/Library/Frameworks/Python.framework/Versions/3.13/lib/python3.13/site-packages/sqlalchemy/engine/base.py", line 145, in __init__
    Connection._handle_dbapi_exception_noconnection(
    ~~~~~~~~~~~~~~~~~~~~~~~~~~~~~~~~~~~~~~~~~~~~~~~^
        err, dialect, engine
        ^^^^^^^^^^^^^^^^^^^^
    )
    ^
  File "/Library/Frameworks/Python.framework/Versions/3.13/lib/python3.13/site-packages/sqlalchemy/engine/base.py", line 2448, in _handle_dbapi_exception_noconnection
    raise sqlalchemy_exception.with_traceback(exc_info[2]) from e
  File "/Library/Frameworks/Python.framework/Versions/3.13/lib/python3.13/site-packages/sqlalchemy/engine/base.py", line 143, in __init__
    self._dbapi_connection = engine.raw_connection()
                             ~~~~~~~~~~~~~~~~~~~~~^^
  File "/Library/Frameworks/Python.framework/Versions/3.13/lib/python3.13/site-packages/sqlalchemy/engine/base.py", line 3309, in raw_connection
    return self.pool.connect()
           ~~~~~~~~~~~~~~~~~^^
  File "/Library/Frameworks/Python.framework/Versions/3.13/lib/python3.13/site-packages/sqlalchemy/pool/base.py", line 447, in connect
    return _ConnectionFairy._checkout(self)
           ~~~~~~~~~~~~~~~~~~~~~~~~~~^^^^^^
  File "/Library/Frameworks/Python.framework/Versions/3.13/lib/python3.13/site-packages/sqlalchemy/pool/base.py", line 1264, in _checkout
    fairy = _ConnectionRecord.checkout(pool)
  File "/Library/Frameworks/Python.framework/Versions/3.13/lib/python3.13/site-packages/sqlalchemy/pool/base.py", line 716, in checkout
    with util.safe_reraise():
         ~~~~~~~~~~~~~~~~~^^
  File "/Library/Frameworks/Python.framework/Versions/3.13/lib/python3.13/site-packages/sqlalchemy/util/langhelpers.py", line 224, in __exit__
    raise exc_value.with_traceback(exc_tb)
  File "/Library/Frameworks/Python.framework/Versions/3.13/lib/python3.13/site-packages/sqlalchemy/pool/base.py", line 714, in checkout
    dbapi_connection = rec.get_connection()
  File "/Library/Frameworks/Python.framework/Versions/3.13/lib/python3.13/site-packages/sqlalchemy/pool/base.py", line 836, in get_connection
    self.__connect()
    ~~~~~~~~~~~~~~^^
  File "/Library/Frameworks/Python.framework/Versions/3.13/lib/python3.13/site-packages/sqlalchemy/pool/base.py", line 899, in __connect
    with util.safe_reraise():
         ~~~~~~~~~~~~~~~~~^^
  File "/Library/Frameworks/Python.framework/Versions/3.13/lib/python3.13/site-packages/sqlalchemy/util/langhelpers.py", line 224, in __exit__
    raise exc_value.with_traceback(exc_tb)
  File "/Library/Frameworks/Python.framework/Versions/3.13/lib/python3.13/site-packages/sqlalchemy/pool/base.py", line 895, in __connect
    self.dbapi_connection = connection = pool._invoke_creator(self)
                                         ~~~~~~~~~~~~~~~~~~~~^^^^^^
  File "/Library/Frameworks/Python.framework/Versions/3.13/lib/python3.13/site-packages/sqlalchemy/engine/create.py", line 661, in connect
    return dialect.connect(*cargs, **cparams)
           ~~~~~~~~~~~~~~~^^^^^^^^^^^^^^^^^^^
  File "/Library/Frameworks/Python.framework/Versions/3.13/lib/python3.13/site-packages/sqlalchemy/engine/default.py", line 630, in connect
    return self.loaded_dbapi.connect(*cargs, **cparams)  # type: ignore[no-any-return]  # NOQA: E501
           ~~~~~~~~~~~~~~~~~~~~~~~~~^^^^^^^^^^^^^^^^^^^
  File "/Library/Frameworks/Python.framework/Versions/3.13/lib/python3.13/site-packages/psycopg2/__init__.py", line 122, in connect
    conn = _connect(dsn, connection_factory=connection_factory, **kwasync)
sqlalchemy.exc.OperationalError: (psycopg2.OperationalError) could not translate host name "myntreal-database.c5gywaicq6zu.ap-south-2.rds.amazonaws.com" to address: nodename nor servname provided, or not known

(Background on this error at: https://sqlalche.me/e/20/e3q8)

INFO:     127.0.0.1:50576 - "POST /api/v1/staff/auth/login HTTP/1.1" 500 Internal Server Error
[DC-STARTUP] ⚠️ MNR company default (non-fatal): (psycopg2.OperationalError) could not receive data from server: Operation timed out
SSL SYSCALL error: Operation timed out

(Background on this error at: https://sqlalche.me/e/20/e3q8)
[DC-SEGMENT-BACKFILL] ⚠️ Segment backfill (non-fatal): (psycopg2.OperationalError) could not translate host name "myntreal-database.c5gywaicq6zu.ap-south-2.rds.amazonaws.com" to address: nodename nor servname provided, or not known

(Background on this error at: https://sqlalche.me/e/20/e3q8)
[DC-STARTUP] ⚠️ Procurement nullable block (non-fatal): (psycopg2.OperationalError) could not translate host name "myntreal-database.c5gywaicq6zu.ap-south-2.rds.amazonaws.com" to address: nodename nor servname provided, or not known

(Background on this error at: https://sqlalche.me/e/20/e3q8)
[DC-STARTUP] ⚠️ Marketplace-ticket integration block (non-fatal): (psycopg2.OperationalError) could not translate host name "myntreal-database.c5gywaicq6zu.ap-south-2.rds.amazonaws.com" to address: nodename nor servname provided, or not known

(Background on this error at: https://sqlalche.me/e/20/e3q8)
[DC-STARTUP] ⚠️ Spare request payment/dispatch block (non-fatal): (psycopg2.OperationalError) could not translate host name "myntreal-database.c5gywaicq6zu.ap-south-2.rds.amazonaws.com" to address: nodename nor servname provided, or not known

(Background on this error at: https://sqlalche.me/e/20/e3q8)
[DC-STARTUP] ⚠️ Additional departments/seed block (non-fatal): (psycopg2.OperationalError) could not translate host name "myntreal-database.c5gywaicq6zu.ap-south-2.rds.amazonaws.com" to address: nodename nor servname provided, or not known

(Background on this error at: https://sqlalche.me/e/20/e3q8)
WARNING:root:[DC-SPARE-DEPT-001] non-fatal: (psycopg2.OperationalError) could not translate host name "myntreal-database.c5gywaicq6zu.ap-south-2.rds.amazonaws.com" to address: nodename nor servname provided, or not known

(Background on this error at: https://sqlalche.me/e/20/e3q8)
ERROR:app.core.exceptions:SQLAlchemy Error on GET /api/v1/staff/day-plans/day-progress: could not receive data from server: Operation timed out
SSL SYSCALL error: Operation timed out

ERROR:app.core.exceptions:Full traceback: Traceback (most recent call last):
  File "/Library/Frameworks/Python.framework/Versions/3.13/lib/python3.13/site-packages/sqlalchemy/engine/base.py", line 1967, in _exec_single_context
    self.dialect.do_execute(
    ~~~~~~~~~~~~~~~~~~~~~~~^
        cursor, str_statement, effective_parameters, context
        ^^^^^^^^^^^^^^^^^^^^^^^^^^^^^^^^^^^^^^^^^^^^^^^^^^^^
    )
    ^
  File "/Library/Frameworks/Python.framework/Versions/3.13/lib/python3.13/site-packages/sqlalchemy/engine/default.py", line 952, in do_execute
    cursor.execute(statement, parameters)
    ~~~~~~~~~~~~~~^^^^^^^^^^^^^^^^^^^^^^^
psycopg2.OperationalError: could not receive data from server: Operation timed out
SSL SYSCALL error: Operation timed out


The above exception was the direct cause of the following exception:

Traceback (most recent call last):
  File "/Library/Frameworks/Python.framework/Versions/3.13/lib/python3.13/site-packages/starlette/_exception_handler.py", line 42, in wrapped_app
    await app(scope, receive, sender)
  File "/Library/Frameworks/Python.framework/Versions/3.13/lib/python3.13/site-packages/fastapi/routing.py", line 105, in app
    response = await f(request)
               ^^^^^^^^^^^^^^^^
  File "/Library/Frameworks/Python.framework/Versions/3.13/lib/python3.13/site-packages/fastapi/routing.py", line 426, in app
    raw_response = await run_endpoint_function(
                   ^^^^^^^^^^^^^^^^^^^^^^^^^^^^
    ...<3 lines>...
    )
    ^
  File "/Library/Frameworks/Python.framework/Versions/3.13/lib/python3.13/site-packages/fastapi/routing.py", line 314, in run_endpoint_function
    return await run_in_threadpool(dependant.call, **values)
           ^^^^^^^^^^^^^^^^^^^^^^^^^^^^^^^^^^^^^^^^^^^^^^^^^
  File "/Library/Frameworks/Python.framework/Versions/3.13/lib/python3.13/site-packages/starlette/concurrency.py", line 32, in run_in_threadpool
    return await anyio.to_thread.run_sync(func)
           ^^^^^^^^^^^^^^^^^^^^^^^^^^^^^^^^^^^^
  File "/Library/Frameworks/Python.framework/Versions/3.13/lib/python3.13/site-packages/anyio/to_thread.py", line 61, in run_sync
    return await get_async_backend().run_sync_in_worker_thread(
           ^^^^^^^^^^^^^^^^^^^^^^^^^^^^^^^^^^^^^^^^^^^^^^^^^^^^
        func, args, abandon_on_cancel=abandon_on_cancel, limiter=limiter
        ^^^^^^^^^^^^^^^^^^^^^^^^^^^^^^^^^^^^^^^^^^^^^^^^^^^^^^^^^^^^^^^^
    )
    ^
  File "/Library/Frameworks/Python.framework/Versions/3.13/lib/python3.13/site-packages/anyio/_backends/_asyncio.py", line 2525, in run_sync_in_worker_thread
    return await future
           ^^^^^^^^^^^^
  File "/Library/Frameworks/Python.framework/Versions/3.13/lib/python3.13/site-packages/anyio/_backends/_asyncio.py", line 986, in run
    result = context.run(func, *args)
  File "/Users/viswanathkari/Documents/Mynt OS/MyntReal_Latest/backend/app/api/v1/endpoints/staff_day_plans.py", line 1582, in get_day_progress
    __within_tat = int(db.query(func.count(ServiceTicket.id)).filter(__base_f, ServiceTicket.status == 'Closed', func.date(ServiceTicket.closed_date) == target_date, ServiceTicket.tat_due_at.isnot(None), ServiceTicket.closed_date <= ServiceTicket.tat_due_at).scalar() or 0)
                       ~~~~~~~~~~~~~~~~~~~~~~~~~~~~~~~~~~~~~~~~~~~~~~~~~~~~~~~~~~~~~~~~~~~~~~~~~~~~~~~~~~~~~~~~~~~~~~~~~~~~~~~~~~~~~~~~~~~~~~~~~~~~~~~~~~~~~~~~~~~~~~~~~~~~~~~~~~~~~~~~~~~~~~~~~~~~~~~~~~~~~~~~~~~~~~~~~~~~~~~~~~~~~~~~~~~~~~~~~~~~~~~~~~~~~~~~~~~~~~~~~~^^
  File "/Library/Frameworks/Python.framework/Versions/3.13/lib/python3.13/site-packages/sqlalchemy/orm/query.py", line 2835, in scalar
    ret = self.one()
  File "/Library/Frameworks/Python.framework/Versions/3.13/lib/python3.13/site-packages/sqlalchemy/orm/query.py", line 2808, in one
    return self._iter().one()  # type: ignore
           ~~~~~~~~~~^^
  File "/Library/Frameworks/Python.framework/Versions/3.13/lib/python3.13/site-packages/sqlalchemy/orm/query.py", line 2857, in _iter
    result: Union[ScalarResult[_T], Result[_T]] = self.session.execute(
                                                  ~~~~~~~~~~~~~~~~~~~~^
        statement,
        ^^^^^^^^^^
        params,
        ^^^^^^^
        execution_options={"_sa_orm_load_options": self.load_options},
        ^^^^^^^^^^^^^^^^^^^^^^^^^^^^^^^^^^^^^^^^^^^^^^^^^^^^^^^^^^^^^^
    )
    ^
  File "/Library/Frameworks/Python.framework/Versions/3.13/lib/python3.13/site-packages/sqlalchemy/orm/session.py", line 2351, in execute
    return self._execute_internal(
           ~~~~~~~~~~~~~~~~~~~~~~^
        statement,
        ^^^^^^^^^^
    ...<4 lines>...
        _add_event=_add_event,
        ^^^^^^^^^^^^^^^^^^^^^^
    )
    ^
  File "/Library/Frameworks/Python.framework/Versions/3.13/lib/python3.13/site-packages/sqlalchemy/orm/session.py", line 2249, in _execute_internal
    result: Result[Any] = compile_state_cls.orm_execute_statement(
                          ~~~~~~~~~~~~~~~~~~~~~~~~~~~~~~~~~~~~~~~^
        self,
        ^^^^^
    ...<4 lines>...
        conn,
        ^^^^^
    )
    ^
  File "/Library/Frameworks/Python.framework/Versions/3.13/lib/python3.13/site-packages/sqlalchemy/orm/context.py", line 306, in orm_execute_statement
    result = conn.execute(
        statement, params or {}, execution_options=execution_options
    )
  File "/Library/Frameworks/Python.framework/Versions/3.13/lib/python3.13/site-packages/sqlalchemy/engine/base.py", line 1419, in execute
    return meth(
        self,
        distilled_parameters,
        execution_options or NO_OPTIONS,
    )
  File "/Library/Frameworks/Python.framework/Versions/3.13/lib/python3.13/site-packages/sqlalchemy/sql/elements.py", line 527, in _execute_on_connection
    return connection._execute_clauseelement(
           ~~~~~~~~~~~~~~~~~~~~~~~~~~~~~~~~~^
        self, distilled_params, execution_options
        ^^^^^^^^^^^^^^^^^^^^^^^^^^^^^^^^^^^^^^^^^
    )
    ^
  File "/Library/Frameworks/Python.framework/Versions/3.13/lib/python3.13/site-packages/sqlalchemy/engine/base.py", line 1641, in _execute_clauseelement
    ret = self._execute_context(
        dialect,
    ...<8 lines>...
        cache_hit=cache_hit,
    )
  File "/Library/Frameworks/Python.framework/Versions/3.13/lib/python3.13/site-packages/sqlalchemy/engine/base.py", line 1846, in _execute_context
    return self._exec_single_context(
           ~~~~~~~~~~~~~~~~~~~~~~~~~^
        dialect, context, statement, parameters
        ^^^^^^^^^^^^^^^^^^^^^^^^^^^^^^^^^^^^^^^
    )
    ^
  File "/Library/Frameworks/Python.framework/Versions/3.13/lib/python3.13/site-packages/sqlalchemy/engine/base.py", line 1986, in _exec_single_context
    self._handle_dbapi_exception(
    ~~~~~~~~~~~~~~~~~~~~~~~~~~~~^
        e, str_statement, effective_parameters, cursor, context
        ^^^^^^^^^^^^^^^^^^^^^^^^^^^^^^^^^^^^^^^^^^^^^^^^^^^^^^^
    )
    ^
  File "/Library/Frameworks/Python.framework/Versions/3.13/lib/python3.13/site-packages/sqlalchemy/engine/base.py", line 2363, in _handle_dbapi_exception
    raise sqlalchemy_exception.with_traceback(exc_info[2]) from e
  File "/Library/Frameworks/Python.framework/Versions/3.13/lib/python3.13/site-packages/sqlalchemy/engine/base.py", line 1967, in _exec_single_context
    self.dialect.do_execute(
    ~~~~~~~~~~~~~~~~~~~~~~~^
        cursor, str_statement, effective_parameters, context
        ^^^^^^^^^^^^^^^^^^^^^^^^^^^^^^^^^^^^^^^^^^^^^^^^^^^^
    )
    ^
  File "/Library/Frameworks/Python.framework/Versions/3.13/lib/python3.13/site-packages/sqlalchemy/engine/default.py", line 952, in do_execute
    cursor.execute(statement, parameters)
    ~~~~~~~~~~~~~~^^^^^^^^^^^^^^^^^^^^^^^
sqlalchemy.exc.OperationalError: (psycopg2.OperationalError) could not receive data from server: Operation timed out
SSL SYSCALL error: Operation timed out

[SQL: SELECT count(service_ticket.id) AS count_1 
FROM service_ticket 
WHERE (service_ticket.service_manager_id = %(service_manager_id_1)s OR service_ticket.service_technician_id = %(service_technician_id_1)s) AND service_ticket.status = %(status_1)s AND date(service_ticket.closed_date) = %(date_1)s AND service_ticket.tat_due_at IS NOT NULL AND service_ticket.closed_date <= service_ticket.tat_due_at]
[parameters: {'service_manager_id_1': 34, 'service_technician_id_1': 34, 'status_1': 'Closed', 'date_1': datetime.date(2026, 8, 26)}]
(Background on this error at: https://sqlalche.me/e/20/e3q8)

[DC-STARTUP] ⚠️ Service ticket warranty columns (non-fatal): (psycopg2.OperationalError) could not translate host name "myntreal-database.c5gywaicq6zu.ap-south-2.rds.amazonaws.com" to address: nodename nor servname provided, or not known

(Background on this error at: https://sqlalche.me/e/20/e3q8)
[DC-STARTUP] ⚠️ Spare request warranty columns (non-fatal): (psycopg2.OperationalError) could not translate host name "myntreal-database.c5gywaicq6zu.ap-south-2.rds.amazonaws.com" to address: nodename nor servname provided, or not known

(Background on this error at: https://sqlalche.me/e/20/e3q8)
[DC-STARTUP] ⚠️ Spare transactions table (non-fatal): (psycopg2.OperationalError) could not translate host name "myntreal-database.c5gywaicq6zu.ap-south-2.rds.amazonaws.com" to address: nodename nor servname provided, or not known

(Background on this error at: https://sqlalche.me/e/20/e3q8)
[DC-STARTUP] ⚠️ PO lifecycle columns (non-fatal): (psycopg2.OperationalError) could not translate host name "myntreal-database.c5gywaicq6zu.ap-south-2.rds.amazonaws.com" to address: nodename nor servname provided, or not known

(Background on this error at: https://sqlalche.me/e/20/e3q8)
WARNING:root:[MARKETPLACE] Staff perf/PO tables error (non-fatal): (psycopg2.OperationalError) could not translate host name "myntreal-database.c5gywaicq6zu.ap-south-2.rds.amazonaws.com" to address: nodename nor servname provided, or not known

(Background on this error at: https://sqlalche.me/e/20/e3q8)
[DC-IMG-FIX] Could not fix marketplace image URLs: (psycopg2.OperationalError) could not translate host name "myntreal-database.c5gywaicq6zu.ap-south-2.rds.amazonaws.com" to address: nodename nor servname provided, or not known

(Background on this error at: https://sqlalche.me/e/20/e3q8)
ERROR:root:[DC-SAFE-RUN] ❌ create_etc_tables raised OperationalError: (psycopg2.OperationalError) could not translate host name "myntreal-database.c5gywaicq6zu.ap-south-2.rds.amazonaws.com" to address: nodename nor servname provided, or not known

(Background on this error at: https://sqlalche.me/e/20/e3q8) — server continues in degraded mode
WARNING:root:[DC-NET-ASSIGN] Column migration failed: (psycopg2.OperationalError) could not translate host name "myntreal-database.c5gywaicq6zu.ap-south-2.rds.amazonaws.com" to address: nodename nor servname provided, or not known

(Background on this error at: https://sqlalche.me/e/20/e3q8)
[DC-WALLET-MIGRATION] ⚠️ Migration failed (non-fatal): (psycopg2.OperationalError) could not translate host name "myntreal-database.c5gywaicq6zu.ap-south-2.rds.amazonaws.com" to address: nodename nor servname provided, or not known

(Background on this error at: https://sqlalche.me/e/20/e3q8)
[DC-PROMO] ⚠️ create_promo_tables (non-fatal): (psycopg2.OperationalError) could not translate host name "myntreal-database.c5gywaicq6zu.ap-south-2.rds.amazonaws.com" to address: nodename nor servname provided, or not known

(Background on this error at: https://sqlalche.me/e/20/e3q8)
[DC-QBONUS] Migration failed: (psycopg2.OperationalError) could not translate host name "myntreal-database.c5gywaicq6zu.ap-south-2.rds.amazonaws.com" to address: nodename nor servname provided, or not known

(Background on this error at: https://sqlalche.me/e/20/e3q8)
[DC-VGK-PROMO] ⚠️ create_vgk_promo_tables (non-fatal): (psycopg2.OperationalError) could not translate host name "myntreal-database.c5gywaicq6zu.ap-south-2.rds.amazonaws.com" to address: nodename nor servname provided, or not known

(Background on this error at: https://sqlalche.me/e/20/e3q8)
[DC-VGK-PROMO] ⚠️ fix_vgk_promo_reason_code (non-fatal): (psycopg2.OperationalError) could not translate host name "myntreal-database.c5gywaicq6zu.ap-south-2.rds.amazonaws.com" to address: nodename nor servname provided, or not known

(Background on this error at: https://sqlalche.me/e/20/e3q8)
WARNING:root:[DC-CP-CARD] CP designation migration failed (non-fatal): (psycopg2.OperationalError) could not translate host name "myntreal-database.c5gywaicq6zu.ap-south-2.rds.amazonaws.com" to address: nodename nor servname provided, or not known

(Background on this error at: https://sqlalche.me/e/20/e3q8)
WARNING:root:[DC-GALLERY-001] Gallery schema migration failed (non-fatal): (psycopg2.OperationalError) could not translate host name "myntreal-database.c5gywaicq6zu.ap-south-2.rds.amazonaws.com" to address: nodename nor servname provided, or not known

(Background on this error at: https://sqlalche.me/e/20/e3q8)
[DC-VGK-SUPPORT] ⚠️  support confirmation schema failed (non-fatal): (psycopg2.OperationalError) could not translate host name "myntreal-database.c5gywaicq6zu.ap-south-2.rds.amazonaws.com" to address: nodename nor servname provided, or not known

(Background on this error at: https://sqlalche.me/e/20/e3q8)
[DC-VGK-DEMO] ⚠️  Scenario seed failed (non-fatal): (psycopg2.OperationalError) could not translate host name "myntreal-database.c5gywaicq6zu.ap-south-2.rds.amazonaws.com" to address: nodename nor servname provided, or not known

(Background on this error at: https://sqlalche.me/e/20/e3q8)
[DC-VGK4U-PARITY] ⚠️  app_settings VGK4U flags migration failed (non-fatal): (psycopg2.OperationalError) could not translate host name "myntreal-database.c5gywaicq6zu.ap-south-2.rds.amazonaws.com" to address: nodename nor servname provided, or not known

(Background on this error at: https://sqlalche.me/e/20/e3q8)
[DC-VGK4U-PARITY-MENU] ⚠️ VGK4U member menu seed failed (non-fatal): (psycopg2.OperationalError) could not translate host name "myntreal-database.c5gywaicq6zu.ap-south-2.rds.amazonaws.com" to address: nodename nor servname provided, or not known

(Background on this error at: https://sqlalche.me/e/20/e3q8)
[DC-VGK4U-PARITY-P2] ⚠️  app_settings Phase-2 flags migration failed (non-fatal): (psycopg2.OperationalError) could not translate host name "myntreal-database.c5gywaicq6zu.ap-south-2.rds.amazonaws.com" to address: nodename nor servname provided, or not known

(Background on this error at: https://sqlalche.me/e/20/e3q8)
WARNING:root:[DC-VGK4U-P2] Table vgk_kyc_documents failed (non-fatal): (psycopg2.OperationalError) could not translate host name "myntreal-database.c5gywaicq6zu.ap-south-2.rds.amazonaws.com" to address: nodename nor servname provided, or not known

(Background on this error at: https://sqlalche.me/e/20/e3q8)
WARNING:root:[DC-VGK4U-P2] Table vgk_kyc_blocking_log failed (non-fatal): (psycopg2.OperationalError) could not translate host name "myntreal-database.c5gywaicq6zu.ap-south-2.rds.amazonaws.com" to address: nodename nor servname provided, or not known

(Background on this error at: https://sqlalche.me/e/20/e3q8)
WARNING:root:[DC-VGK4U-P2] Table vgk_bank_details failed (non-fatal): (psycopg2.OperationalError) could not translate host name "myntreal-database.c5gywaicq6zu.ap-south-2.rds.amazonaws.com" to address: nodename nor servname provided, or not known

(Background on this error at: https://sqlalche.me/e/20/e3q8)
WARNING:root:[DC-VGK4U-P2] Table vgk_bank_details_approval failed (non-fatal): (psycopg2.OperationalError) could not translate host name "myntreal-database.c5gywaicq6zu.ap-south-2.rds.amazonaws.com" to address: nodename nor servname provided, or not known

(Background on this error at: https://sqlalche.me/e/20/e3q8)
WARNING:root:[DC-VGK4U-P2] Table vgk_feedback failed (non-fatal): (psycopg2.OperationalError) could not translate host name "myntreal-database.c5gywaicq6zu.ap-south-2.rds.amazonaws.com" to address: nodename nor servname provided, or not known

(Background on this error at: https://sqlalche.me/e/20/e3q8)
WARNING:root:[DC-VGK4U-P2] Table vgk_feedback_media failed (non-fatal): (psycopg2.OperationalError) could not translate host name "myntreal-database.c5gywaicq6zu.ap-south-2.rds.amazonaws.com" to address: nodename nor servname provided, or not known

(Background on this error at: https://sqlalche.me/e/20/e3q8)
WARNING:root:[DC-VGK4U-P2] Table vgk_feedback_approval failed (non-fatal): (psycopg2.OperationalError) could not translate host name "myntreal-database.c5gywaicq6zu.ap-south-2.rds.amazonaws.com" to address: nodename nor servname provided, or not known

(Background on this error at: https://sqlalche.me/e/20/e3q8)
WARNING:root:[DC-VGK4U-P2] Table vgk_announcements failed (non-fatal): (psycopg2.OperationalError) could not translate host name "myntreal-database.c5gywaicq6zu.ap-south-2.rds.amazonaws.com" to address: nodename nor servname provided, or not known

(Background on this error at: https://sqlalche.me/e/20/e3q8)
WARNING:root:[DC-VGK4U-P2] Table vgk_member_settings failed (non-fatal): (psycopg2.OperationalError) could not translate host name "myntreal-database.c5gywaicq6zu.ap-south-2.rds.amazonaws.com" to address: nodename nor servname provided, or not known

(Background on this error at: https://sqlalche.me/e/20/e3q8)
[DC-VGK4U-PARITY-P2] ✅ Phase-2 tables (kyc/bank/feedback/announcements/settings) created/verified
[DC-VGK4U-P2-MENU] ⚠️ Phase-2 menu seed failed (non-fatal): (psycopg2.OperationalError) could not translate host name "myntreal-database.c5gywaicq6zu.ap-south-2.rds.amazonaws.com" to address: nodename nor servname provided, or not known

(Background on this error at: https://sqlalche.me/e/20/e3q8)
ERROR:app.services.platform_b2b_seed:[DC-B2B-SEED] ❌ Phase 1 seed failed (non-fatal): (psycopg2.OperationalError) could not translate host name "myntreal-database.c5gywaicq6zu.ap-south-2.rds.amazonaws.com" to address: nodename nor servname provided, or not known

(Background on this error at: https://sqlalche.me/e/20/e3q8)
Traceback (most recent call last):
  File "/Library/Frameworks/Python.framework/Versions/3.13/lib/python3.13/site-packages/sqlalchemy/engine/base.py", line 143, in __init__
    self._dbapi_connection = engine.raw_connection()
                             ~~~~~~~~~~~~~~~~~~~~~^^
  File "/Library/Frameworks/Python.framework/Versions/3.13/lib/python3.13/site-packages/sqlalchemy/engine/base.py", line 3309, in raw_connection
    return self.pool.connect()
           ~~~~~~~~~~~~~~~~~^^
  File "/Library/Frameworks/Python.framework/Versions/3.13/lib/python3.13/site-packages/sqlalchemy/pool/base.py", line 447, in connect
    return _ConnectionFairy._checkout(self)
           ~~~~~~~~~~~~~~~~~~~~~~~~~~^^^^^^
  File "/Library/Frameworks/Python.framework/Versions/3.13/lib/python3.13/site-packages/sqlalchemy/pool/base.py", line 1264, in _checkout
    fairy = _ConnectionRecord.checkout(pool)
  File "/Library/Frameworks/Python.framework/Versions/3.13/lib/python3.13/site-packages/sqlalchemy/pool/base.py", line 716, in checkout
    with util.safe_reraise():
         ~~~~~~~~~~~~~~~~~^^
  File "/Library/Frameworks/Python.framework/Versions/3.13/lib/python3.13/site-packages/sqlalchemy/util/langhelpers.py", line 224, in __exit__
    raise exc_value.with_traceback(exc_tb)
  File "/Library/Frameworks/Python.framework/Versions/3.13/lib/python3.13/site-packages/sqlalchemy/pool/base.py", line 714, in checkout
    dbapi_connection = rec.get_connection()
  File "/Library/Frameworks/Python.framework/Versions/3.13/lib/python3.13/site-packages/sqlalchemy/pool/base.py", line 836, in get_connection
    self.__connect()
    ~~~~~~~~~~~~~~^^
  File "/Library/Frameworks/Python.framework/Versions/3.13/lib/python3.13/site-packages/sqlalchemy/pool/base.py", line 899, in __connect
    with util.safe_reraise():
         ~~~~~~~~~~~~~~~~~^^
  File "/Library/Frameworks/Python.framework/Versions/3.13/lib/python3.13/site-packages/sqlalchemy/util/langhelpers.py", line 224, in __exit__
    raise exc_value.with_traceback(exc_tb)
  File "/Library/Frameworks/Python.framework/Versions/3.13/lib/python3.13/site-packages/sqlalchemy/pool/base.py", line 895, in __connect
    self.dbapi_connection = connection = pool._invoke_creator(self)
                                         ~~~~~~~~~~~~~~~~~~~~^^^^^^
  File "/Library/Frameworks/Python.framework/Versions/3.13/lib/python3.13/site-packages/sqlalchemy/engine/create.py", line 661, in connect
    return dialect.connect(*cargs, **cparams)
           ~~~~~~~~~~~~~~~^^^^^^^^^^^^^^^^^^^
  File "/Library/Frameworks/Python.framework/Versions/3.13/lib/python3.13/site-packages/sqlalchemy/engine/default.py", line 630, in connect
    return self.loaded_dbapi.connect(*cargs, **cparams)  # type: ignore[no-any-return]  # NOQA: E501
           ~~~~~~~~~~~~~~~~~~~~~~~~~^^^^^^^^^^^^^^^^^^^
  File "/Library/Frameworks/Python.framework/Versions/3.13/lib/python3.13/site-packages/psycopg2/__init__.py", line 122, in connect
    conn = _connect(dsn, connection_factory=connection_factory, **kwasync)
psycopg2.OperationalError: could not translate host name "myntreal-database.c5gywaicq6zu.ap-south-2.rds.amazonaws.com" to address: nodename nor servname provided, or not known


The above exception was the direct cause of the following exception:

Traceback (most recent call last):
  File "/Users/viswanathkari/Documents/Mynt OS/MyntReal_Latest/backend/app/services/platform_b2b_seed.py", line 328, in run_full_b2b_phase1_seed
    summary["ddl_applied"] = apply_platform_b2b_ddl(db)
                             ~~~~~~~~~~~~~~~~~~~~~~^^^^
  File "/Users/viswanathkari/Documents/Mynt OS/MyntReal_Latest/backend/app/services/platform_b2b_seed.py", line 56, in apply_platform_b2b_ddl
    db.execute(text("""
    ~~~~~~~~~~^^^^^^^^^
        CREATE TABLE IF NOT EXISTS dc_migrations (
        ^^^^^^^^^^^^^^^^^^^^^^^^^^^^^^^^^^^^^^^^^^
    ...<2 lines>...
        )
        ^
    """))
    ^^^^^
  File "/Library/Frameworks/Python.framework/Versions/3.13/lib/python3.13/site-packages/sqlalchemy/orm/session.py", line 2351, in execute
    return self._execute_internal(
           ~~~~~~~~~~~~~~~~~~~~~~^
        statement,
        ^^^^^^^^^^
    ...<4 lines>...
        _add_event=_add_event,
        ^^^^^^^^^^^^^^^^^^^^^^
    )
    ^
  File "/Library/Frameworks/Python.framework/Versions/3.13/lib/python3.13/site-packages/sqlalchemy/orm/session.py", line 2239, in _execute_internal
    conn = self._connection_for_bind(bind)
  File "/Library/Frameworks/Python.framework/Versions/3.13/lib/python3.13/site-packages/sqlalchemy/orm/session.py", line 2108, in _connection_for_bind
    return trans._connection_for_bind(engine, execution_options)
           ~~~~~~~~~~~~~~~~~~~~~~~~~~^^^^^^^^^^^^^^^^^^^^^^^^^^^
  File "<string>", line 2, in _connection_for_bind
  File "/Library/Frameworks/Python.framework/Versions/3.13/lib/python3.13/site-packages/sqlalchemy/orm/state_changes.py", line 137, in _go
    ret_value = fn(self, *arg, **kw)
  File "/Library/Frameworks/Python.framework/Versions/3.13/lib/python3.13/site-packages/sqlalchemy/orm/session.py", line 1187, in _connection_for_bind
    conn = bind.connect()
  File "/Library/Frameworks/Python.framework/Versions/3.13/lib/python3.13/site-packages/sqlalchemy/engine/base.py", line 3285, in connect
    return self._connection_cls(self)
           ~~~~~~~~~~~~~~~~~~~~^^^^^^
  File "/Library/Frameworks/Python.framework/Versions/3.13/lib/python3.13/site-packages/sqlalchemy/engine/base.py", line 145, in __init__
    Connection._handle_dbapi_exception_noconnection(
    ~~~~~~~~~~~~~~~~~~~~~~~~~~~~~~~~~~~~~~~~~~~~~~~^
        err, dialect, engine
        ^^^^^^^^^^^^^^^^^^^^
    )
    ^
  File "/Library/Frameworks/Python.framework/Versions/3.13/lib/python3.13/site-packages/sqlalchemy/engine/base.py", line 2448, in _handle_dbapi_exception_noconnection
    raise sqlalchemy_exception.with_traceback(exc_info[2]) from e
  File "/Library/Frameworks/Python.framework/Versions/3.13/lib/python3.13/site-packages/sqlalchemy/engine/base.py", line 143, in __init__
    self._dbapi_connection = engine.raw_connection()
                             ~~~~~~~~~~~~~~~~~~~~~^^
  File "/Library/Frameworks/Python.framework/Versions/3.13/lib/python3.13/site-packages/sqlalchemy/engine/base.py", line 3309, in raw_connection
    return self.pool.connect()
           ~~~~~~~~~~~~~~~~~^^
  File "/Library/Frameworks/Python.framework/Versions/3.13/lib/python3.13/site-packages/sqlalchemy/pool/base.py", line 447, in connect
    return _ConnectionFairy._checkout(self)
           ~~~~~~~~~~~~~~~~~~~~~~~~~~^^^^^^
  File "/Library/Frameworks/Python.framework/Versions/3.13/lib/python3.13/site-packages/sqlalchemy/pool/base.py", line 1264, in _checkout
    fairy = _ConnectionRecord.checkout(pool)
  File "/Library/Frameworks/Python.framework/Versions/3.13/lib/python3.13/site-packages/sqlalchemy/pool/base.py", line 716, in checkout
    with util.safe_reraise():
         ~~~~~~~~~~~~~~~~~^^
  File "/Library/Frameworks/Python.framework/Versions/3.13/lib/python3.13/site-packages/sqlalchemy/util/langhelpers.py", line 224, in __exit__
    raise exc_value.with_traceback(exc_tb)
  File "/Library/Frameworks/Python.framework/Versions/3.13/lib/python3.13/site-packages/sqlalchemy/pool/base.py", line 714, in checkout
    dbapi_connection = rec.get_connection()
  File "/Library/Frameworks/Python.framework/Versions/3.13/lib/python3.13/site-packages/sqlalchemy/pool/base.py", line 836, in get_connection
    self.__connect()
    ~~~~~~~~~~~~~~^^
  File "/Library/Frameworks/Python.framework/Versions/3.13/lib/python3.13/site-packages/sqlalchemy/pool/base.py", line 899, in __connect
    with util.safe_reraise():
         ~~~~~~~~~~~~~~~~~^^
  File "/Library/Frameworks/Python.framework/Versions/3.13/lib/python3.13/site-packages/sqlalchemy/util/langhelpers.py", line 224, in __exit__
    raise exc_value.with_traceback(exc_tb)
  File "/Library/Frameworks/Python.framework/Versions/3.13/lib/python3.13/site-packages/sqlalchemy/pool/base.py", line 895, in __connect
    self.dbapi_connection = connection = pool._invoke_creator(self)
                                         ~~~~~~~~~~~~~~~~~~~~^^^^^^
  File "/Library/Frameworks/Python.framework/Versions/3.13/lib/python3.13/site-packages/sqlalchemy/engine/create.py", line 661, in connect
    return dialect.connect(*cargs, **cparams)
           ~~~~~~~~~~~~~~~^^^^^^^^^^^^^^^^^^^
  File "/Library/Frameworks/Python.framework/Versions/3.13/lib/python3.13/site-packages/sqlalchemy/engine/default.py", line 630, in connect
    return self.loaded_dbapi.connect(*cargs, **cparams)  # type: ignore[no-any-return]  # NOQA: E501
           ~~~~~~~~~~~~~~~~~~~~~~~~~^^^^^^^^^^^^^^^^^^^
  File "/Library/Frameworks/Python.framework/Versions/3.13/lib/python3.13/site-packages/psycopg2/__init__.py", line 122, in connect
    conn = _connect(dsn, connection_factory=connection_factory, **kwasync)
sqlalchemy.exc.OperationalError: (psycopg2.OperationalError) could not translate host name "myntreal-database.c5gywaicq6zu.ap-south-2.rds.amazonaws.com" to address: nodename nor servname provided, or not known

(Background on this error at: https://sqlalche.me/e/20/e3q8)
WARNING:app.services.ai_kb_company_seed:[AI_KB_COMPANY] Seed warning (non-fatal): (psycopg2.OperationalError) could not translate host name "myntreal-database.c5gywaicq6zu.ap-south-2.rds.amazonaws.com" to address: nodename nor servname provided, or not known

(Background on this error at: https://sqlalche.me/e/20/e3q8)
[DC-STARTUP] ⚠️ valid_break_type constraint migration (non-fatal): (psycopg2.OperationalError) could not translate host name "myntreal-database.c5gywaicq6zu.ap-south-2.rds.amazonaws.com" to address: nodename nor servname provided, or not known

(Background on this error at: https://sqlalche.me/e/20/e3q8)
[DC-STARTUP] ⚠️ Task-26: valid_ticket_status migration (non-fatal): (psycopg2.OperationalError) could not translate host name "myntreal-database.c5gywaicq6zu.ap-south-2.rds.amazonaws.com" to address: nodename nor servname provided, or not known

(Background on this error at: https://sqlalche.me/e/20/e3q8)
[DC-STARTUP] ⚠️ DC-PROC-RETURN-001: procurement return migration (non-fatal): (psycopg2.OperationalError) could not translate host name "myntreal-database.c5gywaicq6zu.ap-south-2.rds.amazonaws.com" to address: nodename nor servname provided, or not known

(Background on this error at: https://sqlalche.me/e/20/e3q8)
[DC-STARTUP] ⚠️ DC-STOCK-CAT-001: stock_item_category_check drop (non-fatal): (psycopg2.OperationalError) could not translate host name "myntreal-database.c5gywaicq6zu.ap-south-2.rds.amazonaws.com" to address: nodename nor servname provided, or not known

(Background on this error at: https://sqlalche.me/e/20/e3q8)
[DC_DAR_003] ⚠️ (psycopg2.OperationalError) could not translate host name "myntreal-database.c5gywaicq6zu.ap-south-2.rds.amazonaws.com" to address: nodename nor servname provided, or not known

(Background on this error at: https://sqlalche.me/e/20/e3q8)
🔄 Verifying schema integrity...
   ⚠️  Constraint fix warning for valid_account_status_expansion: (psycopg2.OperationalError) could not translate host name "myntreal-database.c5gywaicq6zu.ap-south-2
   ⚠️  Constraint fix warning for task_activity_action_expansion: (psycopg2.OperationalError) could not translate host name "myntreal-database.c5gywaicq6zu.ap-south-2
   ⚠️  Constraint fix warning for valid_source_gps_expansion: (psycopg2.OperationalError) could not translate host name "myntreal-database.c5gywaicq6zu.ap-south-2
   ⚠️  Batch pre-check failed ((psycopg2.OperationalError) could not translate host name "myntreal-database.c5g), falling back to sequential checks
   ⚠️  Migration warning for staff_employees.base_company_id: (psycopg2.OperationalError) could not translate host name "myntreal-database.c5gywaicq6zu.ap-south-2
   ⚠️  Migration warning for idx_staff_employees_base_company_id: (psycopg2.OperationalError) could not translate host name "myntreal-database.c5gywaicq6zu.ap-south-2
   ⚠️  Migration warning for staff_employees.data_companies: (psycopg2.OperationalError) could not translate host name "myntreal-database.c5gywaicq6zu.ap-south-2
   ⚠️  Migration warning for rd_properties.hidden_fields: (psycopg2.OperationalError) could not translate host name "myntreal-database.c5gywaicq6zu.ap-south-2
   ⚠️  Migration warning for rd_properties.property_options: (psycopg2.OperationalError) could not translate host name "myntreal-database.c5gywaicq6zu.ap-south-2
   ⚠️  Migration warning for crm_leads.deal_value_total: (psycopg2.OperationalError) could not translate host name "myntreal-database.c5gywaicq6zu.ap-south-2
   ⚠️  Migration warning for crm_leads.deal_value_received: (psycopg2.OperationalError) could not translate host name "myntreal-database.c5gywaicq6zu.ap-south-2
   ⚠️  Migration warning for crm_leads.deal_value_balance: (psycopg2.OperationalError) could not translate host name "myntreal-database.c5gywaicq6zu.ap-south-2
   ⚠️  Migration warning for ticket_log.staff_performer_id: (psycopg2.OperationalError) could not translate host name "myntreal-database.c5gywaicq6zu.ap-south-2
   ⚠️  Migration warning for ticket_attachment.is_scanned: (psycopg2.OperationalError) could not translate host name "myntreal-database.c5gywaicq6zu.ap-south-2
   ⚠️  Migration warning for ticket_attachment.scan_status: (psycopg2.OperationalError) could not translate host name "myntreal-database.c5gywaicq6zu.ap-south-2
   ⚠️  Migration warning for ticket_attachment.download_filename: (psycopg2.OperationalError) could not translate host name "myntreal-database.c5gywaicq6zu.ap-south-2
   ⚠️  Migration warning for ticket_attachment.uses_new_naming: (psycopg2.OperationalError) could not translate host name "myntreal-database.c5gywaicq6zu.ap-south-2
   ⚠️  Migration warning for staff_attendance.gps_status: (psycopg2.OperationalError) could not translate host name "myntreal-database.c5gywaicq6zu.ap-south-2
   ⚠️  Migration warning for staff_attendance.gps_status_reason: (psycopg2.OperationalError) could not translate host name "myntreal-database.c5gywaicq6zu.ap-south-2
   ⚠️  Migration warning for staff_attendance.gps_status_at: (psycopg2.OperationalError) could not translate host name "myntreal-database.c5gywaicq6zu.ap-south-2
   ⚠️  Migration warning for staff_attendance.last_gps_at: (psycopg2.OperationalError) could not translate host name "myntreal-database.c5gywaicq6zu.ap-south-2
   ⚠️  Migration warning for staff_attendance.last_battery_pct: (psycopg2.OperationalError) could not translate host name "myntreal-database.c5gywaicq6zu.ap-south-2
   ⚠️  Migration warning for message_log.read_at: (psycopg2.OperationalError) could not translate host name "myntreal-database.c5gywaicq6zu.ap-south-2
   ⚠️  Migration warning for dynamic_bonanza_reward.criteria_type: (psycopg2.OperationalError) could not translate host name "myntreal-database.c5gywaicq6zu.ap-south-2
   ⚠️  Migration warning for dynamic_bonanza_reward.criteria_value: (psycopg2.OperationalError) could not translate host name "myntreal-database.c5gywaicq6zu.ap-south-2
   ⚠️  Migration warning for dynamic_bonanza_reward.criteria_operator: (psycopg2.OperationalError) could not translate host name "myntreal-database.c5gywaicq6zu.ap-south-2
   ⚠️  Migration warning for dynamic_bonanza_reward.reward_amount: (psycopg2.OperationalError) could not translate host name "myntreal-database.c5gywaicq6zu.ap-south-2
   ⚠️  Migration warning for dynamic_bonanza_reward.award_name: (psycopg2.OperationalError) could not translate host name "myntreal-database.c5gywaicq6zu.ap-south-2
   ⚠️  Migration warning for dynamic_bonanza_reward.award_image: (psycopg2.OperationalError) could not translate host name "myntreal-database.c5gywaicq6zu.ap-south-2
   ⚠️  Migration warning for dynamic_bonanza_reward.is_monetary: (psycopg2.OperationalError) could not translate host name "myntreal-database.c5gywaicq6zu.ap-south-2
   ⚠️  Migration warning for dynamic_bonanza_reward.budget_amount: (psycopg2.OperationalError) could not translate host name "myntreal-database.c5gywaicq6zu.ap-south-2
   ⚠️  Migration warning for dynamic_bonanza_reward.max_recipients: (psycopg2.OperationalError) could not translate host name "myntreal-database.c5gywaicq6zu.ap-south-2
   ⚠️  Migration warning for dynamic_bonanza_reward.current_recipients: (psycopg2.OperationalError) could not translate host name "myntreal-database.c5gywaicq6zu.ap-south-2
   ⚠️  Migration warning for crm_lead_transactions.revenue_category_id: (psycopg2.OperationalError) could not translate host name "myntreal-database.c5gywaicq6zu.ap-south-2
   ⚠️  Migration warning for crm_lead_transactions.deal_id: (psycopg2.OperationalError) could not translate host name "myntreal-database.c5gywaicq6zu.ap-south-2
   ⚠️  Migration warning for income_entries.revenue_category_id: (psycopg2.OperationalError) could not translate host name "myntreal-database.c5gywaicq6zu.ap-south-2
   ⚠️  Migration warning for income_entries.crm_transaction_id: (psycopg2.OperationalError) could not translate host name "myntreal-database.c5gywaicq6zu.ap-south-2
   ⚠️  Migration warning for crm_lead_transactions.income_entry_id: (psycopg2.OperationalError) could not translate host name "myntreal-database.c5gywaicq6zu.ap-south-2
   ⚠️  Migration warning for income_entries.lead_id: (psycopg2.OperationalError) could not translate host name "myntreal-database.c5gywaicq6zu.ap-south-2
   ⚠️  Migration warning for income_entries.lead_owner_id: (psycopg2.OperationalError) could not translate host name "myntreal-database.c5gywaicq6zu.ap-south-2
   ⚠️  Migration warning for income_entries.collected_by_id: (psycopg2.OperationalError) could not translate host name "myntreal-database.c5gywaicq6zu.ap-south-2
   ⚠️  Migration warning for income_entries.payer_city: (psycopg2.OperationalError) could not translate host name "myntreal-database.c5gywaicq6zu.ap-south-2
   ⚠️  Migration warning for income_entries.payer_state: (psycopg2.OperationalError) could not translate host name "myntreal-database.c5gywaicq6zu.ap-south-2
   ⚠️  Migration warning for income_entries.transaction_type: (psycopg2.OperationalError) could not translate host name "myntreal-database.c5gywaicq6zu.ap-south-2
   ⚠️  Migration warning for income_entries.confirmed_by_id: (psycopg2.OperationalError) could not translate host name "myntreal-database.c5gywaicq6zu.ap-south-2
   ⚠️  Migration warning for income_entries.confirmed_at: (psycopg2.OperationalError) could not translate host name "myntreal-database.c5gywaicq6zu.ap-south-2
   ⚠️  Migration warning for crm_lead_deals.deal_code: (psycopg2.OperationalError) could not translate host name "myntreal-database.c5gywaicq6zu.ap-south-2
   ⚠️  Migration warning for crm_lead_deals.deal_fy_seq: (psycopg2.OperationalError) could not translate host name "myntreal-database.c5gywaicq6zu.ap-south-2
   ⚠️  Migration warning for crm_lead_deals.deal_date: (psycopg2.OperationalError) could not translate host name "myntreal-database.c5gywaicq6zu.ap-south-2
   ⚠️  Migration warning for crm_lead_deals.notes: (psycopg2.OperationalError) could not translate host name "myntreal-database.c5gywaicq6zu.ap-south-2
   ⚠️  Migration warning for pending_income.matching_contributors_snapshot: (psycopg2.OperationalError) could not translate host name "myntreal-database.c5gywaicq6zu.ap-south-2
   ⚠️  Migration warning for staff_employees.call_tracking_enabled: (psycopg2.OperationalError) could not translate host name "myntreal-database.c5gywaicq6zu.ap-south-2
   ⚠️  Migration warning for staff_tasks.contact_phone: (psycopg2.OperationalError) could not translate host name "myntreal-database.c5gywaicq6zu.ap-south-2
   ⚠️  Migration warning for staff_tasks.contact_person_name: (psycopg2.OperationalError) could not translate host name "myntreal-database.c5gywaicq6zu.ap-south-2
   ⚠️  Migration warning for staff_task_phases.contact_phone: (psycopg2.OperationalError) could not translate host name "myntreal-database.c5gywaicq6zu.ap-south-2
   ⚠️  Migration warning for staff_task_phases.contact_person_name: (psycopg2.OperationalError) could not translate host name "myntreal-database.c5gywaicq6zu.ap-south-2
   ⚠️  Migration warning for staff_call_recordings_table: (psycopg2.OperationalError) could not translate host name "myntreal-database.c5gywaicq6zu.ap-south-2
   ⚠️  Migration warning for staff_call_logs.has_recording: (psycopg2.OperationalError) could not translate host name "myntreal-database.c5gywaicq6zu.ap-south-2
   ⚠️  Migration warning for staff_call_logs.recording_id: (psycopg2.OperationalError) could not translate host name "myntreal-database.c5gywaicq6zu.ap-south-2
   ⚠️  Migration warning for staff_call_logs.contact_name: (psycopg2.OperationalError) could not translate host name "myntreal-database.c5gywaicq6zu.ap-south-2
   ⚠️  Migration warning for service_ticket_spare_request.is_custom: (psycopg2.OperationalError) could not translate host name "myntreal-database.c5gywaicq6zu.ap-south-2
   ⚠️  Migration warning for service_ticket_spare_request.original_item_name: (psycopg2.OperationalError) could not translate host name "myntreal-database.c5gywaicq6zu.ap-south-2
   ⚠️  Migration warning for service_ticket_spare_request.verified_by_id: (psycopg2.OperationalError) could not translate host name "myntreal-database.c5gywaicq6zu.ap-south-2
   ⚠️  Migration warning for service_ticket_spare_request.verified_at: (psycopg2.OperationalError) could not translate host name "myntreal-database.c5gywaicq6zu.ap-south-2
   ⚠️  Migration warning for service_ticket_spare_request.verification_notes: (psycopg2.OperationalError) could not translate host name "myntreal-database.c5gywaicq6zu.ap-south-2
   ⚠️  Migration warning for staff_attendance.activity_minutes_total: (psycopg2.OperationalError) could not translate host name "myntreal-database.c5gywaicq6zu.ap-south-2
   ⚠️  Migration warning for staff_attendance.kra_minutes: (psycopg2.OperationalError) could not translate host name "myntreal-database.c5gywaicq6zu.ap-south-2
   ⚠️  Migration warning for staff_attendance.task_minutes: (psycopg2.OperationalError) could not translate host name "myntreal-database.c5gywaicq6zu.ap-south-2
   ⚠️  Migration warning for staff_attendance.dayplan_minutes: (psycopg2.OperationalError) could not translate host name "myntreal-database.c5gywaicq6zu.ap-south-2
   ⚠️  Migration warning for staff_attendance.lead_minutes: (psycopg2.OperationalError) could not translate host name "myntreal-database.c5gywaicq6zu.ap-south-2
   ⚠️  Migration warning for staff_attendance.ticket_minutes: (psycopg2.OperationalError) could not translate host name "myntreal-database.c5gywaicq6zu.ap-south-2
   ⚠️  Migration warning for staff_attendance.journey_minutes: (psycopg2.OperationalError) could not translate host name "myntreal-database.c5gywaicq6zu.ap-south-2
   ⚠️  Migration warning for staff_attendance.custom_minutes: (psycopg2.OperationalError) could not translate host name "myntreal-database.c5gywaicq6zu.ap-south-2
   ⚠️  Migration warning for staff_day_plan_items.time_spent_minutes: (psycopg2.OperationalError) could not translate host name "myntreal-database.c5gywaicq6zu.ap-south-2
   ⚠️  Migration warning for staff_activity_time_log_table: (psycopg2.OperationalError) could not translate host name "myntreal-database.c5gywaicq6zu.ap-south-2
   ⚠️  Migration warning for idx_activity_time_emp_date: (psycopg2.OperationalError) could not translate host name "myntreal-database.c5gywaicq6zu.ap-south-2
   ⚠️  Migration warning for idx_activity_time_source: (psycopg2.OperationalError) could not translate host name "myntreal-database.c5gywaicq6zu.ap-south-2
   ⚠️  Migration warning for staff_activity_time_log.approval_status: (psycopg2.OperationalError) could not translate host name "myntreal-database.c5gywaicq6zu.ap-south-2
   ⚠️  Migration warning for staff_activity_time_log.approved_minutes: (psycopg2.OperationalError) could not translate host name "myntreal-database.c5gywaicq6zu.ap-south-2
   ⚠️  Migration warning for staff_activity_time_log.approved_by: (psycopg2.OperationalError) could not translate host name "myntreal-database.c5gywaicq6zu.ap-south-2
   ⚠️  Migration warning for staff_activity_time_log.approved_at: (psycopg2.OperationalError) could not translate host name "myntreal-database.c5gywaicq6zu.ap-south-2
   ⚠️  Migration warning for staff_activity_time_log.rejection_reason: (psycopg2.OperationalError) could not translate host name "myntreal-database.c5gywaicq6zu.ap-south-2
   ⚠️  Migration warning for staff_timesheet_entries.approved_minutes: (psycopg2.OperationalError) could not translate host name "myntreal-database.c5gywaicq6zu.ap-south-2
   ⚠️  Column type fix warning for scheduler_log status columns VARCHAR(20) → VARCHAR(100): (psycopg2.OperationalError) could not translate host name "myntreal-database.c5gywaicq6zu.ap-south-2
   ⚠️  Constraint fix warning for income_status_check_v2: (psycopg2.OperationalError) could not translate host name "myntreal-database.c5gywaicq6zu.ap-south-2
   ⚠️  FK repoint warning for crm_lead_deals.revenue_category_id -> signup_categories: (psycopg2.OperationalError) could not translate host name "myntreal-database.c5gywaicq6zu.ap-south-2
   ⚠️  FK repoint warning for crm_lead_transactions.revenue_category_id -> signup_categories: (psycopg2.OperationalError) could not translate host name "myntreal-database.c5gywaicq6zu.ap-south-2
   ⚠️  FK repoint warning for income_entries.revenue_category_id -> signup_categories: (psycopg2.OperationalError) could not translate host name "myntreal-database.c5gywaicq6zu.ap-south-2
   ⚠️  Constraint fix warning for valid_criteria_type: (psycopg2.OperationalError) could not translate host name "myntreal-database.c5gywaicq6zu.ap-south-2
   ⚠️  Constraint fix warning for valid_criteria_operator: (psycopg2.OperationalError) could not translate host name "myntreal-database.c5gywaicq6zu.ap-south-2
   ⚠️  Constraint fix warning for valid_reward_type_bonanza: (psycopg2.OperationalError) could not translate host name "myntreal-database.c5gywaicq6zu.ap-south-2
   ⚠️  Constraint fix warning for positive_or_null_reward_amount: (psycopg2.OperationalError) could not translate host name "myntreal-database.c5gywaicq6zu.ap-south-2
   ⚠️  Constraint fix warning for positive_criteria_value: (psycopg2.OperationalError) could not translate host name "myntreal-database.c5gywaicq6zu.ap-south-2
   ⚠️  Index migration warning for uq_income_entry_company_number: (psycopg2.OperationalError) could not translate host name "myntreal-database.c5gywaicq6zu.ap-south-2.rds.amazonaws.com" to address: nodename nor servn
   ⚠️  Index migration warning for uq_expense_entry_company_number: (psycopg2.OperationalError) could not translate host name "myntreal-database.c5gywaicq6zu.ap-south-2.rds.amazonaws.com" to address: nodename nor servn
   ⚠️  Migration warning for income_entries.payment_type: (psycopg2.OperationalError) could not translate host name "myntreal-database.c5gywaicq6zu.ap-south-2
   ⚠️  Migration warning for sales_invoices.document_type: (psycopg2.OperationalError) could not translate host name "myntreal-database.c5gywaicq6zu.ap-south-2ERROR:root:[DC-INIT-DB] init_db() failed (non-fatal): (psycopg2.OperationalError) could not translate host name "myntreal-database.c5gywaicq6zu.ap-south-2.rds.amazonaws.com" to address: nodename nor servname provided, or not known

(Background on this error at: https://sqlalche.me/e/20/e3q8)
WARNING:root:[DC-MARKET-FLOOR] Migration error (non-fatal): (psycopg2.OperationalError) could not translate host name "myntreal-database.c5gywaicq6zu.ap-south-2.rds.amazonaws.com" to address: nodename nor servname provided, or not known

(Background on this error at: https://sqlalche.me/e/20/e3q8)
WARNING:root:[CT-TZ-FIX] Timezone migration failed (non-fatal): (psycopg2.OperationalError) could not translate host name "myntreal-database.c5gywaicq6zu.ap-south-2.rds.amazonaws.com" to address: nodename nor servname provided, or not known

(Background on this error at: https://sqlalche.me/e/20/e3q8)

   ⚠️  Migration warning for sales_invoices.billing_company_id: (psycopg2.OperationalError) could not translate host name "myntreal-database.c5gywaicq6zu.ap-south-2
   ⚠️  Migration warning for sales_invoices.coupon_code: (psycopg2.OperationalError) could not translate host name "myntreal-database.c5gywaicq6zu.ap-south-2
   ⚠️  Migration warning for sales_invoices.coupon_discount_pct: (psycopg2.OperationalError) could not translate host name "myntreal-database.c5gywaicq6zu.ap-south-2
   ⚠️  Migration warning for sales_invoices.coupon_discount_amount: (psycopg2.OperationalError) could not translate host name "myntreal-database.c5gywaicq6zu.ap-south-2
   ⚠️  Migration warning for sales_invoices.manual_discount_amount: (psycopg2.OperationalError) could not translate host name "myntreal-database.c5gywaicq6zu.ap-south-2
   ⚠️  Migration warning for sales_invoices.manual_discount_note: (psycopg2.OperationalError) could not translate host name "myntreal-database.c5gywaicq6zu.ap-south-2
   ⚠️  Migration warning for sales_invoices.net_payable: (psycopg2.OperationalError) could not translate host name "myntreal-database.c5gywaicq6zu.ap-south-2
   ⚠️  Migration warning for income_entries.is_deleted: (psycopg2.OperationalError) could not translate host name "myntreal-database.c5gywaicq6zu.ap-south-2
   ⚠️  Migration warning for income_entries.deleted_by_id: (psycopg2.OperationalError) could not translate host name "myntreal-database.c5gywaicq6zu.ap-south-2
   ⚠️  Migration warning for income_entries.deleted_at: (psycopg2.OperationalError) could not translate host name "myntreal-database.c5gywaicq6zu.ap-south-2
   ⚠️  Migration warning for idx_income_entries_is_deleted: (psycopg2.OperationalError) could not translate host name "myntreal-database.c5gywaicq6zu.ap-south-2
   ⚠️  Migration warning for associated_companies.phone: (psycopg2.OperationalError) could not translate host name "myntreal-database.c5gywaicq6zu.ap-south-2
   ⚠️  Migration warning for associated_companies.email: (psycopg2.OperationalError) could not translate host name "myntreal-database.c5gywaicq6zu.ap-south-2
   ⚠️  Migration warning for associated_companies.website: (psycopg2.OperationalError) could not translate host name "myntreal-database.c5gywaicq6zu.ap-south-2
[DC-CRM-INDEX] Index skipped (non-fatal): (psycopg2.OperationalError) could not translate host name "myntreal-database.c5gywaicq6zu.ap-south-2.rds.amazonaws.com" to address: nodename nor servname provided, or not known

(Background on this error at: https://sqlalche.me/e/20/e3q8)
[DC-NDA-LOGO-FIX-001] ⚠️ NDA logo fix (non-fatal): (psycopg2.OperationalError) could not translate host name "myntreal-database.c5gywaicq6zu.ap-south-2.rds.amazonaws.com" to address: nodename nor servname provided, or not known

(Background on this error at: https://sqlalche.me/e/20/e3q8)
[DC-AGREEMENT-TYPE-001] ⚠️ Migration (non-fatal): (psycopg2.OperationalError) could not translate host name "myntreal-database.c5gywaicq6zu.ap-south-2.rds.amazonaws.com" to address: nodename nor servname provided, or not known

(Background on this error at: https://sqlalche.me/e/20/e3q8)
[DC-FB-PAGES] Skipped (non-fatal): (psycopg2.OperationalError) could not translate host name "myntreal-database.c5gywaicq6zu.ap-south-2.rds.amazonaws.com" to address: nodename nor servname provided, or not known

(Background on this error at: https://sqlalche.me/e/20/e3q8)
[PHASE-2] Skipped table init (non-fatal): (psycopg2.OperationalError) could not translate host name "myntreal-database.c5gywaicq6zu.ap-south-2.rds.amazonaws.com" to address: nodename nor servname provided, or not known

(Background on this error at: https://sqlalche.me/e/20/e3q8)
[DC-MEDIA-THUMB] Skipped (non-fatal): (psycopg2.OperationalError) could not translate host name "myntreal-database.c5gywaicq6zu.ap-south-2.rds.amazonaws.com" to address: nodename nor servname provided, or not known

(Background on this error at: https://sqlalche.me/e/20/e3q8)
[DC-TICKET-MEDIA] Skipped (non-fatal): (psycopg2.OperationalError) could not translate host name "myntreal-database.c5gywaicq6zu.ap-south-2.rds.amazonaws.com" to address: nodename nor servname provided, or not known

(Background on this error at: https://sqlalche.me/e/20/e3q8)
[DC-TICKET-ATTACH] Skipped (non-fatal): (psycopg2.OperationalError) could not translate host name "myntreal-database.c5gywaicq6zu.ap-south-2.rds.amazonaws.com" to address: nodename nor servname provided, or not known

(Background on this error at: https://sqlalche.me/e/20/e3q8)
[DC-TICKET-ATTACH-PS] Skipped (non-fatal): (psycopg2.OperationalError) could not translate host name "myntreal-database.c5gywaicq6zu.ap-south-2.rds.amazonaws.com" to address: nodename nor servname provided, or not known

(Background on this error at: https://sqlalche.me/e/20/e3q8)
[DC-CAT-PRIORITY] Skipped (non-fatal): (psycopg2.OperationalError) could not translate host name "myntreal-database.c5gywaicq6zu.ap-south-2.rds.amazonaws.com" to address: nodename nor servname provided, or not known

(Background on this error at: https://sqlalche.me/e/20/e3q8)
ERROR:app.services.sidebar_sync_service:[DC-PDF-CANONICAL-DDL] Fatal error: (psycopg2.OperationalError) could not translate host name "myntreal-database.c5gywaicq6zu.ap-south-2.rds.amazonaws.com" to address: nodename nor servname provided, or not known

(Background on this error at: https://sqlalche.me/e/20/e3q8)
[DC-PDF-CANONICAL-DDL] ✅ Table+seed complete: False
ERROR:app.services.sidebar_sync_service:[DC-CANONICAL-SEED] Error seeding canonical routes: (psycopg2.OperationalError) could not translate host name "myntreal-database.c5gywaicq6zu.ap-south-2.rds.amazonaws.com" to address: nodename nor servname provided, or not known

(Background on this error at: https://sqlalche.me/e/20/e3q8)
[DC-CANONICAL-SEED] ✅ 0 routes seeded
ERROR:app.services.sidebar_sync_service:[DC-SIDEBAR-SYNC] Error: (psycopg2.OperationalError) could not translate host name "myntreal-database.c5gywaicq6zu.ap-south-2.rds.amazonaws.com" to address: nodename nor servname provided, or not known

(Background on this error at: https://sqlalche.me/e/20/e3q8)
[DC-SIDEBAR-SYNC] ✅ False
[DC-TESTING-SCHEMA-CLEANUP-001] ⚠️ (psycopg2.OperationalError) could not translate host name "myntreal-database.c5gywaicq6zu.ap-south-2.rds.amazonaws.com" to address: nodename nor servname provided, or not known

(Background on this error at: https://sqlalche.me/e/20/e3q8)
ERROR:root:[DC-SELF-LEAD] (psycopg2.OperationalError) could not translate host name "myntreal-database.c5gywaicq6zu.ap-south-2.rds.amazonaws.com" to address: nodename nor servname provided, or not known

(Background on this error at: https://sqlalche.me/e/20/e3q8)
WARNING:app.api.v1.endpoints.staff_menu_settings:[DC-PERM-DEACT] Could not deactivate dead routes: (psycopg2.OperationalError) could not translate host name "myntreal-database.c5gywaicq6zu.ap-south-2.rds.amazonaws.com" to address: nodename nor servname provided, or not known

(Background on this error at: https://sqlalche.me/e/20/e3q8)
ERROR:app.api.v1.endpoints.staff_menu_settings:[DC-MENU-DISCOVERY] Sync failed: (psycopg2.OperationalError) could not translate host name "myntreal-database.c5gywaicq6zu.ap-south-2.rds.amazonaws.com" to address: nodename nor servname provided, or not known

(Background on this error at: https://sqlalche.me/e/20/e3q8)
WARNING:root:[DC-STARTUP] Canonical menu sync failed (non-fatal): (psycopg2.OperationalError) could not translate host name "myntreal-database.c5gywaicq6zu.ap-south-2.rds.amazonaws.com" to address: nodename nor servname provided, or not known

(Background on this error at: https://sqlalche.me/e/20/e3q8)
WARNING:root:[DC-STARTUP] Bulk menu repair failed (non-fatal): (psycopg2.OperationalError) could not translate host name "myntreal-database.c5gywaicq6zu.ap-south-2.rds.amazonaws.com" to address: nodename nor servname provided, or not known

(Background on this error at: https://sqlalche.me/e/20/e3q8)
ERROR:app.services.mnr_sfms_integration_service:[MNR-SFMS] Failed to initialize: (psycopg2.OperationalError) could not translate host name "myntreal-database.c5gywaicq6zu.ap-south-2.rds.amazonaws.com" to address: nodename nor servname provided, or not known

(Background on this error at: https://sqlalche.me/e/20/e3q8)
WARNING:root:[DC-STARTUP] Schema migration failed (non-fatal): ALTER TABLE service_ticket_spare_request ADD COLUMN IF NOT E… — (psycopg2.OperationalError) could not translate host name "myntreal-database.c5gywaicq6zu.ap-south-2.rds.amazonaws.com" to address: nodename nor servname provided, or not known

(Background on this error at: https://sqlalche.me/e/20/e3q8)
WARNING:root:[DC-STARTUP] Schema migration failed (non-fatal): ALTER TABLE service_ticket_spare_request ADD COLUMN IF NOT E… — (psycopg2.OperationalError) could not translate host name "myntreal-database.c5gywaicq6zu.ap-south-2.rds.amazonaws.com" to address: nodename nor servname provided, or not known

(Background on this error at: https://sqlalche.me/e/20/e3q8)
WARNING:root:[DC-STARTUP] Schema migration failed (non-fatal): ALTER TABLE service_ticket_spare_request ADD COLUMN IF NOT E… — (psycopg2.OperationalError) could not translate host name "myntreal-database.c5gywaicq6zu.ap-south-2.rds.amazonaws.com" to address: nodename nor servname provided, or not known

(Background on this error at: https://sqlalche.me/e/20/e3q8)
WARNING:root:[DC-STARTUP] Schema migration failed (non-fatal): ALTER TABLE service_ticket_spare_request ADD COLUMN IF NOT E… — (psycopg2.OperationalError) could not translate host name "myntreal-database.c5gywaicq6zu.ap-south-2.rds.amazonaws.com" to address: nodename nor servname provided, or not known

(Background on this error at: https://sqlalche.me/e/20/e3q8)
WARNING:root:[DC-STARTUP] Schema migration failed (non-fatal): ALTER TABLE service_ticket_billing ADD COLUMN IF NOT EXISTS … — (psycopg2.OperationalError) could not translate host name "myntreal-database.c5gywaicq6zu.ap-south-2.rds.amazonaws.com" to address: nodename nor servname provided, or not known

(Background on this error at: https://sqlalche.me/e/20/e3q8)
WARNING:root:[DC-STARTUP] Schema migration failed (non-fatal): ALTER TABLE service_ticket_billing_item ADD COLUMN IF NOT EX… — (psycopg2.OperationalError) could not translate host name "myntreal-database.c5gywaicq6zu.ap-south-2.rds.amazonaws.com" to address: nodename nor servname provided, or not known

(Background on this error at: https://sqlalche.me/e/20/e3q8)
WARNING:root:[DC-STARTUP] Schema migration failed (non-fatal): ALTER TABLE service_ticket_billing_item ADD COLUMN IF NOT EX… — (psycopg2.OperationalError) could not translate host name "myntreal-database.c5gywaicq6zu.ap-south-2.rds.amazonaws.com" to address: nodename nor servname provided, or not known

(Background on this error at: https://sqlalche.me/e/20/e3q8)
WARNING:root:[DC-STARTUP] Schema migration failed (non-fatal): ALTER TABLE service_ticket_billing_item ADD COLUMN IF NOT EX… — (psycopg2.OperationalError) could not translate host name "myntreal-database.c5gywaicq6zu.ap-south-2.rds.amazonaws.com" to address: nodename nor servname provided, or not known

(Background on this error at: https://sqlalche.me/e/20/e3q8)
WARNING:root:[DC-STARTUP] Schema migration failed (non-fatal): ALTER TABLE service_ticket_spare_request
                   … — (psycopg2.OperationalError) could not translate host name "myntreal-database.c5gywaicq6zu.ap-south-2.rds.amazonaws.com" to address: nodename nor servname provided, or not known

(Background on this error at: https://sqlalche.me/e/20/e3q8)
WARNING:root:[DC-STARTUP] Schema migration failed (non-fatal): ALTER TABLE staff_realtime_locations ADD COLUMN IF NOT EXIST… — (psycopg2.OperationalError) could not translate host name "myntreal-database.c5gywaicq6zu.ap-south-2.rds.amazonaws.com" to address: nodename nor servname provided, or not known

(Background on this error at: https://sqlalche.me/e/20/e3q8)
WARNING:root:[DC-STARTUP] Schema migration failed (non-fatal): ALTER TABLE "user" ADD COLUMN IF NOT EXISTS temp_password VA… — (psycopg2.OperationalError) could not translate host name "myntreal-database.c5gywaicq6zu.ap-south-2.rds.amazonaws.com" to address: nodename nor servname provided, or not known

(Background on this error at: https://sqlalche.me/e/20/e3q8)
WARNING:root:[DC-STARTUP] Call tracking enable failed (non-fatal): (psycopg2.OperationalError) could not translate host name "myntreal-database.c5gywaicq6zu.ap-south-2.rds.amazonaws.com" to address: nodename nor servname provided, or not known

(Background on this error at: https://sqlalche.me/e/20/e3q8)
WARNING:root:[DC-SEED] Could not seed sample data: (psycopg2.OperationalError) could not translate host name "myntreal-database.c5gywaicq6zu.ap-south-2.rds.amazonaws.com" to address: nodename nor servname provided, or not known

(Background on this error at: https://sqlalche.me/e/20/e3q8)
WARNING:root:[DC-STARTUP] Menu section normalization: (psycopg2.OperationalError) could not translate host name "myntreal-database.c5gywaicq6zu.ap-south-2.rds.amazonaws.com" to address: nodename nor servname provided, or not known

(Background on this error at: https://sqlalche.me/e/20/e3q8)
WARNING:root:[DC-STARTUP] Progress dashboard insert: (psycopg2.OperationalError) could not translate host name "myntreal-database.c5gywaicq6zu.ap-south-2.rds.amazonaws.com" to address: nodename nor servname provided, or not known

(Background on this error at: https://sqlalche.me/e/20/e3q8)
WARNING:root:[DC-STARTUP] WhatsApp Config menu insert: (psycopg2.OperationalError) could not translate host name "myntreal-database.c5gywaicq6zu.ap-south-2.rds.amazonaws.com" to address: nodename nor servname provided, or not known

(Background on this error at: https://sqlalche.me/e/20/e3q8)
WARNING:root:[DC-STARTUP] WhatsApp menu update: (psycopg2.OperationalError) could not translate host name "myntreal-database.c5gywaicq6zu.ap-south-2.rds.amazonaws.com" to address: nodename nor servname provided, or not known

(Background on this error at: https://sqlalche.me/e/20/e3q8)
WARNING:root:[DC-STARTUP] PUBLIC_GUEST insert: (psycopg2.OperationalError) could not translate host name "myntreal-database.c5gywaicq6zu.ap-south-2.rds.amazonaws.com" to address: nodename nor servname provided, or not known

(Background on this error at: https://sqlalche.me/e/20/e3q8)
[DC-STARTUP] ⚠️ bonanza segment_id migration (non-fatal): (psycopg2.OperationalError) could not translate host name "myntreal-database.c5gywaicq6zu.ap-south-2.rds.amazonaws.com" to address: nodename nor servname provided, or not known

(Background on this error at: https://sqlalche.me/e/20/e3q8)
[DC-T007-SLABS] ⚠️ bonanza_slabs table (non-fatal): (psycopg2.OperationalError) could not translate host name "myntreal-database.c5gywaicq6zu.ap-south-2.rds.amazonaws.com" to address: nodename nor servname provided, or not known

(Background on this error at: https://sqlalche.me/e/20/e3q8)
[DC-N002] ⚠️ crm_wa_share_logs table (non-fatal): (psycopg2.OperationalError) could not translate host name "myntreal-database.c5gywaicq6zu.ap-south-2.rds.amazonaws.com" to address: nodename nor servname provided, or not known

(Background on this error at: https://sqlalche.me/e/20/e3q8)
[DC-STARTUP] ⚠️ VGK menu seed (non-fatal): (psycopg2.OperationalError) could not translate host name "myntreal-database.c5gywaicq6zu.ap-south-2.rds.amazonaws.com" to address: nodename nor servname provided, or not known

(Background on this error at: https://sqlalche.me/e/20/e3q8)
[DC-STARTUP] ⏭️ VGK commission/deal tax columns — already applied
[DC-STARTUP] ⚠️ DC-DISPATCH-001 migration: (psycopg2.OperationalError) could not translate host name "myntreal-database.c5gywaicq6zu.ap-south-2.rds.amazonaws.com" to address: nodename nor servname provided, or not known

(Background on this error at: https://sqlalche.me/e/20/e3q8)
[DC-STARTUP] ⚠️ DC-DISPATCH-003 (non-fatal): (psycopg2.OperationalError) could not translate host name "myntreal-database.c5gywaicq6zu.ap-south-2.rds.amazonaws.com" to address: nodename nor servname provided, or not known

(Background on this error at: https://sqlalche.me/e/20/e3q8)
[DC-STARTUP] ⚠️ DC-DISPATCH-EXTRA-001 (non-fatal): (psycopg2.OperationalError) could not translate host name "myntreal-database.c5gywaicq6zu.ap-south-2.rds.amazonaws.com" to address: nodename nor servname provided, or not known

(Background on this error at: https://sqlalche.me/e/20/e3q8)
[DC-STARTUP] ⚠️ VGK paid/non-paid migration (non-fatal): (psycopg2.OperationalError) could not translate host name "myntreal-database.c5gywaicq6zu.ap-south-2.rds.amazonaws.com" to address: nodename nor servname provided, or not known

(Background on this error at: https://sqlalche.me/e/20/e3q8)
[DC-MNR-COLS] ⏭️ CRM lead columns — already applied
[DC-HANDLER-CONFIRM] ⏭️ Handler confirm columns — already applied
[DC-GURU-NAMES] ⏭️ guru_name columns — already applied
[DC-AUDIT] ⏭️ crm_lead_audit_log — already applied
[DC-TS-AUTO] ⏭️ Timesheet auto_source — already applied
[DC-MAR26] ⏭️ team_tag + TAT config — already applied
[DC-WA-SCHEMA] ⏭️ message_log columns — already applied
[DC-WA-CONFIG-TABLE] ⚠️ (psycopg2.OperationalError) could not translate host name "myntreal-database.c5gywaicq6zu.ap-south-2.rds.amazonaws.com" to address: nodename nor servname provided, or not known

(Background on this error at: https://sqlalche.me/e/20/e3q8)
[DC_WA_VERIFY_TOKEN_FIX_001] ⚠️ (psycopg2.OperationalError) could not translate host name "myntreal-database.c5gywaicq6zu.ap-south-2.rds.amazonaws.com" to address: nodename nor servname provided, or not known

(Background on this error at: https://sqlalche.me/e/20/e3q8)
[DC-LEAD-SYNC] ⏭️ Lead sync tables — already applied
[DC-IDX] ⏭️ Performance indexes — already applied
[DC-OPERATOR-CALLS] ⏭️ operator_calls table — already applied
[DC-META-LEADS-SEED] ⚠️ Could not seed Meta Leads config (non-fatal): (psycopg2.OperationalError) could not translate host name "myntreal-database.c5gywaicq6zu.ap-south-2.rds.amazonaws.com" to address: nodename nor servname provided, or not known

(Background on this error at: https://sqlalche.me/e/20/e3q8)
[DC-ONLINE-M-RENAME] ⏭️ Facebook Lead Ads rename — already applied
[DC-STARTUP] ⚠️ Sales dialer defaults fix (non-fatal): (psycopg2.OperationalError) could not translate host name "myntreal-database.c5gywaicq6zu.ap-south-2.rds.amazonaws.com" to address: nodename nor servname provided, or not known

(Background on this error at: https://sqlalche.me/e/20/e3q8)
[DC-SHARE-TOKENS] ⏭️ Share tokens table — already applied
[DC-SOLAR-DOCS] ⏭️ Solar docs table — already applied
[DC-ETC-HANDLERS] ⏭️ ETC handler columns — already applied
[DC-ETC-SOURCE-DEAL] ⏭️ ETC source/deal columns — already applied
[DC-ETC-CONFIRM-001] ⏭️ ETC confirmation columns — already applied
[DC-ETC-VGK-COLS] ⏭️ ETC vgk_id/vgk_status columns — already applied
[DC-BILLING-COUPON] ⏭️ Billing coupon columns — already applied
[DC-BILLING-MANUAL-DISC] ⏭️ Manual discount columns — already applied
[DC-BILLING-ITEM-META] Warning: (psycopg2.OperationalError) could not translate host name "myntreal-database.c5gywaicq6zu.ap-south-2.rds.amazonaws.com" to address: nodename nor servname provided, or not known

(Background on this error at: https://sqlalche.me/e/20/e3q8)
[DC-BILLING-ITEM-META] ✅ warranty_info column ensured
[DC-BILLING-ITEM-PRODCAT] Warning: (psycopg2.OperationalError) could not translate host name "myntreal-database.c5gywaicq6zu.ap-south-2.rds.amazonaws.com" to address: nodename nor servname provided, or not known

(Background on this error at: https://sqlalche.me/e/20/e3q8)
[DC-BILLING-ITEM-PRODCAT] ✅ product_category column ensured
[DC-CRM-COMM-APR26] ⏭️ crm_commission_entries table — already applied
[DC-SALES-INV-T29] ⏭️ Sales invoice T29 columns — already applied
[DC-SI-REAL-TYPE-001] ✅ column already exists: (psycopg2.OperationalError) could not translate host name "myntreal-database.c5gywaicq6zu.ap-south-2.rds.amazonaws.com" to address: nodename nor servname provided, or not known

(Background on this error at: https://sqlalche.me/e/20/e3q8)
[DC-PNAME-UPPER-001] ⏭️ party_name uppercase — already applied
[DC-SI-REG-VENDOR-001] ⏭️ VENDOR backfill — already applied
[DC-ESTIMATIONS-001] ⚠️ (psycopg2.OperationalError) could not translate host name "myntreal-database.c5gywaicq6zu.ap-south-2.rds.amazonaws.com" to address: nodename nor servname provided, or not known

(Background on this error at: https://sqlalche.me/e/20/e3q8)
[DC-SILI-COLS] ⏭️ Line item columns — already applied
[DC-CT-001] ⏭️ Courier+Transport columns — already applied
[DC-VGK-ANNOUNCE-FK-001] Warning: (psycopg2.OperationalError) could not translate host name "myntreal-database.c5gywaicq6zu.ap-south-2.rds.amazonaws.com" to address: nodename nor servname provided, or not known

(Background on this error at: https://sqlalche.me/e/20/e3q8)
[DC_STOCK_MULTICOMP_001] ⏭️ Multi-company stock DDL — already applied
[DC-SALES-PAY] ⏭️ sales_invoice_payments — already applied
[DC-SALES-COUPON] ⏭️ sales_coupon_master — already applied
[DC-SALES-SO-NUM] ⏭️ so_number column — already applied
[DC-SHOW-IN-LEDGER-001] ⏭️ show_in_ledger columns — already applied
[DC-SOLAR-DVR-ADV-20260701-001] ✅ already applied
[DC-BONANZA-FIRST-DVR-001] ✅ already applied
[DC-DIRECT-WORK-RATE-COL-001] ✅ Already applied — skip
[DC-TEAM-ASSIGN-001] ✅ Already applied — skip
[DC-VGK-STAFF-REG-001] ✅ Already applied — skip
[DC_VOID_FIELDS_20260618] ✅ Already applied — skip
[DC-VGK4U-REBRAND] ⏭️ VGK4U rebrand — already applied
[DC-BILLING-RECALC] Warning: (psycopg2.OperationalError) could not translate host name "myntreal-database.c5gywaicq6zu.ap-south-2.rds.amazonaws.com" to address: nodename nor servname provided, or not known

(Background on this error at: https://sqlalche.me/e/20/e3q8)
[DC_INVOICE_PAYMODE_001] Note: (psycopg2.OperationalError) could not translate host name "myntreal-database.c5gywaicq6zu.ap-south-2.rds.amazonaws.com" to address: nodename nor servname provided, or not known

(Background on this error at: https://sqlalche.me/e/20/e3q8)
[DC_INVLINE_WARR_001] Note: (psycopg2.OperationalError) could not translate host name "myntreal-database.c5gywaicq6zu.ap-south-2.rds.amazonaws.com" to address: nodename nor servname provided, or not known

(Background on this error at: https://sqlalche.me/e/20/e3q8)
[DC_CASHFLOW_001] Note: (psycopg2.OperationalError) could not translate host name "myntreal-database.c5gywaicq6zu.ap-south-2.rds.amazonaws.com" to address: nodename nor servname provided, or not known

(Background on this error at: https://sqlalche.me/e/20/e3q8)
[DC_PARTY_LEDGER_001] Note: (psycopg2.OperationalError) could not translate host name "myntreal-database.c5gywaicq6zu.ap-south-2.rds.amazonaws.com" to address: nodename nor servname provided, or not known

(Background on this error at: https://sqlalche.me/e/20/e3q8)
[DC_PARTY_LEDGER_002] Note: (psycopg2.OperationalError) could not translate host name "myntreal-database.c5gywaicq6zu.ap-south-2.rds.amazonaws.com" to address: nodename nor servname provided, or not known

(Background on this error at: https://sqlalche.me/e/20/e3q8)
[DC-PARTY-TYPE-BACKFILL-001] Note: (psycopg2.OperationalError) could not translate host name "myntreal-database.c5gywaicq6zu.ap-south-2.rds.amazonaws.com" to address: nodename nor servname provided, or not known

(Background on this error at: https://sqlalche.me/e/20/e3q8)
[DC_STOCK_MKTLINK_001] Note: (psycopg2.OperationalError) could not translate host name "myntreal-database.c5gywaicq6zu.ap-south-2.rds.amazonaws.com" to address: nodename nor servname provided, or not known

(Background on this error at: https://sqlalche.me/e/20/e3q8)
[DC_STOCK_BRAND_001] Note: (psycopg2.OperationalError) could not translate host name "myntreal-database.c5gywaicq6zu.ap-south-2.rds.amazonaws.com" to address: nodename nor servname provided, or not known

(Background on this error at: https://sqlalche.me/e/20/e3q8)
[DC_VGK_POINTS_CORRECTION_001] ⚠️ (psycopg2.OperationalError) could not translate host name "myntreal-database.c5gywaicq6zu.ap-south-2.rds.amazonaws.com" to address: nodename nor servname provided, or not known

(Background on this error at: https://sqlalche.me/e/20/e3q8)
[DC_VGK_POINTS_BACKFILL_002] ⚠️ (psycopg2.OperationalError) could not translate host name "myntreal-database.c5gywaicq6zu.ap-south-2.rds.amazonaws.com" to address: nodename nor servname provided, or not known

(Background on this error at: https://sqlalche.me/e/20/e3q8)
[DC_VGK_ROOT_ACTIVATE_001] ⚠️ (psycopg2.OperationalError) could not translate host name "myntreal-database.c5gywaicq6zu.ap-south-2.rds.amazonaws.com" to address: nodename nor servname provided, or not known

(Background on this error at: https://sqlalche.me/e/20/e3q8)
[DC_VGK_CARD_ADMIN_001] ⚠️ (psycopg2.OperationalError) could not translate host name "myntreal-database.c5gywaicq6zu.ap-south-2.rds.amazonaws.com" to address: nodename nor servname provided, or not known

(Background on this error at: https://sqlalche.me/e/20/e3q8)
[DC_VGK_CARD_ENABLED_001] ⚠️ (psycopg2.OperationalError) could not translate host name "myntreal-database.c5gywaicq6zu.ap-south-2.rds.amazonaws.com" to address: nodename nor servname provided, or not known

(Background on this error at: https://sqlalche.me/e/20/e3q8)
[DC_VGK_LEDGER_RECONCILE_001] ⚠️ (psycopg2.OperationalError) could not translate host name "myntreal-database.c5gywaicq6zu.ap-south-2.rds.amazonaws.com" to address: nodename nor servname provided, or not known

(Background on this error at: https://sqlalche.me/e/20/e3q8)
[DC_VGK_COMMISSION_DEFAULTS_001] ⚠️ (psycopg2.OperationalError) could not translate host name "myntreal-database.c5gywaicq6zu.ap-south-2.rds.amazonaws.com" to address: nodename nor servname provided, or not known

(Background on this error at: https://sqlalche.me/e/20/e3q8)
[DC_VGK_RATE_FIX_001] ⚠️ (psycopg2.OperationalError) could not translate host name "myntreal-database.c5gywaicq6zu.ap-south-2.rds.amazonaws.com" to address: nodename nor servname provided, or not known

(Background on this error at: https://sqlalche.me/e/20/e3q8)
[DC_INCOME_DELETE_001] Note: (psycopg2.OperationalError) could not translate host name "myntreal-database.c5gywaicq6zu.ap-south-2.rds.amazonaws.com" to address: nodename nor servname provided, or not known

(Background on this error at: https://sqlalche.me/e/20/e3q8)
[DC_CFV_CASH_001] Note: (psycopg2.OperationalError) could not translate host name "myntreal-database.c5gywaicq6zu.ap-south-2.rds.amazonaws.com" to address: nodename nor servname provided, or not known

(Background on this error at: https://sqlalche.me/e/20/e3q8)
[DC_VGK_INCOME_UNIFIED_COLS_001] Note: (psycopg2.OperationalError) could not translate host name "myntreal-database.c5gywaicq6zu.ap-south-2.rds.amazonaws.com" to address: nodename nor servname provided, or not known

(Background on this error at: https://sqlalche.me/e/20/e3q8)
[DC_EV_B2B_STAGE_001] Note: (psycopg2.OperationalError) could not translate host name "myntreal-database.c5gywaicq6zu.ap-south-2.rds.amazonaws.com" to address: nodename nor servname provided, or not known

(Background on this error at: https://sqlalche.me/e/20/e3q8)
[DC_SOLAR_STAGE_DATE_001] Note: (psycopg2.OperationalError) could not translate host name "myntreal-database.c5gywaicq6zu.ap-south-2.rds.amazonaws.com" to address: nodename nor servname provided, or not known

(Background on this error at: https://sqlalche.me/e/20/e3q8)
[DC-VGK-SLAB-VCI-SYNC-001] Note: (psycopg2.OperationalError) could not translate host name "myntreal-database.c5gywaicq6zu.ap-south-2.rds.amazonaws.com" to address: nodename nor servname provided, or not known

(Background on this error at: https://sqlalche.me/e/20/e3q8)
[DC-SENIOR-COMM-BACKFILL-001] Note: (psycopg2.OperationalError) could not translate host name "myntreal-database.c5gywaicq6zu.ap-south-2.rds.amazonaws.com" to address: nodename nor servname provided, or not known

(Background on this error at: https://sqlalche.me/e/20/e3q8)
[DC-NO-RELEASE-001] Note: (psycopg2.OperationalError) could not translate host name "myntreal-database.c5gywaicq6zu.ap-south-2.rds.amazonaws.com" to address: nodename nor servname provided, or not known

(Background on this error at: https://sqlalche.me/e/20/e3q8)
[DC_VGK_FIX_STALE_POINTS] Note: (psycopg2.OperationalError) could not translate host name "myntreal-database.c5gywaicq6zu.ap-south-2.rds.amazonaws.com" to address: nodename nor servname provided, or not known

(Background on this error at: https://sqlalche.me/e/20/e3q8)
[DC_VGK_FIX_STALE_POINTS_B] Note: (psycopg2.OperationalError) could not translate host name "myntreal-database.c5gywaicq6zu.ap-south-2.rds.amazonaws.com" to address: nodename nor servname provided, or not known

(Background on this error at: https://sqlalche.me/e/20/e3q8)
[DC_ACCT_LEDGER_001] Note: (psycopg2.OperationalError) could not translate host name "myntreal-database.c5gywaicq6zu.ap-south-2.rds.amazonaws.com" to address: nodename nor servname provided, or not known

(Background on this error at: https://sqlalche.me/e/20/e3q8)
[DC_JOURNAL_001] Note: (psycopg2.OperationalError) could not translate host name "myntreal-database.c5gywaicq6zu.ap-south-2.rds.amazonaws.com" to address: nodename nor servname provided, or not known

(Background on this error at: https://sqlalche.me/e/20/e3q8)
[DC_LEDGER_MASTER_001] Note: (psycopg2.OperationalError) could not translate host name "myntreal-database.c5gywaicq6zu.ap-south-2.rds.amazonaws.com" to address: nodename nor servname provided, or not known

(Background on this error at: https://sqlalche.me/e/20/e3q8)
[DC_LEDGER_MASTER_002] Error: (psycopg2.OperationalError) could not translate host name "myntreal-database.c5gywaicq6zu.ap-south-2.rds.amazonaws.com" to address: nodename nor servname provided, or not known

(Background on this error at: https://sqlalche.me/e/20/e3q8)
[DC_LEDGER_ACCT_002] Error: (psycopg2.OperationalError) could not translate host name "myntreal-database.c5gywaicq6zu.ap-south-2.rds.amazonaws.com" to address: nodename nor servname provided, or not known

(Background on this error at: https://sqlalche.me/e/20/e3q8)
[DC_SIDEBAR_ACCT_001] Note: (psycopg2.OperationalError) could not translate host name "myntreal-database.c5gywaicq6zu.ap-south-2.rds.amazonaws.com" to address: nodename nor servname provided, or not known

(Background on this error at: https://sqlalche.me/e/20/e3q8)
[DC_VENDOR_MENU_001] Note: (psycopg2.OperationalError) could not translate host name "myntreal-database.c5gywaicq6zu.ap-south-2.rds.amazonaws.com" to address: nodename nor servname provided, or not known

(Background on this error at: https://sqlalche.me/e/20/e3q8)
[DC_INV_SHEET_MENUS_001] Note: (psycopg2.OperationalError) could not translate host name "myntreal-database.c5gywaicq6zu.ap-south-2.rds.amazonaws.com" to address: nodename nor servname provided, or not known

(Background on this error at: https://sqlalche.me/e/20/e3q8)
[DC_PARTIES_MASTER_001] Note: (psycopg2.OperationalError) could not translate host name "myntreal-database.c5gywaicq6zu.ap-south-2.rds.amazonaws.com" to address: nodename nor servname provided, or not known

(Background on this error at: https://sqlalche.me/e/20/e3q8)
[DC_PARTIES_MASTER_ACCESS_001] Note: (psycopg2.OperationalError) could not translate host name "myntreal-database.c5gywaicq6zu.ap-south-2.rds.amazonaws.com" to address: nodename nor servname provided, or not known

(Background on this error at: https://sqlalche.me/e/20/e3q8)
[DC_VENDOR_ACCESS_001] Note: (psycopg2.OperationalError) could not translate host name "myntreal-database.c5gywaicq6zu.ap-south-2.rds.amazonaws.com" to address: nodename nor servname provided, or not known

(Background on this error at: https://sqlalche.me/e/20/e3q8)
[DC_LINEITEM_COLS_001] Note: (psycopg2.OperationalError) could not translate host name "myntreal-database.c5gywaicq6zu.ap-south-2.rds.amazonaws.com" to address: nodename nor servname provided, or not known

(Background on this error at: https://sqlalche.me/e/20/e3q8)
[DC_WEB_ASSETS_MENU_001] Note: (psycopg2.OperationalError) could not translate host name "myntreal-database.c5gywaicq6zu.ap-south-2.rds.amazonaws.com" to address: nodename nor servname provided, or not known

(Background on this error at: https://sqlalche.me/e/20/e3q8)
[DC_VGK_MEDIA_MENU_001] Note: (psycopg2.OperationalError) could not translate host name "myntreal-database.c5gywaicq6zu.ap-south-2.rds.amazonaws.com" to address: nodename nor servname provided, or not known

(Background on this error at: https://sqlalche.me/e/20/e3q8)
[DC_INCOME_ENTRIES_MENU_001] Note: (psycopg2.OperationalError) could not translate host name "myntreal-database.c5gywaicq6zu.ap-south-2.rds.amazonaws.com" to address: nodename nor servname provided, or not known

(Background on this error at: https://sqlalche.me/e/20/e3q8)
[DC-INTERNAL-REBRAND] Warning: (psycopg2.OperationalError) could not translate host name "myntreal-database.c5gywaicq6zu.ap-south-2.rds.amazonaws.com" to address: nodename nor servname provided, or not known

(Background on this error at: https://sqlalche.me/e/20/e3q8)
[DC-INTERNAL-REBRAND] Warning: (psycopg2.OperationalError) could not translate host name "myntreal-database.c5gywaicq6zu.ap-south-2.rds.amazonaws.com" to address: nodename nor servname provided, or not known

(Background on this error at: https://sqlalche.me/e/20/e3q8)
[DC-INTERNAL-REBRAND] Warning: (psycopg2.OperationalError) could not translate host name "myntreal-database.c5gywaicq6zu.ap-south-2.rds.amazonaws.com" to address: nodename nor servname provided, or not known

(Background on this error at: https://sqlalche.me/e/20/e3q8)
[DC-INTERNAL-REBRAND] Warning: (psycopg2.OperationalError) could not translate host name "myntreal-database.c5gywaicq6zu.ap-south-2.rds.amazonaws.com" to address: nodename nor servname provided, or not known

(Background on this error at: https://sqlalche.me/e/20/e3q8)
[DC-INTERNAL-REBRAND] Warning: (psycopg2.OperationalError) could not translate host name "myntreal-database.c5gywaicq6zu.ap-south-2.rds.amazonaws.com" to address: nodename nor servname provided, or not known

(Background on this error at: https://sqlalche.me/e/20/e3q8)
[DC-INTERNAL-REBRAND] ✅ nda-management → internal rebrand applied (0/5)
[DC-SOLAR-VENDOR-APR26] Warning: (psycopg2.OperationalError) could not translate host name "myntreal-database.c5gywaicq6zu.ap-south-2.rds.amazonaws.com" to address: nodename nor servname provided, or not known

(Background on this error at: https://sqlalche.me/e/20/e3q8)
[DC-SOLAR-VENDOR-APR26] Warning: (psycopg2.OperationalError) could not translate host name "myntreal-database.c5gywaicq6zu.ap-south-2.rds.amazonaws.com" to address: nodename nor servname provided, or not known

(Background on this error at: https://sqlalche.me/e/20/e3q8)
[DC-SOLAR-VENDOR-APR26] Warning: (psycopg2.OperationalError) could not translate host name "myntreal-database.c5gywaicq6zu.ap-south-2.rds.amazonaws.com" to address: nodename nor servname provided, or not known

(Background on this error at: https://sqlalche.me/e/20/e3q8)
[DC-SOLAR-VENDOR-APR26] Warning: (psycopg2.OperationalError) could not translate host name "myntreal-database.c5gywaicq6zu.ap-south-2.rds.amazonaws.com" to address: nodename nor servname provided, or not known

(Background on this error at: https://sqlalche.me/e/20/e3q8)
[DC-SOLAR-VENDOR-APR26] Warning: (psycopg2.OperationalError) could not translate host name "myntreal-database.c5gywaicq6zu.ap-south-2.rds.amazonaws.com" to address: nodename nor servname provided, or not known

(Background on this error at: https://sqlalche.me/e/20/e3q8)
[DC-SOLAR-VENDOR-APR26] Warning: (psycopg2.OperationalError) could not translate host name "myntreal-database.c5gywaicq6zu.ap-south-2.rds.amazonaws.com" to address: nodename nor servname provided, or not known

(Background on this error at: https://sqlalche.me/e/20/e3q8)
[DC-SOLAR-VENDOR-APR26] ✅ Solar vendor columns + SOLAR type ensured
[DC-VENDOR-SIGURL-001] ⚠️ tech_signature_url: (psycopg2.OperationalError) could not translate host name "myntreal-database.c5gywaicq6zu.ap-south-2.rds.amazonaws.com" to address: nodename nor servname provided, or not known

(Background on this error at: https://sqlalche.me/e/20/e3q8)
[DC-VENDOR-SIGURL-001] ⚠️ rep_signature_url: (psycopg2.OperationalError) could not translate host name "myntreal-database.c5gywaicq6zu.ap-south-2.rds.amazonaws.com" to address: nodename nor servname provided, or not known

(Background on this error at: https://sqlalche.me/e/20/e3q8)
[DC-VENDOR-SIGURL-001] ✅ tech_signature_url + rep_signature_url widened to TEXT
[DC-SOLAR-VENDOR-BACKFILL-001] ⚠️ (psycopg2.OperationalError) could not translate host name "myntreal-database.c5gywaicq6zu.ap-south-2.rds.amazonaws.com" to address: nodename nor servname provided, or not known

(Background on this error at: https://sqlalche.me/e/20/e3q8)
[DC-SOLAR-LEAD-FIELDS-APR26] Warning: (psycopg2.OperationalError) could not translate host name "myntreal-database.c5gywaicq6zu.ap-south-2.rds.amazonaws.com" to address: nodename nor servname provided, or not known

(Background on this error at: https://sqlalche.me/e/20/e3q8)
[DC-SOLAR-LEAD-FIELDS-APR26] Warning: (psycopg2.OperationalError) could not translate host name "myntreal-database.c5gywaicq6zu.ap-south-2.rds.amazonaws.com" to address: nodename nor servname provided, or not known

(Background on this error at: https://sqlalche.me/e/20/e3q8)
[DC-SOLAR-LEAD-FIELDS-APR26] Warning: (psycopg2.OperationalError) could not translate host name "myntreal-database.c5gywaicq6zu.ap-south-2.rds.amazonaws.com" to address: nodename nor servname provided, or not known

(Background on this error at: https://sqlalche.me/e/20/e3q8)
[DC-SOLAR-LEAD-FIELDS-APR26] Warning: (psycopg2.OperationalError) could not translate host name "myntreal-database.c5gywaicq6zu.ap-south-2.rds.amazonaws.com" to address: nodename nor servname provided, or not known

(Background on this error at: https://sqlalche.me/e/20/e3q8)
[DC-SOLAR-LEAD-FIELDS-APR26] Warning: (psycopg2.OperationalError) could not translate host name "myntreal-database.c5gywaicq6zu.ap-south-2.rds.amazonaws.com" to address: nodename nor servname provided, or not known

(Background on this error at: https://sqlalche.me/e/20/e3q8)
[DC-SOLAR-LEAD-FIELDS-APR26] Warning: (psycopg2.OperationalError) could not translate host name "myntreal-database.c5gywaicq6zu.ap-south-2.rds.amazonaws.com" to address: nodename nor servname provided, or not known

(Background on this error at: https://sqlalche.me/e/20/e3q8)
[DC-SOLAR-LEAD-FIELDS-APR26] Warning: (psycopg2.OperationalError) could not translate host name "myntreal-database.c5gywaicq6zu.ap-south-2.rds.amazonaws.com" to address: nodename nor servname provided, or not known

(Background on this error at: https://sqlalche.me/e/20/e3q8)
[DC-SOLAR-LEAD-FIELDS-APR26] Warning: (psycopg2.OperationalError) could not translate host name "myntreal-database.c5gywaicq6zu.ap-south-2.rds.amazonaws.com" to address: nodename nor servname provided, or not known

(Background on this error at: https://sqlalche.me/e/20/e3q8)
[DC-SOLAR-LEAD-FIELDS-APR26] Warning: (psycopg2.OperationalError) could not translate host name "myntreal-database.c5gywaicq6zu.ap-south-2.rds.amazonaws.com" to address: nodename nor servname provided, or not known

(Background on this error at: https://sqlalche.me/e/20/e3q8)
[DC-SOLAR-LEAD-FIELDS-APR26] Warning: (psycopg2.OperationalError) could not translate host name "myntreal-database.c5gywaicq6zu.ap-south-2.rds.amazonaws.com" to address: nodename nor servname provided, or not known

(Background on this error at: https://sqlalche.me/e/20/e3q8)
[DC-SOLAR-LEAD-FIELDS-APR26] ✅ Solar lead fields ensured (0/10)
[DC-SOLAR-TECH-APR26] Warning: (psycopg2.OperationalError) could not translate host name "myntreal-database.c5gywaicq6zu.ap-south-2.rds.amazonaws.com" to address: nodename nor servname provided, or not known

(Background on this error at: https://sqlalche.me/e/20/e3q8)
[DC-SOLAR-TECH-APR26] Warning: (psycopg2.OperationalError) could not translate host name "myntreal-database.c5gywaicq6zu.ap-south-2.rds.amazonaws.com" to address: nodename nor servname provided, or not known

(Background on this error at: https://sqlalche.me/e/20/e3q8)
[DC-SOLAR-TECH-APR26] Warning: (psycopg2.OperationalError) could not translate host name "myntreal-database.c5gywaicq6zu.ap-south-2.rds.amazonaws.com" to address: nodename nor servname provided, or not known

(Background on this error at: https://sqlalche.me/e/20/e3q8)
[DC-SOLAR-TECH-APR26] ✅ crm_solar_lead_tech table ensured
[DC_PARTNER_LOGO_001] ⚠️ (psycopg2.OperationalError) could not translate host name "myntreal-database.c5gywaicq6zu.ap-south-2.rds.amazonaws.com" to address: nodename nor servname provided, or not known

(Background on this error at: https://sqlalche.me/e/20/e3q8)
[DC_PARTNER_SAMPLES_001] ⚠️ (psycopg2.OperationalError) could not translate host name "myntreal-database.c5gywaicq6zu.ap-south-2.rds.amazonaws.com" to address: nodename nor servname provided, or not known

(Background on this error at: https://sqlalche.me/e/20/e3q8)
[DC_PARTNER_MENUS_001] ⚠️ (psycopg2.OperationalError) could not translate host name "myntreal-database.c5gywaicq6zu.ap-south-2.rds.amazonaws.com" to address: nodename nor servname provided, or not known

(Background on this error at: https://sqlalche.me/e/20/e3q8)
[DC_PARTNER_VGK_SYNC_001] ⚠️ (psycopg2.OperationalError) could not translate host name "myntreal-database.c5gywaicq6zu.ap-south-2.rds.amazonaws.com" to address: nodename nor servname provided, or not known

(Background on this error at: https://sqlalche.me/e/20/e3q8)
[DC-OTP-RESET-001] ⚠️ (psycopg2.OperationalError) could not translate host name "myntreal-database.c5gywaicq6zu.ap-south-2.rds.amazonaws.com" to address: nodename nor servname provided, or not known

(Background on this error at: https://sqlalche.me/e/20/e3q8)
[DC-OTP-RESET-002] ⚠️ (psycopg2.OperationalError) could not translate host name "myntreal-database.c5gywaicq6zu.ap-south-2.rds.amazonaws.com" to address: nodename nor servname provided, or not known

(Background on this error at: https://sqlalche.me/e/20/e3q8)
[DC-PARTNER-KYC/TERMS/DOCS-001] ⚠️ (psycopg2.OperationalError) could not translate host name "myntreal-database.c5gywaicq6zu.ap-south-2.rds.amazonaws.com" to address: nodename nor servname provided, or not known

(Background on this error at: https://sqlalche.me/e/20/e3q8)
[DC-PHONE-OTP-TABLE-001] ⚠️ (psycopg2.OperationalError) could not translate host name "myntreal-database.c5gywaicq6zu.ap-south-2.rds.amazonaws.com" to address: nodename nor servname provided, or not known

(Background on this error at: https://sqlalche.me/e/20/e3q8)
[DC-WA-META-SUBMIT-001] ⚠️ (psycopg2.OperationalError) could not translate host name "myntreal-database.c5gywaicq6zu.ap-south-2.rds.amazonaws.com" to address: nodename nor servname provided, or not known

(Background on this error at: https://sqlalche.me/e/20/e3q8)
[DC-WA-REJECTED-001] ⚠️ (psycopg2.OperationalError) could not translate host name "myntreal-database.c5gywaicq6zu.ap-south-2.rds.amazonaws.com" to address: nodename nor servname provided, or not known

(Background on this error at: https://sqlalche.me/e/20/e3q8)
ERROR:app.core.schema_bootstrap:[SCHEMA BOOTSTRAP] ❌ DC-WA-TRACK-001 failed: (psycopg2.OperationalError) could not translate host name "myntreal-database.c5gywaicq6zu.ap-south-2.rds.amazonaws.com" to address: nodename nor servname provided, or not known

(Background on this error at: https://sqlalche.me/e/20/e3q8)
[DC-WA-TRACK-001] ✅ wa_link_tracks + crm_wa_sends tables verified
ERROR:app.core.schema_bootstrap:[SCHEMA BOOTSTRAP] ❌ DC-WA-MEDIA-002 facebook_app_id bootstrap failed: (psycopg2.OperationalError) could not translate host name "myntreal-database.c5gywaicq6zu.ap-south-2.rds.amazonaws.com" to address: nodename nor servname provided, or not known

(Background on this error at: https://sqlalche.me/e/20/e3q8)
ERROR:app.core.schema_bootstrap:[SCHEMA BOOTSTRAP] ❌ message_log.sent_by_staff_id failed: (psycopg2.OperationalError) could not translate host name "myntreal-database.c5gywaicq6zu.ap-south-2.rds.amazonaws.com" to address: nodename nor servname provided, or not known

(Background on this error at: https://sqlalche.me/e/20/e3q8)
ERROR:app.core.schema_bootstrap:[SCHEMA BOOTSTRAP] ❌ message_log.sent_by_name failed: (psycopg2.OperationalError) could not translate host name "myntreal-database.c5gywaicq6zu.ap-south-2.rds.amazonaws.com" to address: nodename nor servname provided, or not known

(Background on this error at: https://sqlalche.me/e/20/e3q8)
ERROR:app.core.schema_bootstrap:[SCHEMA BOOTSTRAP] ❌ message_log.sender_type failed: (psycopg2.OperationalError) could not translate host name "myntreal-database.c5gywaicq6zu.ap-south-2.rds.amazonaws.com" to address: nodename nor servname provided, or not known

(Background on this error at: https://sqlalche.me/e/20/e3q8)
ERROR:app.core.schema_bootstrap:[SCHEMA BOOTSTRAP] ❌ whatsapp_templates.usage_scope failed: (psycopg2.OperationalError) could not translate host name "myntreal-database.c5gywaicq6zu.ap-south-2.rds.amazonaws.com" to address: nodename nor servname provided, or not known

(Background on this error at: https://sqlalche.me/e/20/e3q8)
ERROR:app.core.schema_bootstrap:[SCHEMA BOOTSTRAP] ❌ whatsapp_templates.footer_text failed: (psycopg2.OperationalError) could not translate host name "myntreal-database.c5gywaicq6zu.ap-south-2.rds.amazonaws.com" to address: nodename nor servname provided, or not known

(Background on this error at: https://sqlalche.me/e/20/e3q8)
ERROR:app.core.schema_bootstrap:[SCHEMA BOOTSTRAP] ❌ whatsapp_templates.meta_template_id failed: (psycopg2.OperationalError) could not translate host name "myntreal-database.c5gywaicq6zu.ap-south-2.rds.amazonaws.com" to address: nodename nor servname provided, or not known

(Background on this error at: https://sqlalche.me/e/20/e3q8)
ERROR:app.core.schema_bootstrap:[SCHEMA BOOTSTRAP] ❌ whatsapp_templates.meta_approval_status failed: (psycopg2.OperationalError) could not translate host name "myntreal-database.c5gywaicq6zu.ap-south-2.rds.amazonaws.com" to address: nodename nor servname provided, or not known

(Background on this error at: https://sqlalche.me/e/20/e3q8)
ERROR:app.core.schema_bootstrap:[SCHEMA BOOTSTRAP] ❌ whatsapp_templates.meta_submitted_at failed: (psycopg2.OperationalError) could not translate host name "myntreal-database.c5gywaicq6zu.ap-south-2.rds.amazonaws.com" to address: nodename nor servname provided, or not known

(Background on this error at: https://sqlalche.me/e/20/e3q8)
ERROR:app.core.schema_bootstrap:[SCHEMA BOOTSTRAP] ❌ whatsapp_templates.meta_category failed: (psycopg2.OperationalError) could not translate host name "myntreal-database.c5gywaicq6zu.ap-south-2.rds.amazonaws.com" to address: nodename nor servname provided, or not known

(Background on this error at: https://sqlalche.me/e/20/e3q8)
ERROR:app.core.schema_bootstrap:[SCHEMA BOOTSTRAP] ❌ whatsapp_templates.meta_rejected_reason failed: (psycopg2.OperationalError) could not translate host name "myntreal-database.c5gywaicq6zu.ap-south-2.rds.amazonaws.com" to address: nodename nor servname provided, or not known

(Background on this error at: https://sqlalche.me/e/20/e3q8)
[DC-MSGLOG-001] ✅ message_log + whatsapp_templates columns verified
[DC-VGK-TRIGGER-001] ⚠️ (psycopg2.OperationalError) could not translate host name "myntreal-database.c5gywaicq6zu.ap-south-2.rds.amazonaws.com" to address: nodename nor servname provided, or not known

(Background on this error at: https://sqlalche.me/e/20/e3q8)
WARNING:app.core.schema_bootstrap:[DC-PARTNER-CONTACTS-001] ⚠️ Error (non-fatal): (psycopg2.OperationalError) could not translate host name "myntreal-database.c5gywaicq6zu.ap-south-2.rds.amazonaws.com" to address: nodename nor servname provided, or not known

(Background on this error at: https://sqlalche.me/e/20/e3q8)
[DC-PARTNER-CONTACTS-001] ✅ Partner contacts + module_settings + linked_partner_id ensured
WARNING:app.core.schema_bootstrap:[DC-WA-EXAMPLES-001] ⚠️ Error (non-fatal): (psycopg2.OperationalError) could not translate host name "myntreal-database.c5gywaicq6zu.ap-south-2.rds.amazonaws.com" to address: nodename nor servname provided, or not known

(Background on this error at: https://sqlalche.me/e/20/e3q8)
[DC-WA-EXAMPLES-001] ✅ example_values column ensured on whatsapp_templates
[DC_STAFF_INCFG_001] ⚠️ (psycopg2.OperationalError) could not translate host name "myntreal-database.c5gywaicq6zu.ap-south-2.rds.amazonaws.com" to address: nodename nor servname provided, or not known

(Background on this error at: https://sqlalche.me/e/20/e3q8)
[DC_STAFF_INCFG_003] ⚠️ (psycopg2.OperationalError) could not translate host name "myntreal-database.c5gywaicq6zu.ap-south-2.rds.amazonaws.com" to address: nodename nor servname provided, or not known

(Background on this error at: https://sqlalche.me/e/20/e3q8)
[DC_STAFF_PAYOUTS_001] ⚠️ (psycopg2.OperationalError) could not translate host name "myntreal-database.c5gywaicq6zu.ap-south-2.rds.amazonaws.com" to address: nodename nor servname provided, or not known

(Background on this error at: https://sqlalche.me/e/20/e3q8)
[DC_STAFF_LEAD_INCV_001] ⚠️ (psycopg2.OperationalError) could not translate host name "myntreal-database.c5gywaicq6zu.ap-south-2.rds.amazonaws.com" to address: nodename nor servname provided, or not known

(Background on this error at: https://sqlalche.me/e/20/e3q8)
[DC-MY-EARNINGS-GRANT-001] ⚠️ (psycopg2.OperationalError) could not translate host name "myntreal-database.c5gywaicq6zu.ap-south-2.rds.amazonaws.com" to address: nodename nor servname provided, or not known

(Background on this error at: https://sqlalche.me/e/20/e3q8)
[DC_CAREERS_001] ⚠️ (psycopg2.OperationalError) could not translate host name "myntreal-database.c5gywaicq6zu.ap-south-2.rds.amazonaws.com" to address: nodename nor servname provided, or not known

(Background on this error at: https://sqlalche.me/e/20/e3q8)
[DC-VGK-MEDIA-001] ⚠️ (psycopg2.OperationalError) could not translate host name "myntreal-database.c5gywaicq6zu.ap-south-2.rds.amazonaws.com" to address: nodename nor servname provided, or not known

(Background on this error at: https://sqlalche.me/e/20/e3q8)
[DC-VGK-MEDIA-002] ⚠️ (psycopg2.OperationalError) could not translate host name "myntreal-database.c5gywaicq6zu.ap-south-2.rds.amazonaws.com" to address: nodename nor servname provided, or not known

(Background on this error at: https://sqlalche.me/e/20/e3q8)
[DC-MEDIA-BOOST-001] ⏭️  Already applied — skipping
[DC-MEDIA-BOOST-002] ⏭️  Already applied — skipping
[DC-DCR-SOLAR-COLS-001] ⏭️  Already applied — skipping
[DC-HUB-PRODUCTS-001] ⚠️ (psycopg2.OperationalError) could not translate host name "myntreal-database.c5gywaicq6zu.ap-south-2.rds.amazonaws.com" to address: nodename nor servname provided, or not known

(Background on this error at: https://sqlalche.me/e/20/e3q8)
[DC-ASSOC-PARTNERS-001] ⚠️ (psycopg2.OperationalError) could not translate host name "myntreal-database.c5gywaicq6zu.ap-south-2.rds.amazonaws.com" to address: nodename nor servname provided, or not known

(Background on this error at: https://sqlalche.me/e/20/e3q8)
[DC-ASSOC-PARTNERS-001] ⚠️ Seed failed (non-fatal): (psycopg2.OperationalError) could not translate host name "myntreal-database.c5gywaicq6zu.ap-south-2.rds.amazonaws.com" to address: nodename nor servname provided, or not known

(Background on this error at: https://sqlalche.me/e/20/e3q8)
[DC-PARTNER-GALLERY-001] ⚠️ (psycopg2.OperationalError) could not translate host name "myntreal-database.c5gywaicq6zu.ap-south-2.rds.amazonaws.com" to address: nodename nor servname provided, or not known

(Background on this error at: https://sqlalche.me/e/20/e3q8)
[DC-SOCIAL-001] ⚠️ (psycopg2.OperationalError) could not translate host name "myntreal-database.c5gywaicq6zu.ap-south-2.rds.amazonaws.com" to address: nodename nor servname provided, or not known

(Background on this error at: https://sqlalche.me/e/20/e3q8)
[DC-STATUSVIEW-001] ⚠️ (psycopg2.OperationalError) could not translate host name "myntreal-database.c5gywaicq6zu.ap-south-2.rds.amazonaws.com" to address: nodename nor servname provided, or not known

(Background on this error at: https://sqlalche.me/e/20/e3q8)
[DC-FBCAT-001] ⚠️ Could not seed Incentive category: (psycopg2.OperationalError) could not translate host name "myntreal-database.c5gywaicq6zu.ap-south-2.rds.amazonaws.com" to address: nodename nor servname provided, or not known

(Background on this error at: https://sqlalche.me/e/20/e3q8)
[DC-BONANZA-IMG-001] ⚠️ (psycopg2.OperationalError) could not translate host name "myntreal-database.c5gywaicq6zu.ap-south-2.rds.amazonaws.com" to address: nodename nor servname provided, or not known

(Background on this error at: https://sqlalche.me/e/20/e3q8)
[DC-SLAB-IMG-001] ⚠️ (psycopg2.OperationalError) could not translate host name "myntreal-database.c5gywaicq6zu.ap-south-2.rds.amazonaws.com" to address: nodename nor servname provided, or not known

(Background on this error at: https://sqlalche.me/e/20/e3q8)
[DC-BONANZA-PAY-FLOW-FIX-001] ⚠️ (psycopg2.OperationalError) could not translate host name "myntreal-database.c5gywaicq6zu.ap-south-2.rds.amazonaws.com" to address: nodename nor servname provided, or not known

(Background on this error at: https://sqlalche.me/e/20/e3q8)
[DC-BONANZA-PROCESSED-BY-FK-001] ⚠️ (psycopg2.OperationalError) could not translate host name "myntreal-database.c5gywaicq6zu.ap-south-2.rds.amazonaws.com" to address: nodename nor servname provided, or not known

(Background on this error at: https://sqlalche.me/e/20/e3q8)
[DC-BONANZA-POINTS-001] ⚠️ (psycopg2.OperationalError) could not translate host name "myntreal-database.c5gywaicq6zu.ap-south-2.rds.amazonaws.com" to address: nodename nor servname provided, or not known

(Background on this error at: https://sqlalche.me/e/20/e3q8)
[DC-SOLAR-VALUE-001] ⚠️ (psycopg2.OperationalError) could not translate host name "myntreal-database.c5gywaicq6zu.ap-south-2.rds.amazonaws.com" to address: nodename nor servname provided, or not known

(Background on this error at: https://sqlalche.me/e/20/e3q8)
[DC-SOLAR-INCOME-VALUE-001] ⚠️ (psycopg2.OperationalError) could not translate host name "myntreal-database.c5gywaicq6zu.ap-south-2.rds.amazonaws.com" to address: nodename nor servname provided, or not known

(Background on this error at: https://sqlalche.me/e/20/e3q8)
[DC-VGK-CASH-LEVEL-001] ⚠️ (non-fatal) (psycopg2.OperationalError) could not translate host name "myntreal-database.c5gywaicq6zu.ap-south-2.rds.amazonaws.com" to address: nodename nor servname provided, or not known

(Background on this error at: https://sqlalche.me/e/20/e3q8)
[DC-VGK-MENU-ACCOUNTS-001] ⚠️ (non-fatal) (psycopg2.OperationalError) could not translate host name "myntreal-database.c5gywaicq6zu.ap-south-2.rds.amazonaws.com" to address: nodename nor servname provided, or not known

(Background on this error at: https://sqlalche.me/e/20/e3q8)
[DC-INV-ACC-EDIT-001] ⚠️ (non-fatal) (psycopg2.OperationalError) could not translate host name "myntreal-database.c5gywaicq6zu.ap-south-2.rds.amazonaws.com" to address: nodename nor servname provided, or not known

(Background on this error at: https://sqlalche.me/e/20/e3q8)
[DC-SERVICE-INCHARGE-ROLE-001] ⚠️ (non-fatal) (psycopg2.OperationalError) could not translate host name "myntreal-database.c5gywaicq6zu.ap-south-2.rds.amazonaws.com" to address: nodename nor servname provided, or not known

(Background on this error at: https://sqlalche.me/e/20/e3q8)
[DC-SERVICE-INCHARGE-MENUS-001] ⚠️ (non-fatal) (psycopg2.OperationalError) could not translate host name "myntreal-database.c5gywaicq6zu.ap-south-2.rds.amazonaws.com" to address: nodename nor servname provided, or not known

(Background on this error at: https://sqlalche.me/e/20/e3q8)
[DC-PROC-DEDUP-001] ⚠️ (non-fatal) (psycopg2.OperationalError) could not translate host name "myntreal-database.c5gywaicq6zu.ap-south-2.rds.amazonaws.com" to address: nodename nor servname provided, or not known

(Background on this error at: https://sqlalche.me/e/20/e3q8)
[DC-VGK-INCOME-BHOOLAKSHMI-001] ⚠️ (non-fatal) (psycopg2.OperationalError) could not translate host name "myntreal-database.c5gywaicq6zu.ap-south-2.rds.amazonaws.com" to address: nodename nor servname provided, or not known

(Background on this error at: https://sqlalche.me/e/20/e3q8)
[DC-SALES-INCHARGE-ROLE-001] ⚠️ (non-fatal) (psycopg2.OperationalError) could not translate host name "myntreal-database.c5gywaicq6zu.ap-south-2.rds.amazonaws.com" to address: nodename nor servname provided, or not known

(Background on this error at: https://sqlalche.me/e/20/e3q8)
[DC-SALES-INCHARGE-ASSIGN-001] ⚠️ (non-fatal) (psycopg2.OperationalError) could not translate host name "myntreal-database.c5gywaicq6zu.ap-south-2.rds.amazonaws.com" to address: nodename nor servname provided, or not known

(Background on this error at: https://sqlalche.me/e/20/e3q8)
[DC-SALES-INCHARGE-MENUS-001] ⚠️ (non-fatal) (psycopg2.OperationalError) could not translate host name "myntreal-database.c5gywaicq6zu.ap-south-2.rds.amazonaws.com" to address: nodename nor servname provided, or not known

(Background on this error at: https://sqlalche.me/e/20/e3q8)
[DC-VGK-MEMBERS-SALES-001] ⚠️ (non-fatal) (psycopg2.OperationalError) could not translate host name "myntreal-database.c5gywaicq6zu.ap-south-2.rds.amazonaws.com" to address: nodename nor servname provided, or not known

(Background on this error at: https://sqlalche.me/e/20/e3q8)
[DC-PI-DATE-FIX-001] ⚠️ (non-fatal) (psycopg2.OperationalError) could not translate host name "myntreal-database.c5gywaicq6zu.ap-south-2.rds.amazonaws.com" to address: nodename nor servname provided, or not known

(Background on this error at: https://sqlalche.me/e/20/e3q8)
[DC-INV-DISPATCH-001] ⚠️ (non-fatal) (psycopg2.OperationalError) could not translate host name "myntreal-database.c5gywaicq6zu.ap-south-2.rds.amazonaws.com" to address: nodename nor servname provided, or not known

(Background on this error at: https://sqlalche.me/e/20/e3q8)
[DC-INV-DISPATCH-SEED-001] ⚠️ (non-fatal) (psycopg2.OperationalError) could not translate host name "myntreal-database.c5gywaicq6zu.ap-south-2.rds.amazonaws.com" to address: nodename nor servname provided, or not known

(Background on this error at: https://sqlalche.me/e/20/e3q8)
[DC-LEADCAT-SOLAR-MENU-001] ⚠️ (non-fatal) (psycopg2.OperationalError) could not translate host name "myntreal-database.c5gywaicq6zu.ap-south-2.rds.amazonaws.com" to address: nodename nor servname provided, or not known

(Background on this error at: https://sqlalche.me/e/20/e3q8)
[WA] phase-1 summary: 0 restored, 78 already present, 0 failed
[DC-STARTUP] ✅ Hub asset cloud sync complete
[DC-PARTNER-GST-001] ⚠️ (psycopg2.OperationalError) could not translate host name "myntreal-database.c5gywaicq6zu.ap-south-2.rds.amazonaws.com" to address: nodename nor servname provided, or not known

(Background on this error at: https://sqlalche.me/e/20/e3q8)
[DC-OP-SCHEMA-001] ⚠️ (psycopg2.OperationalError) could not translate host name "myntreal-database.c5gywaicq6zu.ap-south-2.rds.amazonaws.com" to address: nodename nor servname provided, or not known

(Background on this error at: https://sqlalche.me/e/20/e3q8)
ERROR:app.core.schema_bootstrap:[DC_ACCOUNTS_DEFAULT_ACCESS_001] ❌ Failed: (psycopg2.OperationalError) could not translate host name "myntreal-database.c5gywaicq6zu.ap-south-2.rds.amazonaws.com" to address: nodename nor servname provided, or not known

(Background on this error at: https://sqlalche.me/e/20/e3q8)
Traceback (most recent call last):
  File "/Library/Frameworks/Python.framework/Versions/3.13/lib/python3.13/site-packages/sqlalchemy/engine/base.py", line 143, in __init__
    self._dbapi_connection = engine.raw_connection()
                             ~~~~~~~~~~~~~~~~~~~~~^^
  File "/Library/Frameworks/Python.framework/Versions/3.13/lib/python3.13/site-packages/sqlalchemy/engine/base.py", line 3309, in raw_connection
    return self.pool.connect()
           ~~~~~~~~~~~~~~~~~^^
  File "/Library/Frameworks/Python.framework/Versions/3.13/lib/python3.13/site-packages/sqlalchemy/pool/base.py", line 447, in connect
    return _ConnectionFairy._checkout(self)
           ~~~~~~~~~~~~~~~~~~~~~~~~~~^^^^^^
  File "/Library/Frameworks/Python.framework/Versions/3.13/lib/python3.13/site-packages/sqlalchemy/pool/base.py", line 1264, in _checkout
    fairy = _ConnectionRecord.checkout(pool)
  File "/Library/Frameworks/Python.framework/Versions/3.13/lib/python3.13/site-packages/sqlalchemy/pool/base.py", line 716, in checkout
    with util.safe_reraise():
         ~~~~~~~~~~~~~~~~~^^
  File "/Library/Frameworks/Python.framework/Versions/3.13/lib/python3.13/site-packages/sqlalchemy/util/langhelpers.py", line 224, in __exit__
    raise exc_value.with_traceback(exc_tb)
  File "/Library/Frameworks/Python.framework/Versions/3.13/lib/python3.13/site-packages/sqlalchemy/pool/base.py", line 714, in checkout
    dbapi_connection = rec.get_connection()
  File "/Library/Frameworks/Python.framework/Versions/3.13/lib/python3.13/site-packages/sqlalchemy/pool/base.py", line 836, in get_connection
    self.__connect()
    ~~~~~~~~~~~~~~^^
  File "/Library/Frameworks/Python.framework/Versions/3.13/lib/python3.13/site-packages/sqlalchemy/pool/base.py", line 899, in __connect
    with util.safe_reraise():
         ~~~~~~~~~~~~~~~~~^^
  File "/Library/Frameworks/Python.framework/Versions/3.13/lib/python3.13/site-packages/sqlalchemy/util/langhelpers.py", line 224, in __exit__
    raise exc_value.with_traceback(exc_tb)
  File "/Library/Frameworks/Python.framework/Versions/3.13/lib/python3.13/site-packages/sqlalchemy/pool/base.py", line 895, in __connect
    self.dbapi_connection = connection = pool._invoke_creator(self)
                                         ~~~~~~~~~~~~~~~~~~~~^^^^^^
  File "/Library/Frameworks/Python.framework/Versions/3.13/lib/python3.13/site-packages/sqlalchemy/engine/create.py", line 661, in connect
    return dialect.connect(*cargs, **cparams)
           ~~~~~~~~~~~~~~~^^^^^^^^^^^^^^^^^^^
  File "/Library/Frameworks/Python.framework/Versions/3.13/lib/python3.13/site-packages/sqlalchemy/engine/default.py", line 630, in connect
    return self.loaded_dbapi.connect(*cargs, **cparams)  # type: ignore[no-any-return]  # NOQA: E501
           ~~~~~~~~~~~~~~~~~~~~~~~~~^^^^^^^^^^^^^^^^^^^
  File "/Library/Frameworks/Python.framework/Versions/3.13/lib/python3.13/site-packages/psycopg2/__init__.py", line 122, in connect
    conn = _connect(dsn, connection_factory=connection_factory, **kwasync)
psycopg2.OperationalError: could not translate host name "myntreal-database.c5gywaicq6zu.ap-south-2.rds.amazonaws.com" to address: nodename nor servname provided, or not known


The above exception was the direct cause of the following exception:

Traceback (most recent call last):
  File "/Users/viswanathkari/Documents/Mynt OS/MyntReal_Latest/backend/app/core/schema_bootstrap.py", line 1585, in bootstrap_accounts_default_access
    companies = db.execute(text(
                ~~~~~~~~~~^^^^^^
        "SELECT id FROM associated_companies WHERE is_active = TRUE"
        ^^^^^^^^^^^^^^^^^^^^^^^^^^^^^^^^^^^^^^^^^^^^^^^^^^^^^^^^^^^^
    )).fetchall()
    ^^
  File "/Library/Frameworks/Python.framework/Versions/3.13/lib/python3.13/site-packages/sqlalchemy/orm/session.py", line 2351, in execute
    return self._execute_internal(
           ~~~~~~~~~~~~~~~~~~~~~~^
        statement,
        ^^^^^^^^^^
    ...<4 lines>...
        _add_event=_add_event,
        ^^^^^^^^^^^^^^^^^^^^^^
    )
    ^
  File "/Library/Frameworks/Python.framework/Versions/3.13/lib/python3.13/site-packages/sqlalchemy/orm/session.py", line 2239, in _execute_internal
    conn = self._connection_for_bind(bind)
  File "/Library/Frameworks/Python.framework/Versions/3.13/lib/python3.13/site-packages/sqlalchemy/orm/session.py", line 2108, in _connection_for_bind
    return trans._connection_for_bind(engine, execution_options)
           ~~~~~~~~~~~~~~~~~~~~~~~~~~^^^^^^^^^^^^^^^^^^^^^^^^^^^
  File "<string>", line 2, in _connection_for_bind
  File "/Library/Frameworks/Python.framework/Versions/3.13/lib/python3.13/site-packages/sqlalchemy/orm/state_changes.py", line 137, in _go
    ret_value = fn(self, *arg, **kw)
  File "/Library/Frameworks/Python.framework/Versions/3.13/lib/python3.13/site-packages/sqlalchemy/orm/session.py", line 1187, in _connection_for_bind
    conn = bind.connect()
  File "/Library/Frameworks/Python.framework/Versions/3.13/lib/python3.13/site-packages/sqlalchemy/engine/base.py", line 3285, in connect
    return self._connection_cls(self)
           ~~~~~~~~~~~~~~~~~~~~^^^^^^
  File "/Library/Frameworks/Python.framework/Versions/3.13/lib/python3.13/site-packages/sqlalchemy/engine/base.py", line 145, in __init__
    Connection._handle_dbapi_exception_noconnection(
    ~~~~~~~~~~~~~~~~~~~~~~~~~~~~~~~~~~~~~~~~~~~~~~~^
        err, dialect, engine
        ^^^^^^^^^^^^^^^^^^^^
    )
    ^
  File "/Library/Frameworks/Python.framework/Versions/3.13/lib/python3.13/site-packages/sqlalchemy/engine/base.py", line 2448, in _handle_dbapi_exception_noconnection
    raise sqlalchemy_exception.with_traceback(exc_info[2]) from e
  File "/Library/Frameworks/Python.framework/Versions/3.13/lib/python3.13/site-packages/sqlalchemy/engine/base.py", line 143, in __init__
    self._dbapi_connection = engine.raw_connection()
                             ~~~~~~~~~~~~~~~~~~~~~^^
  File "/Library/Frameworks/Python.framework/Versions/3.13/lib/python3.13/site-packages/sqlalchemy/engine/base.py", line 3309, in raw_connection
    return self.pool.connect()
           ~~~~~~~~~~~~~~~~~^^
  File "/Library/Frameworks/Python.framework/Versions/3.13/lib/python3.13/site-packages/sqlalchemy/pool/base.py", line 447, in connect
    return _ConnectionFairy._checkout(self)
           ~~~~~~~~~~~~~~~~~~~~~~~~~~^^^^^^
  File "/Library/Frameworks/Python.framework/Versions/3.13/lib/python3.13/site-packages/sqlalchemy/pool/base.py", line 1264, in _checkout
    fairy = _ConnectionRecord.checkout(pool)
  File "/Library/Frameworks/Python.framework/Versions/3.13/lib/python3.13/site-packages/sqlalchemy/pool/base.py", line 716, in checkout
    with util.safe_reraise():
         ~~~~~~~~~~~~~~~~~^^
  File "/Library/Frameworks/Python.framework/Versions/3.13/lib/python3.13/site-packages/sqlalchemy/util/langhelpers.py", line 224, in __exit__
    raise exc_value.with_traceback(exc_tb)
  File "/Library/Frameworks/Python.framework/Versions/3.13/lib/python3.13/site-packages/sqlalchemy/pool/base.py", line 714, in checkout
    dbapi_connection = rec.get_connection()
  File "/Library/Frameworks/Python.framework/Versions/3.13/lib/python3.13/site-packages/sqlalchemy/pool/base.py", line 836, in get_connection
    self.__connect()
    ~~~~~~~~~~~~~~^^
  File "/Library/Frameworks/Python.framework/Versions/3.13/lib/python3.13/site-packages/sqlalchemy/pool/base.py", line 899, in __connect
    with util.safe_reraise():
         ~~~~~~~~~~~~~~~~~^^
  File "/Library/Frameworks/Python.framework/Versions/3.13/lib/python3.13/site-packages/sqlalchemy/util/langhelpers.py", line 224, in __exit__
    raise exc_value.with_traceback(exc_tb)
  File "/Library/Frameworks/Python.framework/Versions/3.13/lib/python3.13/site-packages/sqlalchemy/pool/base.py", line 895, in __connect
    self.dbapi_connection = connection = pool._invoke_creator(self)
                                         ~~~~~~~~~~~~~~~~~~~~^^^^^^
  File "/Library/Frameworks/Python.framework/Versions/3.13/lib/python3.13/site-packages/sqlalchemy/engine/create.py", line 661, in connect
    return dialect.connect(*cargs, **cparams)
           ~~~~~~~~~~~~~~~^^^^^^^^^^^^^^^^^^^
  File "/Library/Frameworks/Python.framework/Versions/3.13/lib/python3.13/site-packages/sqlalchemy/engine/default.py", line 630, in connect
    return self.loaded_dbapi.connect(*cargs, **cparams)  # type: ignore[no-any-return]  # NOQA: E501
           ~~~~~~~~~~~~~~~~~~~~~~~~~^^^^^^^^^^^^^^^^^^^
  File "/Library/Frameworks/Python.framework/Versions/3.13/lib/python3.13/site-packages/psycopg2/__init__.py", line 122, in connect
    conn = _connect(dsn, connection_factory=connection_factory, **kwasync)
sqlalchemy.exc.OperationalError: (psycopg2.OperationalError) could not translate host name "myntreal-database.c5gywaicq6zu.ap-south-2.rds.amazonaws.com" to address: nodename nor servname provided, or not known

(Background on this error at: https://sqlalche.me/e/20/e3q8)
[DC_CONSOLIDATED_CLEANUP_048] ⚠️ (psycopg2.OperationalError) could not translate host name "myntreal-database.c5gywaicq6zu.ap-south-2.rds.amazonaws.com" to address: nodename nor servname provided, or not known

(Background on this error at: https://sqlalche.me/e/20/e3q8)
[DC_CONSOLIDATED_001] ⚠️ (psycopg2.OperationalError) could not translate host name "myntreal-database.c5gywaicq6zu.ap-south-2.rds.amazonaws.com" to address: nodename nor servname provided, or not known

(Background on this error at: https://sqlalche.me/e/20/e3q8)
[DC_CATPICKER_001] ⚠️ (psycopg2.OperationalError) could not translate host name "myntreal-database.c5gywaicq6zu.ap-south-2.rds.amazonaws.com" to address: nodename nor servname provided, or not known

(Background on this error at: https://sqlalche.me/e/20/e3q8)
ERROR:app.services.sfms_seed:[DC_SFMS_SEED_001] book keeper seed failed: (psycopg2.OperationalError) could not translate host name "myntreal-database.c5gywaicq6zu.ap-south-2.rds.amazonaws.com" to address: nodename nor servname provided, or not known

(Background on this error at: https://sqlalche.me/e/20/e3q8)
ERROR:app.services.sfms_seed:[DC_SFMS_SEED_002] HSN seed failed: (psycopg2.OperationalError) could not translate host name "myntreal-database.c5gywaicq6zu.ap-south-2.rds.amazonaws.com" to address: nodename nor servname provided, or not known

(Background on this error at: https://sqlalche.me/e/20/e3q8)
ERROR:app.services.sfms_seed:[DC_SFMS_SEED_002] backfill loop failed: (psycopg2.OperationalError) could not translate host name "myntreal-database.c5gywaicq6zu.ap-south-2.rds.amazonaws.com" to address: nodename nor servname provided, or not known

(Background on this error at: https://sqlalche.me/e/20/e3q8)
[DC_SFMS_SEED_002] ✅ SFMS backfill: 0 companies, 0 new HSN codes, 3 errors
ERROR:app.services.sfms_seed:[DC-POST] Sales backfill loop failed: (psycopg2.OperationalError) could not translate host name "myntreal-database.c5gywaicq6zu.ap-south-2.rds.amazonaws.com" to address: nodename nor servname provided, or not known

(Background on this error at: https://sqlalche.me/e/20/e3q8)
ERROR:app.services.sfms_seed:[DC-POST] Purchase backfill loop failed: (psycopg2.OperationalError) could not translate host name "myntreal-database.c5gywaicq6zu.ap-south-2.rds.amazonaws.com" to address: nodename nor servname provided, or not known

(Background on this error at: https://sqlalche.me/e/20/e3q8)
[DC-POST] ✅ Account-ledger backfill: sales=0/0 purchases=0/0 errors=2
ERROR:app.services.sfms_seed:[DC-PL-BACKFILL-001] loop failed: (psycopg2.OperationalError) could not translate host name "myntreal-database.c5gywaicq6zu.ap-south-2.rds.amazonaws.com" to address: nodename nor servname provided, or not known

(Background on this error at: https://sqlalche.me/e/20/e3q8)
[DC-PL-BACKFILL-001] ✅ Purchase party-ledger backfill: posted=0/0 errors=1
[DC-DEDUP-FIX-001] ✅ Ledger dedup: 0 duplicate rows removed, 0 accounts rebalanced
ERROR:app.core.schema_bootstrap:[DC_WITHDRAW_001] ❌ Failed: (psycopg2.OperationalError) could not translate host name "myntreal-database.c5gywaicq6zu.ap-south-2.rds.amazonaws.com" to address: nodename nor servname provided, or not known

(Background on this error at: https://sqlalche.me/e/20/e3q8)
ERROR:app.core.schema_bootstrap:[DC_WITHDRAW_GUARD_001] ❌ Failed to create scheduler_log job guard index: (psycopg2.OperationalError) could not translate host name "myntreal-database.c5gywaicq6zu.ap-south-2.rds.amazonaws.com" to address: nodename nor servname provided, or not known

(Background on this error at: https://sqlalche.me/e/20/e3q8)
ERROR:app.core.schema_bootstrap:[DC_BONANZA_SLABWISE_001] ❌ Failed to add slab columns: (psycopg2.OperationalError) could not translate host name "myntreal-database.c5gywaicq6zu.ap-south-2.rds.amazonaws.com" to address: nodename nor servname provided, or not known

(Background on this error at: https://sqlalche.me/e/20/e3q8)
ERROR:app.core.schema_bootstrap:[DC_BONANZA_SLABWISE_AUTO_001] ❌ Failed to add slab advance columns: (psycopg2.OperationalError) could not translate host name "myntreal-database.c5gywaicq6zu.ap-south-2.rds.amazonaws.com" to address: nodename nor servname provided, or not known

(Background on this error at: https://sqlalche.me/e/20/e3q8)
WARNING:app.services.vgk_solar_advance:[VGK-SOLAR-ADV] check_and_create_advance failed for lead 7589: (psycopg2.OperationalError) could not translate host name "myntreal-database.c5gywaicq6zu.ap-south-2.rds.amazonaws.com" to address: nodename nor servname provided, or not known

(Background on this error at: https://sqlalche.me/e/20/e3q8)
[DC-FIX-2607-ADV-BACKFILL-001] ↩ Lead 7589: (psycopg2.OperationalError) could not translate host name "myntreal-database.c5gywaicq6zu.ap-south-2.rds.amazonaws.com" to address: nodename nor servname provided, or not known

(Background on this error at: https://sqlalche.me/e/20/e3q8)
WARNING:app.services.vgk_solar_advance:[VGK-SOLAR-ADV] check_and_create_advance failed for lead 7582: (psycopg2.OperationalError) could not translate host name "myntreal-database.c5gywaicq6zu.ap-south-2.rds.amazonaws.com" to address: nodename nor servname provided, or not known

(Background on this error at: https://sqlalche.me/e/20/e3q8)
[DC-FIX-2607-ADV-BACKFILL-001] ↩ Lead 7582: (psycopg2.OperationalError) could not translate host name "myntreal-database.c5gywaicq6zu.ap-south-2.rds.amazonaws.com" to address: nodename nor servname provided, or not known

(Background on this error at: https://sqlalche.me/e/20/e3q8)
WARNING:app.services.vgk_solar_advance:[VGK-SOLAR-ADV] check_and_create_advance failed for lead 7596: (psycopg2.OperationalError) could not translate host name "myntreal-database.c5gywaicq6zu.ap-south-2.rds.amazonaws.com" to address: nodename nor servname provided, or not known

(Background on this error at: https://sqlalche.me/e/20/e3q8)
[DC-FIX-2607-ADV-BACKFILL-001] ↩ Lead 7596: (psycopg2.OperationalError) could not translate host name "myntreal-database.c5gywaicq6zu.ap-south-2.rds.amazonaws.com" to address: nodename nor servname provided, or not known

(Background on this error at: https://sqlalche.me/e/20/e3q8)
WARNING:app.services.vgk_solar_advance:[VGK-SOLAR-ADV] check_and_create_advance failed for lead 7649: (psycopg2.OperationalError) could not translate host name "myntreal-database.c5gywaicq6zu.ap-south-2.rds.amazonaws.com" to address: nodename nor servname provided, or not known

(Background on this error at: https://sqlalche.me/e/20/e3q8)
[DC-FIX-2607-ADV-BACKFILL-001] ↩ Lead 7649: (psycopg2.OperationalError) could not translate host name "myntreal-database.c5gywaicq6zu.ap-south-2.rds.amazonaws.com" to address: nodename nor servname provided, or not known

(Background on this error at: https://sqlalche.me/e/20/e3q8)
WARNING:app.services.vgk_solar_advance:[VGK-SOLAR-ADV] check_and_create_advance failed for lead 7656: (psycopg2.OperationalError) could not translate host name "myntreal-database.c5gywaicq6zu.ap-south-2.rds.amazonaws.com" to address: nodename nor servname provided, or not known

(Background on this error at: https://sqlalche.me/e/20/e3q8)
[DC-FIX-2607-ADV-BACKFILL-001] ↩ Lead 7656: (psycopg2.OperationalError) could not translate host name "myntreal-database.c5gywaicq6zu.ap-south-2.rds.amazonaws.com" to address: nodename nor servname provided, or not known

(Background on this error at: https://sqlalche.me/e/20/e3q8)
WARNING:app.services.vgk_solar_advance:[VGK-SOLAR-ADV] check_and_create_advance failed for lead 7657: (psycopg2.OperationalError) could not translate host name "myntreal-database.c5gywaicq6zu.ap-south-2.rds.amazonaws.com" to address: nodename nor servname provided, or not known

(Background on this error at: https://sqlalche.me/e/20/e3q8)
[DC-FIX-2607-ADV-BACKFILL-001] ↩ Lead 7657: (psycopg2.OperationalError) could not translate host name "myntreal-database.c5gywaicq6zu.ap-south-2.rds.amazonaws.com" to address: nodename nor servname provided, or not known

(Background on this error at: https://sqlalche.me/e/20/e3q8)
WARNING:app.services.vgk_solar_advance:[VGK-SOLAR-ADV] check_and_create_advance failed for lead 7658: (psycopg2.OperationalError) could not translate host name "myntreal-database.c5gywaicq6zu.ap-south-2.rds.amazonaws.com" to address: nodename nor servname provided, or not known

(Background on this error at: https://sqlalche.me/e/20/e3q8)
[DC-FIX-2607-ADV-BACKFILL-001] ↩ Lead 7658: (psycopg2.OperationalError) could not translate host name "myntreal-database.c5gywaicq6zu.ap-south-2.rds.amazonaws.com" to address: nodename nor servname provided, or not known

(Background on this error at: https://sqlalche.me/e/20/e3q8)
WARNING:app.services.vgk_solar_advance:[VGK-SOLAR-ADV] check_and_create_advance failed for lead 7703: (psycopg2.OperationalError) could not translate host name "myntreal-database.c5gywaicq6zu.ap-south-2.rds.amazonaws.com" to address: nodename nor servname provided, or not known

(Background on this error at: https://sqlalche.me/e/20/e3q8)
[DC-FIX-2607-ADV-BACKFILL-001] ↩ Lead 7703: (psycopg2.OperationalError) could not translate host name "myntreal-database.c5gywaicq6zu.ap-south-2.rds.amazonaws.com" to address: nodename nor servname provided, or not known

(Background on this error at: https://sqlalche.me/e/20/e3q8)
[DC-FIX-2607-ADV-BACKFILL-001] done: 0 created, 8 skipped, 0 errors
[DC-FIX-2605-ADV-RETRY] ⚠️ outer: (psycopg2.OperationalError) could not translate host name "myntreal-database.c5gywaicq6zu.ap-south-2.rds.amazonaws.com" to address: nodename nor servname provided, or not known

(Background on this error at: https://sqlalche.me/e/20/e3q8)
[DC-SLAB-BONUS-RETRO-2605-001] ✅ Already applied (v2) — skip
[DC-SLAB-CANCEL-WRONG-001] ✅ Already applied — skip
[DC-SLAB-L1-GUARD-CANCEL-001] ✅ Already applied — skip
[DC-SLAB-DATE-FIX-001] ✅ Already applied — skip
[DC-FIRST-PMT-IE-BACKFILL-001] ✅ Already applied — skip
[DC-VCI-LVL-FIX-001] ✅ Already applied — skip
[DC-DVR-ADV-BACKFILL-001] ✅ Already applied — skip
[DC-DVR-VCI-MIRROR-BACKFILL-002] ✅ Already applied — skip
[DC-DVR-LEVEL5-FIX-001] ✅ Already applied — skip
[DC-DVR-L1-VCI-BACKFILL-001] ✅ Already applied — skip
[DC-SLAB-VCI-SEPARATE-KIND-001] ✅ Already applied — skipping
[DC-SLAB-FIXES-20260705-V1] ✅ Already applied — skipping
[DC-POINTS-REASON-EXPAND-001] ⚠️ (psycopg2.OperationalError) could not translate host name "myntreal-database.c5gywaicq6zu.ap-south-2.rds.amazonaws.com" to address: nodename nor servname provided, or not known

(Background on this error at: https://sqlalche.me/e/20/e3q8)
[DC_VGK_BACKFILL_EXCESS_CLEANUP] Already applied — skipped
[DC_VGK_RETRO_DEDUP_CLEANUP] Already applied — skipped
[DC-POINTS-DEDUCT-RETRO-2605-001] ⚠️ outer: (psycopg2.OperationalError) could not translate host name "myntreal-database.c5gywaicq6zu.ap-south-2.rds.amazonaws.com" to address: nodename nor servname provided, or not known

(Background on this error at: https://sqlalche.me/e/20/e3q8)
[DC-ADVANCE-PAYOUT-RETRO-2605-001] ⚠️ outer: (psycopg2.OperationalError) could not translate host name "myntreal-database.c5gywaicq6zu.ap-south-2.rds.amazonaws.com" to address: nodename nor servname provided, or not known

(Background on this error at: https://sqlalche.me/e/20/e3q8)
[DC-VGK-RETRO-PTS-REVERSE-20260626] ⚠️ outer: (psycopg2.OperationalError) could not translate host name "myntreal-database.c5gywaicq6zu.ap-south-2.rds.amazonaws.com" to address: nodename nor servname provided, or not known

(Background on this error at: https://sqlalche.me/e/20/e3q8)
[DC-VGK-PTS-CREDIT-PURGE-20260626] ⚠️ outer: (psycopg2.OperationalError) could not translate host name "myntreal-database.c5gywaicq6zu.ap-south-2.rds.amazonaws.com" to address: nodename nor servname provided, or not known

(Background on this error at: https://sqlalche.me/e/20/e3q8)
[DC_VGK_PAID_VCI_BACKFILL] Already applied — skipped
[DC-VGK-BACKFILL-PURGE-20260626] ✅ Already applied — skipped
[DC-PTS-CORRECT-2605-001] ⚠️ outer: (psycopg2.OperationalError) could not translate host name "myntreal-database.c5gywaicq6zu.ap-south-2.rds.amazonaws.com" to address: nodename nor servname provided, or not known

(Background on this error at: https://sqlalche.me/e/20/e3q8)
[DC-BONANZA-BAL-CORRECT-001] ⚠️ (psycopg2.OperationalError) could not translate host name "myntreal-database.c5gywaicq6zu.ap-south-2.rds.amazonaws.com" to address: nodename nor servname provided, or not known

(Background on this error at: https://sqlalche.me/e/20/e3q8)
[DC-MANUAL-ADJ-WALLET-GROSS-RESET-001] ⚠️ (psycopg2.OperationalError) could not translate host name "myntreal-database.c5gywaicq6zu.ap-south-2.rds.amazonaws.com" to address: nodename nor servname provided, or not known

(Background on this error at: https://sqlalche.me/e/20/e3q8)
[DC-MANUAL-ADJ-WALLET-001] ⚠️ (psycopg2.OperationalError) could not translate host name "myntreal-database.c5gywaicq6zu.ap-south-2.rds.amazonaws.com" to address: nodename nor servname provided, or not known

(Background on this error at: https://sqlalche.me/e/20/e3q8)
[DC-SHOWROOM-SCHEMA-001] ⚠️ (psycopg2.OperationalError) could not translate host name "myntreal-database.c5gywaicq6zu.ap-south-2.rds.amazonaws.com" to address: nodename nor servname provided, or not known

(Background on this error at: https://sqlalche.me/e/20/e3q8)
[DC-WALLET-FIX-P122-001] ⚠️ (psycopg2.OperationalError) could not translate host name "myntreal-database.c5gywaicq6zu.ap-south-2.rds.amazonaws.com" to address: nodename nor servname provided, or not known

(Background on this error at: https://sqlalche.me/e/20/e3q8)
[DC-VGK-CI-BACKFILL-249-001] ⚠️ outer: (psycopg2.OperationalError) could not translate host name "myntreal-database.c5gywaicq6zu.ap-south-2.rds.amazonaws.com" to address: nodename nor servname provided, or not known

(Background on this error at: https://sqlalche.me/e/20/e3q8)
[DC-VGK-FLOW-BACKFILL-DRAFT-001] ⚠️ outer: (psycopg2.OperationalError) could not translate host name "myntreal-database.c5gywaicq6zu.ap-south-2.rds.amazonaws.com" to address: nodename nor servname provided, or not known

(Background on this error at: https://sqlalche.me/e/20/e3q8)
[DC-BACKFILL-SLAB-001] ⚠️ outer: (psycopg2.OperationalError) could not translate host name "myntreal-database.c5gywaicq6zu.ap-south-2.rds.amazonaws.com" to address: nodename nor servname provided, or not known

(Background on this error at: https://sqlalche.me/e/20/e3q8)
[DC-STARTUP] ⚠️ invoice_narration_log migration (non-fatal): (psycopg2.OperationalError) could not translate host name "myntreal-database.c5gywaicq6zu.ap-south-2.rds.amazonaws.com" to address: nodename nor servname provided, or not known

(Background on this error at: https://sqlalche.me/e/20/e3q8)
[DC_EXPENSE_BANK_CAT_001] ⚠️ (psycopg2.OperationalError) could not translate host name "myntreal-database.c5gywaicq6zu.ap-south-2.rds.amazonaws.com" to address: nodename nor servname provided, or not known

(Background on this error at: https://sqlalche.me/e/20/e3q8)
[DC_INCOME_CAT_001] ⚠️ (psycopg2.OperationalError) could not translate host name "myntreal-database.c5gywaicq6zu.ap-south-2.rds.amazonaws.com" to address: nodename nor servname provided, or not known

(Background on this error at: https://sqlalche.me/e/20/e3q8)
[DC_MNR_LEADS_MENU_001] ⚠️ (psycopg2.OperationalError) could not translate host name "myntreal-database.c5gywaicq6zu.ap-south-2.rds.amazonaws.com" to address: nodename nor servname provided, or not known

(Background on this error at: https://sqlalche.me/e/20/e3q8)
[DC_JV_COMPANY_UNIQUE_001] ⚠️ (psycopg2.OperationalError) could not translate host name "myntreal-database.c5gywaicq6zu.ap-south-2.rds.amazonaws.com" to address: nodename nor servname provided, or not known

(Background on this error at: https://sqlalche.me/e/20/e3q8)
[DC-INCOME-UPDATED-BY-001] ⚠️ (psycopg2.OperationalError) could not translate host name "myntreal-database.c5gywaicq6zu.ap-south-2.rds.amazonaws.com" to address: nodename nor servname provided, or not known

(Background on this error at: https://sqlalche.me/e/20/e3q8)
[DC-VGK-CASH-INCOME-DATE-001] ⚠️ (psycopg2.OperationalError) could not translate host name "myntreal-database.c5gywaicq6zu.ap-south-2.rds.amazonaws.com" to address: nodename nor servname provided, or not known

(Background on this error at: https://sqlalche.me/e/20/e3q8)
[DC-L2-VSCC-DEDUP-001] ⚠️ (psycopg2.OperationalError) could not translate host name "myntreal-database.c5gywaicq6zu.ap-south-2.rds.amazonaws.com" to address: nodename nor servname provided, or not known

(Background on this error at: https://sqlalche.me/e/20/e3q8)
[DC-SOLAR-COMM-BACKFILL-001] ✅ already applied (skipped)
[DC-SOLAR-VENDOR-LEDGER-001] ⚠️ (psycopg2.OperationalError) could not translate host name "myntreal-database.c5gywaicq6zu.ap-south-2.rds.amazonaws.com" to address: nodename nor servname provided, or not known

(Background on this error at: https://sqlalche.me/e/20/e3q8)
[DC-SVL-BACKFILL-001] ⚠️ (psycopg2.OperationalError) could not translate host name "myntreal-database.c5gywaicq6zu.ap-south-2.rds.amazonaws.com" to address: nodename nor servname provided, or not known

(Background on this error at: https://sqlalche.me/e/20/e3q8)
[DC-DVR-DEDUP-001] ✅ already applied (skipped)
[DC-SOURCE-STATUS-001] ⏭️ already applied
[DC_IGST_BACKFILL_001] ⏭️ already applied
[DC_TRAINING_VIDEOS_001] ⚠️  (psycopg2.OperationalError) could not translate host name "myntreal-database.c5gywaicq6zu.ap-south-2.rds.amazonaws.com" to address: nodename nor servname provided, or not known

(Background on this error at: https://sqlalche.me/e/20/e3q8)
[DC_TRAINING_GATE_5DAY_001] ⚠️ (non-fatal) (psycopg2.OperationalError) could not translate host name "myntreal-database.c5gywaicq6zu.ap-south-2.rds.amazonaws.com" to address: nodename nor servname provided, or not known

(Background on this error at: https://sqlalche.me/e/20/e3q8)
[DC-JV-PARTY-BOTH-BF] ⏭️  Already applied — skipping
[DC-JV-FIX-004] ⏭️  Already applied — skipping
[DC-JV-HARD-DELETE-CLEANUP] ⏭️  Already applied — skipping
[DC-PL-STAFF-BACKFILL] ⏭️  Already applied — skipping
[DC-PL-REATTRIB-001] ⚠️ Migration (non-fatal): (psycopg2.OperationalError) could not translate host name "myntreal-database.c5gywaicq6zu.ap-south-2.rds.amazonaws.com" to address: nodename nor servname provided, or not known

(Background on this error at: https://sqlalche.me/e/20/e3q8)
[DC-PL-SURYANSH-DEDUP-001] ⚠️ Migration (non-fatal): (psycopg2.OperationalError) could not translate host name "myntreal-database.c5gywaicq6zu.ap-south-2.rds.amazonaws.com" to address: nodename nor servname provided, or not known

(Background on this error at: https://sqlalche.me/e/20/e3q8)
[DC-STAFF-CATEG-001] ⚠️ Migration (non-fatal): (psycopg2.OperationalError) could not translate host name "myntreal-database.c5gywaicq6zu.ap-south-2.rds.amazonaws.com" to address: nodename nor servname provided, or not known

(Background on this error at: https://sqlalche.me/e/20/e3q8)
[DC-STAFF-CATEG-002] ⚠️ Migration (non-fatal): (psycopg2.OperationalError) could not translate host name "myntreal-database.c5gywaicq6zu.ap-south-2.rds.amazonaws.com" to address: nodename nor servname provided, or not known

(Background on this error at: https://sqlalche.me/e/20/e3q8)
[DC-VNUM-001] ⚠️ Migration (non-fatal): (psycopg2.OperationalError) could not translate host name "myntreal-database.c5gywaicq6zu.ap-south-2.rds.amazonaws.com" to address: nodename nor servname provided, or not known

(Background on this error at: https://sqlalche.me/e/20/e3q8)
[DC-COMPLETE-DATE-001] ⚠️ Migration (non-fatal): (psycopg2.OperationalError) could not translate host name "myntreal-database.c5gywaicq6zu.ap-south-2.rds.amazonaws.com" to address: nodename nor servname provided, or not known

(Background on this error at: https://sqlalche.me/e/20/e3q8)
[DC-SUBMIT-DATE-001] ⚠️ Migration (non-fatal): (psycopg2.OperationalError) could not translate host name "myntreal-database.c5gywaicq6zu.ap-south-2.rds.amazonaws.com" to address: nodename nor servname provided, or not known

(Background on this error at: https://sqlalche.me/e/20/e3q8)
[DC-MANTHRA-SEED-001] ⚠️ Seed (non-fatal): (psycopg2.OperationalError) could not translate host name "myntreal-database.c5gywaicq6zu.ap-south-2.rds.amazonaws.com" to address: nodename nor servname provided, or not known

(Background on this error at: https://sqlalche.me/e/20/e3q8)
[DC-MNR-VGK-SOURCE-BACKFILL-001] ⏭️  Already applied — skipping
[DC-TXN-DEAL-SYNC-001] ⏭️  Backfill already applied — skipping
[DC-PHONE-LEN-001] ⏭️  already applied
[DC-COMM-DVR-001] ⏭️  already applied
[DC-DEAL-PER-DEAL-RECV-BACKFILL-001] ⏭️  Already applied — skip
WARNING:root:[DC-MENU-SEED] Bank wise leads menu seed failed (non-fatal): (psycopg2.OperationalError) could not translate host name "myntreal-database.c5gywaicq6zu.ap-south-2.rds.amazonaws.com" to address: nodename nor servname provided, or not known

(Background on this error at: https://sqlalche.me/e/20/e3q8)
[DC-STARTUP] ✅ All background startup tasks complete
WARNING:root:[DC-MARKET-SYNC] Startup auto-sync error: (psycopg2.OperationalError) connection to server at "myntreal-database.c5gywaicq6zu.ap-south-2.rds.amazonaws.com" (16.112.74.247), port 5432 failed: Connection refused
	Is the server running on that host and accepting TCP/IP connections?

(Background on this error at: https://sqlalche.me/e/20/e3q8)
WARNING:app.services.whatsapp_auto_service:[WA-AUTO] Skipping invalid/placeholder phone: 9999999904
WARNING:app.services.whatsapp_auto_service:[WA-AUTO] Skipping invalid/placeholder phone: 9000000000
INFO:     127.0.0.1:50674 - "POST /api/v1/staff/auth/login HTTP/1.1" 200 OK
INFO:     127.0.0.1:50684 - "POST /api/v1/staff/auth/login HTTP/1.1" 200 OK
INFO:     127.0.0.1:50680 - "GET /api/v1/feedback/public/announcements?limit=10 HTTP/1.1" 200 OK
INFO:     127.0.0.1:50687 - "GET /api/v1/staff/auth/me HTTP/1.1" 200 OK
INFO:     127.0.0.1:50687 - "GET /api/v1/auth/me HTTP/1.1" 401 Unauthorized
INFO:     127.0.0.1:50680 - "GET /api/v1/staff/menu-settings/registry?audience=staff&include_sections=true HTTP/1.1" 200 OK
INFO:     127.0.0.1:50680 - "GET /api/v1/community-services/public/active-headers HTTP/1.1" 200 OK
INFO:     127.0.0.1:50693 - "GET /api/v1/community-services/public/active-headers HTTP/1.1" 200 OK
INFO:     127.0.0.1:50694 - "GET /api/v1/staff/auth/me HTTP/1.1" 200 OK
INFO:     127.0.0.1:50694 - "GET /api/v1/staff/day-plans/day-progress?plan_date=2026-08-26 HTTP/1.1" 200 OK
INFO:     127.0.0.1:50703 - "GET /api/v1/staff/progress/ranking?date_from=2026-08-01&date_to=2026-08-26 HTTP/1.1" 200 OK
INFO:     127.0.0.1:50694 - "GET /api/v1/staff/progress/team-daily-compliance?date_from=2026-08-13&date_to=2026-08-26 HTTP/1.1" 200 OK
INFO:     127.0.0.1:50711 - "GET /api/v1/feedback/public/announcements?limit=10 HTTP/1.1" 200 OK
WARNING:app.services.vgk4u_community_alert_service:VGK4U Group Bot API response from http://127.0.0.1:5002/api/send-group-message: 503 - {"success":false,"error":"WhatsApp bot not connected. Scan QR code at http://localhost:5002/qr","status":"qr_ready"}
WARNING:app.services.vgk4u_community_alert_service:VGK4U Group Bot API response from http://127.0.0.1:5002/api/send-group-message: 503 - {"success":false,"error":"WhatsApp bot not connected. Scan QR code at http://localhost:5002/qr","status":"qr_ready"}
WARNING:app.services.vgk4u_community_alert_service:VGK4U Group Bot API response from http://127.0.0.1:5002/api/send-group-message: 503 - {"success":false,"error":"WhatsApp bot not connected. Scan QR code at http://localhost:5002/qr","status":"qr_ready"}
INFO:     Shutting down
INFO:     Waiting for application shutdown.
